query,COG_category,GOs,KEGG_ko,EC,KEGG_Pathway
group_1416,-,-,-,-,-
frdB,"Fer2_3,Fer4_10,Fer4_8",C,sdhB,succinate dehydrogenase,"GO:0005575,GO:0005623,GO:0005886,GO:0006091,GO:0008150,GO:0008152,GO:0009060,GO:0009987,GO:0015980,GO:0016020,GO:0022900,GO:0022904,GO:0044237,GO:0044464,GO:0045333,GO:0055114,GO:0071944"
sdhA_1~~~sdhA_2~~~sdhA_3,"FAD_binding_2,Succ_DH_flav_C",C,sdhA,succinate dehydrogenase,"GO:0003674,GO:0003824,GO:0006091,GO:0008150,GO:0008152,GO:0009055,GO:0009061,GO:0009987,GO:0015980,GO:0016491,GO:0022900,GO:0044237,GO:0045333,GO:0055114"
sdhC,Sdh_cyt,C,sdhC,succinate dehydrogenase,-
uvrC,"GIY-YIG,HHH_2,HHH_5,UVR,UvrC_HhH_N",L,uvrC,The UvrABC repair system catalyzes the recognition and processing of DNA lesions. UvrC both incises the 5' and 3' sides of the lesion. The N-terminal half is responsible for the 3' incision and the C-terminal half is responsible for the 5' incision,"GO:0005575,GO:0005622,GO:0005623,GO:0006950,GO:0006974,GO:0008150,GO:0009380,GO:0009987,GO:0032991,GO:0033554,GO:0044424,GO:0044464,GO:0050896,GO:0051716,GO:1902494,GO:1905347,GO:1905348,GO:1990391"
trxA,Thioredoxin,O,trxA,Component of the thioredoxin-thioredoxin reductase system. Participates in various redox reactions through the reversible oxidation of its active center dithiol to a disulfide and catalyzes dithiol-disulfide exchange reactions (By similarity),"GO:0003674,GO:0003824,GO:0004791,GO:0005575,GO:0005622,GO:0005623,GO:0005737,GO:0005829,GO:0006950,GO:0006979,GO:0008150,GO:0008152,GO:0009636,GO:0009987,GO:0015035,GO:0015036,GO:0016209,GO:0016491,GO:0016651,GO:0016667,GO:0016668,GO:0016671,GO:0019725,GO:0033554,GO:0034599,GO:0042221,GO:0042592,GO:0044424,GO:0044444,GO:0044464,GO:0045454,GO:0047134,GO:0050789,GO:0050794,GO:0050896,GO:0051716,GO:0055114,GO:0065007,GO:0065008,GO:0070887,GO:0097237,GO:0098754,GO:0098869,GO:1990748"
mutS2~~~mutS2_1~~~mutS2_2,"MutS_V,Smr",L,mutS2,Endonuclease that is involved in the suppression of homologous recombination and may therefore have a key role in the control of bacterial genetic diversity,"GO:0003674,GO:0003676,GO:0003677,GO:0003684,GO:0003690,GO:0003824,GO:0005488,GO:0005575,GO:0005622,GO:0005623,GO:0006139,GO:0006259,GO:0006281,GO:0006298,GO:0006725,GO:0006807,GO:0006950,GO:0006974,GO:0008094,GO:0008150,GO:0008152,GO:0009987,GO:0016462,GO:0016787,GO:0016817,GO:0016818,GO:0016887,GO:0017111,GO:0030983,GO:0032300,GO:0032991,GO:0033554,GO:0034641,GO:0042623,GO:0043170,GO:0044237,GO:0044238,GO:0044260,GO:0044424,GO:0044464,GO:0046483,GO:0050896,GO:0051716,GO:0071704,GO:0090304,GO:0097159,GO:1901360,GO:1901363,GO:1990391"
polX_2~~~polX_1~~~polX,"DNA_pol_B_palm,DNA_pol_B_thumb,HHH_5,HHH_8,PHP",L,polX,DNA polymerase,-
group_2081,Colicin_V,S,yshB,Colicin V production protein,-
pheT_2~~~pheT_1,"B3_4,B5,FDX-ACB,tRNA_bind",J,pheT,Belongs to the phenylalanyl-tRNA synthetase beta subunit family. Type 1 subfamily,"GO:0005575,GO:0005622,GO:0005623,GO:0005737,GO:0006082,GO:0006139,GO:0006399,GO:0006412,GO:0006418,GO:0006432,GO:0006518,GO:0006520,GO:0006725,GO:0006807,GO:0008150,GO:0008152,GO:0009058,GO:0009059,GO:0009328,GO:0009987,GO:0010467,GO:0016070,GO:0019538,GO:0019752,GO:0032991,GO:0034641,GO:0034645,GO:0034660,GO:0043038,GO:0043039,GO:0043043,GO:0043170,GO:0043436,GO:0043603,GO:0043604,GO:0044237,GO:0044238,GO:0044249,GO:0044260,GO:0044267,GO:0044271,GO:0044281,GO:0044424,GO:0044444,GO:0044464,GO:0046483,GO:0071704,GO:0090304,GO:1901360,GO:1901564,GO:1901566,GO:1901576,GO:1902494"
pheS,"Phe_tRNA-synt_N,tRNA-synt_2d",J,pheS,Belongs to the class-II aminoacyl-tRNA synthetase family. Phe-tRNA synthetase alpha subunit type 1 subfamily,"GO:0003674,GO:0003824,GO:0004812,GO:0004826,GO:0005575,GO:0005622,GO:0005623,GO:0005737,GO:0006082,GO:0006139,GO:0006399,GO:0006412,GO:0006418,GO:0006432,GO:0006518,GO:0006520,GO:0006725,GO:0006807,GO:0008150,GO:0008152,GO:0009058,GO:0009059,GO:0009987,GO:0010467,GO:0016070,GO:0016874,GO:0016875,GO:0019538,GO:0019752,GO:0034641,GO:0034645,GO:0034660,GO:0043038,GO:0043039,GO:0043043,GO:0043170,GO:0043436,GO:0043603,GO:0043604,GO:0044237,GO:0044238,GO:0044249,GO:0044260,GO:0044267,GO:0044271,GO:0044281,GO:0044424,GO:0044464,GO:0046483,GO:0071704,GO:0090304,GO:0140098,GO:0140101,GO:1901360,GO:1901564,GO:1901566,GO:1901576"
isdE,Peripla_BP_2,P,isdE,Periplasmic binding protein,-
isdC,NEAT,M,isdC,Iron Transport-associated domain,-
coaD,CTP_transf_like,F,coaD,"Reversibly transfers an adenylyl group from ATP to 4'- phosphopantetheine, yielding dephospho-CoA (dPCoA) and pyrophosphate","GO:0003674,GO:0003824,GO:0004595,GO:0006082,GO:0006575,GO:0006732,GO:0006766,GO:0006767,GO:0006807,GO:0008150,GO:0008152,GO:0009058,GO:0009108,GO:0009110,GO:0009987,GO:0015939,GO:0015940,GO:0016053,GO:0016740,GO:0016772,GO:0016779,GO:0019752,GO:0032787,GO:0034641,GO:0042364,GO:0042398,GO:0043436,GO:0043603,GO:0043604,GO:0044237,GO:0044249,GO:0044271,GO:0044281,GO:0044283,GO:0046394,GO:0051186,GO:0051188,GO:0070566,GO:0071704,GO:0072330,GO:1901564,GO:1901566,GO:1901576"
rsmD,Cons_hypoth95,L,rsmD,Conserved hypothetical protein 95,-
ylbF,Com_YlbF,S,ylbF,Belongs to the UPF0342 family,-
group_1414,DUF420,S,-,Protein of unknown function (DUF420),-
ctaB2,UbiA,O,ctaB,Converts heme B (protoheme IX) to heme O by substitution of the vinyl group on carbon 2 of heme B porphyrin ring with a hydroxyethyl farnesyl side group,"GO:0003674,GO:0003824,GO:0004311,GO:0004659,GO:0005575,GO:0005623,GO:0005886,GO:0006091,GO:0006725,GO:0006778,GO:0006779,GO:0006783,GO:0006807,GO:0008150,GO:0008152,GO:0009058,GO:0009987,GO:0015980,GO:0016020,GO:0016740,GO:0016765,GO:0018130,GO:0019438,GO:0033013,GO:0033014,GO:0034641,GO:0042168,GO:0042440,GO:0044237,GO:0044249,GO:0044271,GO:0044464,GO:0045333,GO:0046148,GO:0046483,GO:0051186,GO:0051188,GO:0055114,GO:0071704,GO:0071944,GO:1901360,GO:1901362,GO:1901564,GO:1901566,GO:1901576"
ctaA,COX15-CtaA,O,ctaA,Catalyzes the oxidation of the C8 methyl side group on heme O porphyrin ring into a formyl group,"GO:0000003,GO:0003674,GO:0003824,GO:0008150,GO:0009987,GO:0016043,GO:0017004,GO:0019954,GO:0022607,GO:0030436,GO:0032502,GO:0034622,GO:0043933,GO:0043934,GO:0044085,GO:0065003,GO:0071840"
pycA,"Biotin_carb_C,Biotin_carb_N,Biotin_lipoyl,CPSase_L_D2,HMGL-like,PYC_OADA",C,pyc,"Catalyzes a 2-step reaction, involving the ATP-dependent carboxylation of the covalently attached biotin in the first step and the transfer of the carboxyl group to pyruvate in the second",-
ftsW~~~ftsW_1~~~ftsW_2,FTSW_RODA_SPOVE,D,ftsW,Belongs to the SEDS family,-
group_1413,DUF1507,S,ylaN,Belongs to the UPF0358 family,-
group_1412,-,S,ylaL,"Part of the MsrPQ system that repairs oxidized periplasmic proteins containing methionine sulfoxide residues (Met-O), using respiratory chain electrons. Thus protects these proteins from oxidative-stress damage caused by reactive species of oxygen and chlorine generated by the host defense mechanisms. MsrPQ is essential for the maintenance of envelope integrity under bleach stress, rescuing a wide series of structurally unrelated periplasmic proteins from methionine oxidation. The catalytic subunit MsrP is non-stereospecific, being able to reduce both (R-) and (S-) diastereoisomers of methionine sulfoxide",-
bipA~~~bipA_2~~~bipA_1,"EFG_C,EFG_II,GTP_EFTU,GTP_EFTU_D2",T,typA,GTP-binding protein TypA,-
group_1411,DUF5325,S,-,Family of unknown function (DUF5325),-
suhB_1~~~suhB_2,Inositol_P,G,suhB,Inositol monophosphatase,-
group_1410,DUF1054,S,yktB,Belongs to the UPF0637 family,-
mntH_1~~~mntH_2~~~mntH_3~~~mntH,Nramp,P,mntH,"H( )-stimulated, divalent metal cation uptake system",-
group_1408,DUF4064,S,-,Protein of unknown function (DUF4064),-
potD,SBP_bac_8,E,potD,Spermidine putrescine-binding periplasmic protein,-
potB~~~potH,BPD_transp_1,P,potB,"ABC-type spermidine putrescine transport system, permease component I",-
potA~~~potA_2~~~potA_1,"ABC_tran,TOBE_2",P,potA,Part of the ABC transporter complex PotABCD involved in spermidine putrescine import. Responsible for energy coupling to the transport system,-
group_1406,UPF0223,S,yktA,Belongs to the UPF0223 family,-
pdhD,"Pyr_redox_2,Pyr_redox_dim",C,pdhD,"COG1249 Pyruvate 2-oxoglutarate dehydrogenase complex, dihydrolipoamide dehydrogenase (E3) component, and related enzymes",-
pdhC_1~~~pdhC_2,"2-oxoacid_dh,Biotin_lipoyl,E3_binding",C,pdhC,acetyltransferase component of pyruvate dehydrogenase complex,-
pdhB,"Transket_pyr,Transketolase_C",C,pdhB,"COG0022 Pyruvate 2-oxoglutarate dehydrogenase complex, dehydrogenase (E1) component, eukaryotic type, beta subunit",-
pdhA,E1_dh,C,pdhA,Dehydrogenase E1 component,-
def,Pep_deformylase,J,def,Removes the formyl group from the N-terminal Met of newly synthesized proteins. Requires at least a dipeptide for an efficient rate of reaction. N-terminal L-methionine is a prerequisite for activity but the enzyme has broad specificity at other positions,"GO:0003674,GO:0003824,GO:0006464,GO:0006807,GO:0008150,GO:0008152,GO:0009987,GO:0016787,GO:0016810,GO:0016811,GO:0018193,GO:0018206,GO:0019538,GO:0031365,GO:0036211,GO:0042586,GO:0043170,GO:0043412,GO:0043686,GO:0044237,GO:0044238,GO:0044260,GO:0044267,GO:0071704,GO:1901564"
rpoY,DUF1447,S,-,Belongs to the UPF0356 family,-
rnj1,"Lactamase_B,RMMBL",J,rnjA,An RNase that has 5'-3' exonuclease and possibly endonuclease activity. Involved in maturation of rRNA and in some organisms also mRNA maturation and or decay,"GO:0003674,GO:0003824,GO:0004518,GO:0004519,GO:0004521,GO:0004527,GO:0004532,GO:0004534,GO:0004540,GO:0005488,GO:0005515,GO:0006139,GO:0006364,GO:0006396,GO:0006397,GO:0006725,GO:0006807,GO:0008150,GO:0008152,GO:0008409,GO:0009987,GO:0010467,GO:0016070,GO:0016071,GO:0016072,GO:0016787,GO:0016788,GO:0016796,GO:0016896,GO:0022613,GO:0034470,GO:0034641,GO:0034660,GO:0042254,GO:0042802,GO:0043170,GO:0044085,GO:0044237,GO:0044238,GO:0046483,GO:0071704,GO:0071840,GO:0090304,GO:0090305,GO:0090501,GO:0090502,GO:0090503,GO:0140098,GO:1901360"
ktrC,"TrkA_C,TrkA_N",P,ktrA,potassium uptake protein TrkA,-
ythB,Cyt_bd_oxida_II,C,cydB,cytochrome D ubiquinol oxidase subunit II,-
ythA_1~~~ythA_2~~~ythA,Cyt_bd_oxida_I,C,cydA,"oxidase, subunit",-
group_75,Glutaredoxin,O,-,Glutaredoxin,-
ptsI,"PEP-utilisers_N,PEP-utilizers,PEP-utilizers_C",G,ptsI,General (non sugar-specific) component of the phosphoenolpyruvate-dependent sugar phosphotransferase system (sugar PTS). This major carbohydrate active-transport system catalyzes the phosphorylation of incoming sugar substrates concomitantly with their translocation across the cell membrane. Enzyme I transfers the phosphoryl group from phosphoenolpyruvate (PEP) to the phosphoryl carrier protein (HPr),"GO:0006810,GO:0008150,GO:0008643,GO:0009401,GO:0051179,GO:0051234,GO:0071702"
ptsH,PTS-HPr,G,ptsH,Phosphocarrier protein HPr,"GO:0005575,GO:0005622,GO:0005623,GO:0005737,GO:0008150,GO:0043610,GO:0044424,GO:0044464,GO:0050789,GO:0065007"
group_2083,-,-,-,-,-
ykoE,ABC_cobalt,S,ykoE,"ABC-type cobalt transport system, permease component",-
ykoD_2~~~ykoD_1,ABC_tran,P,ykoD,ABC-type cobalt transport system ATPase component,-
ecfT_1~~~ecfT_2~~~ykoC_1~~~ykoC_2,CbiQ,P,-,Cobalt transport protein,-
purH,"AICARFT_IMPCHas,MGS",F,purH,Bifunctional purine biosynthesis protein PurH,-
purM,"AIRS,AIRS_C",F,purM,Phosphoribosylformylglycinamidine cyclo-ligase,-
purF~~~purF_2~~~purF_1,"GATase_6,GATase_7,Pribosyltran",F,purF,Catalyzes the formation of phosphoribosylamine from phosphoribosylpyrophosphate (PRPP) and glutamine,-
purE,AIRC,F,purE,Catalyzes the conversion of N5-carboxyaminoimidazole ribonucleotide (N5-CAIR) to 4-carboxy-5-aminoimidazole ribonucleotide (CAIR),-
folD,"THF_DHG_CYH,THF_DHG_CYH_C",F,folD,"Catalyzes the oxidation of 5,10- methylenetetrahydrofolate to 5,10-methenyltetrahydrofolate and then the hydrolysis of 5,10-methenyltetrahydrofolate to 10- formyltetrahydrofolate","GO:0003674,GO:0003824,GO:0004477,GO:0004488,GO:0005575,GO:0005622,GO:0005623,GO:0005737,GO:0005829,GO:0006730,GO:0008150,GO:0008152,GO:0009987,GO:0016491,GO:0016645,GO:0016646,GO:0016787,GO:0016810,GO:0016814,GO:0019238,GO:0044237,GO:0044281,GO:0044424,GO:0044444,GO:0044464,GO:0055114"
nth_2~~~nth_1,HhH-GPD,L,nth2,endonuclease III,-
fecD_1~~~btuC~~~molB~~~fecD_2,FecCD,P,-,Belongs to the binding-protein-dependent transport system permease family. FecCD subfamily,-
hdlIVa,HAD_2,S,-,Hydrolase,-
group_10,-,-,-,-,-
pip~~~menH_2~~~menH_1~~~bioH_1,"Abhydrolase_1,Abhydrolase_6",I,pcaD,Alpha/beta hydrolase family,-
sarA,HTH_27,K,sarA,transcriptional,-
group_413,DUF1659,-,-,-,-
mrpB,MnhB,P,mnhB2,Na( ) H( ) antiporter subunit B,-
mrpE,MNHE,P,mnhE2,subunit E,-
nhaK_1~~~nhaK_2~~~nhaK_3,Na_H_Exchanger,P,-,NhaP-type Na H and K H,-
mntA~~~psaA,ZnuA,P,psaA,Belongs to the bacterial solute-binding protein 9 family,-
mntD~~~mntB~~~mntB_1,ABC-3,P,mtsC,ABC 3 transport family,"GO:0005575,GO:0005623,GO:0005886,GO:0008150,GO:0010035,GO:0010038,GO:0010043,GO:0016020,GO:0042221,GO:0044464,GO:0050896,GO:0071944"
scaC~~~mntB_2,ABC_tran,P,-,"ABC transporter, ATP-binding protein",-
mntR,"Fe_dep_repr_C,Fe_dep_repress,FeoA",K,sirR,"Iron dependent repressor, metal binding and dimerisation domain",-
group_3093,Peptidase_M50B,S,-,Peptidase M50B-like,-
tarA~~~tarA_2~~~tarA_1,Glyco_tran_WecB,M,tagA,"Catalyzes the conversion of GlcNAc-PP-undecaprenol into ManNAc-GlcNAc-PP-undecaprenol, the first committed lipid intermediate in the de novo synthesis of teichoic acid",-
tagH_1,"ABC_tran,LysM",GM,tagH,Part of the ABC transporter complex TagGH involved in teichoic acids export. Responsible for energy coupling to the transport system,"GO:0003674,GO:0003824,GO:0005215,GO:0005319,GO:0006810,GO:0006869,GO:0008150,GO:0010876,GO:0015221,GO:0015399,GO:0015405,GO:0015437,GO:0015920,GO:0015921,GO:0016462,GO:0016787,GO:0016817,GO:0016818,GO:0016887,GO:0017111,GO:0022804,GO:0022857,GO:0022884,GO:0033036,GO:0034040,GO:0042623,GO:0042626,GO:0043492,GO:0051179,GO:0051234,GO:0055085,GO:0071702,GO:1901264,GO:1901505"
tarB,Glyphos_transf,M,tagB,teichoic acid biosynthesis protein,-
tarD,CTP_transf_like,IM,tagD,Glycerol-3-phosphate cytidylyltransferase,-
bmrA_2~~~bmrA_1~~~bmrA,"ABC_membrane,ABC_tran",V,abcA,ABC transporter,-
nupG,"Nucleos_tra2_C,Nucleos_tra2_N",F,nupG,Nucleoside,-
group_3068,"DUF2179,YitT_membrane",S,yxkD,"Uncharacterised 5xTM membrane BCR, YitT family COG1284",-
fepC~~~fepC_1~~~fepC_2,ABC_tran,HP,fhuC,ATP-binding protein,-
group_2084,-,-,-,-,-
group_3110,-,S,-,membrane,-
rimI_2~~~rimI_1~~~aaaT,"Acetyltransf_1,Acetyltransf_4",M,-,Acetyltransferase (GNAT) domain,-
graR_1~~~graR_2,"Response_reg,Trans_reg_C",K,graR,COG0745 Response regulators consisting of a CheY-like receiver domain and a winged-helix DNA-binding domain,-
group_2085,PhoU_div,P,ykaA,Protein of unknown function DUF47,-
group_2086,PHO4,P,pit,phosphate transporter,-
group_1396,"CHAP,LysM",M,-,Lysin motif,-
sarX,-,K,sarX,Regulator,-
hdfR_1~~~oxyR~~~hdfR_2~~~hdfR_3,"HTH_1,LysR_substrate",K,ccpC,Transcriptional regulator,-
group_268,DUF456,S,-,Protein of unknown function (DUF456),-
group_1371,Acetyltransf_3,J,-,(GNAT) family,-
yvdD,Lysine_decarbox,S,yvdD,Belongs to the LOG family,-
group_1372,DUF188,S,-,Belongs to the UPF0178 family,-
cydD,"ABC_membrane,ABC_tran",V,cydD,"ABC transporter, ATP-binding protein",-
mgrA~~~mgrA_2~~~mgrA_1,MarR,K,mgrA,transcriptional,"GO:0001067,GO:0003674,GO:0003676,GO:0003677,GO:0005488,GO:0006355,GO:0008150,GO:0009889,GO:0010468,GO:0010556,GO:0019219,GO:0019222,GO:0031323,GO:0031326,GO:0044212,GO:0050789,GO:0050794,GO:0051171,GO:0051252,GO:0060255,GO:0065007,GO:0080090,GO:0097159,GO:1901363,GO:1903506,GO:2000112,GO:2001141"
ydhF~~~smoB,Aldo_ket_red,S,ycsN,aldo keto reductase,-
ybhI,Na_sulph_symp,P,citT_1,Sodium:sulfate symporter transmembrane region,-
group_1480,-,-,-,-,-
group_1481,DUF1361,S,-,Protein of unknown function (DUF1361),-
group_1483,-,-,-,-,-
ydjF~~~ulaR~~~glcR,"DeoRC,HTH_DeoR",K,fruR,transcriptional regulators of sugar metabolism,-
tagK,PfkB,H,fruK,Belongs to the carbohydrate kinase PfkB family. LacC subfamily,"GO:0003674,GO:0003824,GO:0005575,GO:0005622,GO:0005623,GO:0005737,GO:0005829,GO:0005975,GO:0006793,GO:0006796,GO:0008150,GO:0008152,GO:0009987,GO:0016301,GO:0016310,GO:0016740,GO:0016772,GO:0019200,GO:0044237,GO:0044238,GO:0044262,GO:0044424,GO:0044444,GO:0044464,GO:0046835,GO:0071704"
fruA~~~fruA_1~~~fruA_2,"PTS_EIIA_2,PTS_EIIC,PTS_IIB",G,fruA,"PTS system, fructose-specific",-
group_1484,"CBS,CorC_HlyC,DUF21",S,-,COG1253 Hemolysins and related proteins containing CBS domains,-
saeS,"HAMP,HATPase_c,HisKA",T,saeS,"protein kinase that upon sensing the appropriate signal, autophosphorylates and in turn activates the cytosolic response regulator SaeR",-
saeR_2~~~saeR~~~saeR_1,"Response_reg,Trans_reg_C",K,saeR,"Probably functions as a transcriptional regulator via a specific DNA-binding domain, recognizing motifs near the promoter sequences of target genes","GO:0008150,GO:0010468,GO:0019222,GO:0050789,GO:0060255,GO:0065007"
group_2087,DoxX,S,-,DoxX,-
group_2088,-,-,-,-,-
queE_1,"Fer4_12,Fer4_14,Radical_SAM",H,queE,"Catalyzes the complex heterocyclic radical-mediated conversion of 6-carboxy-5,6,7,8-tetrahydropterin (CPH4) to 7- carboxy-7-deazaguanine (CDG), a step common to the biosynthetic pathways of all 7-deazapurine-containing compounds","GO:0000287,GO:0003674,GO:0003824,GO:0005488,GO:0005515,GO:0008144,GO:0016829,GO:0016840,GO:0042802,GO:0042803,GO:0043167,GO:0043169,GO:0046872,GO:0046983,GO:0048037,GO:0050662,GO:0051536,GO:0051539,GO:0051540,GO:1901681,GO:1904047"
queD,PTPS,H,queD,synthase,-
queC~~~queC_1~~~queC_2,QueC,F,queC,Catalyzes the ATP-dependent conversion of 7-carboxy-7- deazaguanine (CDG) to 7-cyano-7-deazaguanine (preQ(0)),-
pxpB_3~~~pxpB_2~~~pxpB_1,CT_C_D,E,-,allophanate hydrolase subunit 1,-
pxpC_3~~~pxpC_2~~~pxpC_1,CT_A_B,E,-,allophanate hydrolase subunit 2,-
ltaS_1~~~ltaS_2~~~ltaS,Sulfatase,M,ltaS,"Catalyzes the polymerization of lipoteichoic acid (LTA) polyglycerol phosphate, a reaction that presumably uses phosphatidylglycerol (PG) as substrate","GO:0005575,GO:0005576"
ettA~~~uup_1~~~ettA_2~~~uup_3~~~ettA_1,"ABC_tran,ABC_tran_CTD,ABC_tran_Xtn",S,yfmR,"ABC transporter, ATP-binding protein",-
recQ~~~recQ_3~~~recQ_2~~~recQ_1,"DEAD,HRDC,HTH_40,Helicase_C,RQC,RecQ_Zn_bind",L,recQ,DNA helicase,-
uup_2~~~opuBA~~~uup_1~~~uup_4~~~uup_3,ABC_tran,E,proV,ATP-binding protein,-
egtUBC,"BPD_transp_1,OpuAC",P,proWX,Glycine betaine,-
hisC_2~~~hisC_1~~~hisC_3~~~hisC_4,Aminotran_1_2,E,hisC,Belongs to the class-II pyridoxal-phosphate-dependent aminotransferase family. Histidinol-phosphate aminotransferase subfamily,-
group_3037,NT5C,S,-,5'-3'-deoxyribonucleotidase,-
dtpT~~~dtpT_2~~~dtpT_1,PTR2,E,dtpT,transporter,"GO:0005575,GO:0005623,GO:0005886,GO:0016020,GO:0044464,GO:0071944"
queF,EamA,EG,-,of the drug metabolite transporter (DMT) superfamily,-
nrdI,Flavodoxin_NdrI,F,nrdI,Probably involved in ribonucleotide reductase function,"GO:0000166,GO:0003674,GO:0005488,GO:0006464,GO:0006807,GO:0008150,GO:0008152,GO:0009987,GO:0010181,GO:0019538,GO:0032553,GO:0036094,GO:0036211,GO:0043167,GO:0043168,GO:0043170,GO:0043412,GO:0044237,GO:0044238,GO:0044260,GO:0044267,GO:0048037,GO:0050662,GO:0071704,GO:0097159,GO:0097367,GO:1901265,GO:1901363,GO:1901564"
nrdE~~~nrdE_2~~~nrdE_1,"RNR_N,Ribonuc_red_lgC,Ribonuc_red_lgN",F,nrdE,Provides the precursors necessary for DNA synthesis. Catalyzes the biosynthesis of deoxyribonucleotides from the corresponding ribonucleotides,-
nrdF,Ribonuc_red_sm,F,nrdF,"reductase, beta subunit",-
yclN~~~btuC~~~yclN_2~~~yclN_1,FecCD,P,yclN,Belongs to the binding-protein-dependent transport system permease family. FecCD subfamily,-
yclO~~~yclO_2~~~yclO_1,FecCD,P,yclO,Belongs to the binding-protein-dependent transport system permease family. FecCD subfamily,-
yclQ~~~yclQ_1~~~yclQ_2,Peripla_BP_2,P,yclQ,"COG4607 ABC-type enterochelin transport system, periplasmic component","GO:0005575,GO:0005623,GO:0030288,GO:0030313,GO:0031975,GO:0042597,GO:0044464"
group_3042,zf-CHY,S,-,CHY zinc finger,-
brxC,DUF2847,O,ytxJ,Protein of unknown function (DUF2847),-
garK_2~~~garK_1~~~garK,Gly_kinase,G,-,Glycerate kinase,-
yjjB,ThrE_2,S,-,Putative threonine/serine exporter,-
yjjP,ThrE,S,-,Putative threonine/serine exporter,-
group_2089,"5TM-5TMR_LYT,GGDEF",T,-,signal transduction by protein phosphorylation,-
tagO,Glycos_transf_4,M,tagO,transferase,-
pfkA,PFK,F,pfkA,"Catalyzes the phosphorylation of D-fructose 6-phosphate to fructose 1,6-bisphosphate by ATP, the first committing step of glycolysis","GO:0003674,GO:0003824,GO:0003872,GO:0005975,GO:0006082,GO:0006090,GO:0006091,GO:0006096,GO:0006116,GO:0006139,GO:0006163,GO:0006164,GO:0006165,GO:0006725,GO:0006732,GO:0006733,GO:0006734,GO:0006753,GO:0006754,GO:0006757,GO:0006793,GO:0006796,GO:0006807,GO:0008150,GO:0008152,GO:0008443,GO:0009056,GO:0009058,GO:0009108,GO:0009117,GO:0009123,GO:0009124,GO:0009126,GO:0009127,GO:0009132,GO:0009135,GO:0009141,GO:0009142,GO:0009144,GO:0009145,GO:0009150,GO:0009152,GO:0009156,GO:0009161,GO:0009165,GO:0009166,GO:0009167,GO:0009168,GO:0009179,GO:0009185,GO:0009199,GO:0009201,GO:0009205,GO:0009206,GO:0009259,GO:0009260,GO:0009987,GO:0016052,GO:0016053,GO:0016301,GO:0016310,GO:0016740,GO:0016772,GO:0016773,GO:0017144,GO:0018130,GO:0019200,GO:0019359,GO:0019362,GO:0019363,GO:0019438,GO:0019439,GO:0019637,GO:0019674,GO:0019693,GO:0019752,GO:0032787,GO:0034404,GO:0034641,GO:0034654,GO:0034655,GO:0042866,GO:0043436,GO:0044237,GO:0044238,GO:0044248,GO:0044249,GO:0044262,GO:0044270,GO:0044271,GO:0044281,GO:0044283,GO:0046031,GO:0046034,GO:0046390,GO:0046394,GO:0046434,GO:0046483,GO:0046496,GO:0046700,GO:0046835,GO:0046939,GO:0051186,GO:0051188,GO:0055086,GO:0055114,GO:0061615,GO:0071704,GO:0072330,GO:0072521,GO:0072522,GO:0072524,GO:0072525,GO:0090407,GO:1901135,GO:1901137,GO:1901292,GO:1901293,GO:1901360,GO:1901361,GO:1901362,GO:1901564,GO:1901566,GO:1901575,GO:1901576"
accA_2~~~accA_1~~~accA,ACCA,I,accA,"Component of the acetyl coenzyme A carboxylase (ACC) complex. First, biotin carboxylase catalyzes the carboxylation of biotin on its carrier protein (BCCP) and then the CO(2) group is transferred by the carboxyltransferase to acetyl-CoA to form malonyl-CoA",-
accD,Carboxyl_trans,I,accD,Component of the acetyl coenzyme A carboxylase (ACC) complex. Biotin carboxylase (BC) catalyzes the carboxylation of biotin on its carrier protein (BCCP) and then the CO(2) group is transferred by the transcarboxylase to acetyl-CoA to form malonyl- CoA,-
ytsJ_2~~~ytsJ_1~~~ytsJ,"Malic_M,malic",C,ytsJ,Malic enzyme,-
dnaE~~~dnaE2~~~dnaE_2~~~dnaE_1,"DNA_pol3_alpha,HHH_6,PHP,tRNA_anti-codon",L,dnaE,DNA polymerase,-
group_2090,"4HBT,CBS,DRTGG,GntR,HTH_24",K,ytoI,DRTGG domain,-
group_2091,Usp,T,nhaX,Belongs to the universal stress protein A family,-
group_3038,"Lactamase_B_2,Lactamase_B_3",S,ytkL,Belongs to the UPF0173 family,-
group_2092,"Creatinase_N,Peptidase_M24",E,pepQ,Belongs to the peptidase M24B family,-
ald2_2~~~ald2_1~~~ald2,"AlaDh_PNT_C,AlaDh_PNT_N",E,ald,Belongs to the AlaDH PNT family,"GO:0000286,GO:0003674,GO:0003824,GO:0005575,GO:0005622,GO:0005623,GO:0005737,GO:0005829,GO:0006082,GO:0006520,GO:0006522,GO:0006524,GO:0006807,GO:0008150,GO:0008152,GO:0009056,GO:0009063,GO:0009078,GO:0009080,GO:0009987,GO:0016054,GO:0016491,GO:0016638,GO:0019752,GO:0043436,GO:0044237,GO:0044238,GO:0044248,GO:0044281,GO:0044282,GO:0044424,GO:0044444,GO:0044464,GO:0046395,GO:0055114,GO:0071704,GO:1901564,GO:1901565,GO:1901575,GO:1901605,GO:1901606"
group_2093,Usp,T,uspA,Universal stress protein,-
ackA~~~ackA_1~~~ackA_2,Acetate_kinase,F,ackA,Catalyzes the formation of acetyl phosphate from acetate and ATP. Can also catalyze the reverse reaction,-
tpx~~~tpx_1~~~tpx_2,"AhpC-TSA,Redoxin",O,tpx,"Thiol-specific peroxidase that catalyzes the reduction of hydrogen peroxide and organic hydroperoxides to water and alcohols, respectively. Plays a role in cell protection against oxidative stress by detoxifying peroxides",-
ezrA,EzrA,D,ezrA,modulates the frequency and position of FtsZ ring formation. Inhibits FtsZ ring formation at polar sites. Interacts either with FtsZ or with one of its binding partners to promote depolymerization,"GO:0000278,GO:0000281,GO:0000910,GO:0000917,GO:0000918,GO:0000921,GO:0005575,GO:0005623,GO:0005886,GO:0006996,GO:0007010,GO:0007049,GO:0008150,GO:0009987,GO:0016020,GO:0016043,GO:0022402,GO:0022607,GO:0031106,GO:0032185,GO:0032506,GO:0034622,GO:0043933,GO:0044085,GO:0044464,GO:0048518,GO:0048522,GO:0050789,GO:0050794,GO:0051301,GO:0051302,GO:0051781,GO:0061640,GO:0065003,GO:0065007,GO:0070925,GO:0071840,GO:0071944,GO:0090529,GO:1902410,GO:1903047"
rpsD,"Ribosomal_S4,S4",J,rpsD,"One of the primary rRNA binding proteins, it binds directly to 16S rRNA where it nucleates assembly of the body of the 30S subunit","GO:0003674,GO:0003676,GO:0003723,GO:0003735,GO:0005198,GO:0005488,GO:0005575,GO:0005622,GO:0005623,GO:0005737,GO:0005840,GO:0006417,GO:0006450,GO:0008150,GO:0009889,GO:0009891,GO:0009893,GO:0010468,GO:0010556,GO:0010557,GO:0010604,GO:0010608,GO:0010628,GO:0015935,GO:0019222,GO:0019843,GO:0031323,GO:0031325,GO:0031326,GO:0031328,GO:0032268,GO:0032270,GO:0032991,GO:0034248,GO:0034250,GO:0043226,GO:0043228,GO:0043229,GO:0043232,GO:0044391,GO:0044422,GO:0044424,GO:0044444,GO:0044446,GO:0044464,GO:0045727,GO:0045903,GO:0048518,GO:0048522,GO:0050789,GO:0050794,GO:0051171,GO:0051173,GO:0051246,GO:0051247,GO:0060255,GO:0065007,GO:0065008,GO:0080090,GO:0097159,GO:1901363,GO:1990904,GO:2000112"
serA,"2-Hacid_dh,2-Hacid_dh_C,ACT",E,serA,Belongs to the D-isomer specific 2-hydroxyacid dehydrogenase family,-
group_2993,"HAD_2,Hydrolase_like",S,-,HAD-hyrolase-like,-
nagP~~~gamP~~~nagE~~~nagE2,"PTS_EIIA_1,PTS_EIIB,PTS_EIIC",G,nagE,PTS system,-
plsC,Acyltransferase,I,plsC,1-acyl-sn-glycerol-3-phosphate acyltransferase,"GO:0003674,GO:0003824,GO:0005575,GO:0005623,GO:0005886,GO:0008374,GO:0016020,GO:0016411,GO:0016740,GO:0016746,GO:0016747,GO:0042171,GO:0044464,GO:0071617,GO:0071944"
htrB~~~htrA,"PDZ_2,Trypsin_2",O,htrA,serine protease,-
tyrS,"S4,tRNA-synt_1b",J,tyrS,Catalyzes the attachment of tyrosine to tRNA(Tyr) in a two-step reaction tyrosine is first activated by ATP to form Tyr- AMP and then transferred to the acceptor end of tRNA(Tyr),"GO:0003674,GO:0003824,GO:0004812,GO:0004831,GO:0005575,GO:0005622,GO:0005623,GO:0005737,GO:0005829,GO:0006082,GO:0006139,GO:0006399,GO:0006520,GO:0006725,GO:0006807,GO:0008150,GO:0008152,GO:0009987,GO:0016070,GO:0016874,GO:0016875,GO:0019752,GO:0034641,GO:0034660,GO:0043038,GO:0043039,GO:0043170,GO:0043436,GO:0044237,GO:0044238,GO:0044281,GO:0044424,GO:0044444,GO:0044464,GO:0046483,GO:0071704,GO:0090304,GO:0140098,GO:0140101,GO:1901360,GO:1901564"
mrcA~~~mtgA,"Transgly,Transpeptidase",M,pbp1B,penicillin-binding protein,-
fhs~~~fhs_2~~~fhs_1,FTHFS,F,fhs,Belongs to the formate--tetrahydrofolate ligase family,"GO:0003674,GO:0003824,GO:0004329,GO:0004477,GO:0004488,GO:0005575,GO:0005622,GO:0005623,GO:0005737,GO:0006082,GO:0006139,GO:0006144,GO:0006575,GO:0006725,GO:0006732,GO:0006760,GO:0006807,GO:0008150,GO:0008152,GO:0009058,GO:0009108,GO:0009112,GO:0009113,GO:0009256,GO:0009257,GO:0009396,GO:0009987,GO:0016053,GO:0016491,GO:0016645,GO:0016646,GO:0016787,GO:0016810,GO:0016814,GO:0016874,GO:0016879,GO:0018130,GO:0019238,GO:0019438,GO:0019752,GO:0034641,GO:0042398,GO:0042440,GO:0042558,GO:0042559,GO:0043436,GO:0043603,GO:0043604,GO:0043648,GO:0043650,GO:0044237,GO:0044238,GO:0044249,GO:0044271,GO:0044281,GO:0044283,GO:0044424,GO:0044464,GO:0046112,GO:0046148,GO:0046394,GO:0046483,GO:0046653,GO:0046654,GO:0051186,GO:0051188,GO:0055086,GO:0055114,GO:0071704,GO:0072521,GO:0072522,GO:1901360,GO:1901362,GO:1901564,GO:1901566,GO:1901576"
acsA_2~~~acsA_1~~~acsA_3,"AMP-binding,AMP-binding_C",I,acsA,COG0365 Acyl-coenzyme A synthetases AMP-(fatty) acid ligases,-
ccpA,"LacI,Peripla_BP_3",K,ccpA,Catabolite control protein A,"GO:0000976,GO:0001067,GO:0001130,GO:0001216,GO:0001217,GO:0003674,GO:0003676,GO:0003677,GO:0003690,GO:0003700,GO:0005488,GO:0005575,GO:0006355,GO:0008150,GO:0009889,GO:0009890,GO:0009891,GO:0009892,GO:0009893,GO:0010468,GO:0010556,GO:0010557,GO:0010558,GO:0010604,GO:0010605,GO:0010628,GO:0010629,GO:0019219,GO:0019222,GO:0031323,GO:0031324,GO:0031325,GO:0031326,GO:0031327,GO:0031328,GO:0032991,GO:0032993,GO:0043565,GO:0044212,GO:0045892,GO:0045893,GO:0045934,GO:0045935,GO:0048518,GO:0048519,GO:0048522,GO:0048523,GO:0050789,GO:0050794,GO:0051171,GO:0051172,GO:0051173,GO:0051252,GO:0051253,GO:0051254,GO:0060255,GO:0065007,GO:0080090,GO:0097159,GO:0140110,GO:1901363,GO:1902679,GO:1902680,GO:1903506,GO:1903507,GO:1903508,GO:1990837,GO:2000112,GO:2000113,GO:2001141"
aroA_2~~~aroA_1,"CM_2,DAHP_synth_1",E,aroF,chorismate mutase,-
group_2094,DUF948,S,ytxG,protein containing a divergent version of the methyl-accepting chemotaxis-like domain,-
murC,"Mur_ligase,Mur_ligase_C,Mur_ligase_M",M,murC,Belongs to the MurCDEF family,-
group_2095,DUF1444,S,ytpQ,Belongs to the UPF0354 family,-
ytpP,Thioredoxin,CO,ytpP,Thioredoxin,"GO:0003674,GO:0003824,GO:0004791,GO:0005575,GO:0005622,GO:0005623,GO:0005737,GO:0005829,GO:0006950,GO:0006979,GO:0008150,GO:0008152,GO:0009636,GO:0009987,GO:0015035,GO:0015036,GO:0016209,GO:0016491,GO:0016651,GO:0016667,GO:0016668,GO:0016671,GO:0019725,GO:0033554,GO:0034599,GO:0042221,GO:0042592,GO:0044424,GO:0044444,GO:0044464,GO:0045454,GO:0047134,GO:0050789,GO:0050794,GO:0050896,GO:0051716,GO:0055114,GO:0065007,GO:0065008,GO:0070887,GO:0097237,GO:0098754,GO:0098869,GO:1990748"
pepA_1~~~pepA_2~~~ysdC_2~~~ysdC_1,Peptidase_M42,G,pepA,aminopeptidase,-
group_2096,PepSY,S,-,Small secreted protein,-
ccrZ~~~ccrZ_1~~~ccrZ_2,APH,M,ytmP,choline kinase involved in LPS biosynthesis,-
dat_2~~~dat~~~dat_1,Aminotran_4,E,dat,"Acts on the D-isomers of alanine, leucine, aspartate, glutamate, aminobutyrate, norvaline and asparagine. The enzyme transfers an amino group from a substrate D-amino acid to the pyridoxal phosphate cofactor to form pyridoxamine and an alpha- keto acid in the first half-reaction","GO:0003674,GO:0003824,GO:0005488,GO:0006082,GO:0006520,GO:0006807,GO:0008144,GO:0008150,GO:0008152,GO:0008483,GO:0008652,GO:0009056,GO:0009058,GO:0009063,GO:0009987,GO:0016053,GO:0016054,GO:0016740,GO:0016769,GO:0019478,GO:0019752,GO:0019842,GO:0030170,GO:0036094,GO:0043167,GO:0043168,GO:0043436,GO:0044237,GO:0044238,GO:0044248,GO:0044249,GO:0044281,GO:0044282,GO:0044283,GO:0046394,GO:0046395,GO:0046416,GO:0046437,GO:0047810,GO:0048037,GO:0050662,GO:0070279,GO:0071704,GO:0097159,GO:1901363,GO:1901564,GO:1901565,GO:1901566,GO:1901575,GO:1901576,GO:1901605,GO:1901606,GO:1901607"
group_976,"M20_dimer,Peptidase_M20",E,ytjP,Dipeptidase,-
group_977,YtxH,-,-,-,-
murJ~~~murJ_1,"Polysacc_synt,Polysacc_synt_C",S,ytgP,Polysaccharide biosynthesis protein,"GO:0005575,GO:0005623,GO:0005886,GO:0016020,GO:0044464,GO:0071944"
leuS~~~leuS_2~~~leuS_1,"Anticodon_1,tRNA-synt_1,tRNA-synt_1_2",J,leuS,Belongs to the class-I aminoacyl-tRNA synthetase family,"GO:0003674,GO:0003824,GO:0004812,GO:0004823,GO:0006082,GO:0006139,GO:0006399,GO:0006412,GO:0006418,GO:0006429,GO:0006518,GO:0006520,GO:0006725,GO:0006807,GO:0008150,GO:0008152,GO:0009058,GO:0009059,GO:0009987,GO:0010467,GO:0016070,GO:0016874,GO:0016875,GO:0019538,GO:0019752,GO:0034641,GO:0034645,GO:0034660,GO:0043038,GO:0043039,GO:0043043,GO:0043170,GO:0043436,GO:0043603,GO:0043604,GO:0044237,GO:0044238,GO:0044249,GO:0044260,GO:0044267,GO:0044271,GO:0044281,GO:0046483,GO:0071704,GO:0090304,GO:0140098,GO:0140101,GO:1901360,GO:1901564,GO:1901566,GO:1901576"
group_978,"Radical_SAM,Radical_SAM_C",S,ytqA,radical SAM protein,"GO:0005575,GO:0005622,GO:0005623,GO:0005737,GO:0044424,GO:0044464"
rot~~~rot_1,MarR,K,rot,Global regulator with both positive and negative effects that mediates modulation of several genes involved in virulence,"GO:0001067,GO:0003674,GO:0003676,GO:0003677,GO:0005488,GO:0006355,GO:0008150,GO:0009889,GO:0010468,GO:0010556,GO:0019219,GO:0019222,GO:0031323,GO:0031326,GO:0044212,GO:0050789,GO:0050794,GO:0051171,GO:0051252,GO:0060255,GO:0065007,GO:0080090,GO:0097159,GO:1901363,GO:1903506,GO:2000112,GO:2001141"
group_961,-,-,-,-,-
group_960,-,S,-,Phage plasmid primase P4 family,-
group_959,-,-,-,-,-
group_3136,-,O,-,regulation of methylation-dependent chromatin silencing,-
rlmH,SPOUT_MTase,J,rlmH,Specifically methylates the pseudouridine at position 1915 (m3Psi1915) in 23S rRNA,-
yycJ~~~yycJ_1~~~yycJ_2,"Lactamase_B,Lactamase_B_2",S,vicX,Metal-dependent hydrolases of the beta-lactamase superfamily I,-
group_1301,YycH,S,yycH,YycH protein,-
walK,"HAMP,HATPase_c,HisKA,PAS,PAS_9",T,vicK,WalK functions as a sensor protein kinase which is autophosphorylated at a histidine residue and transfers its phosphate group to WalR,-
walR,"Response_reg,Trans_reg_C",K,yycF,Transcriptional regulatory protein WalR,"GO:0006355,GO:0008150,GO:0009889,GO:0010468,GO:0010556,GO:0019219,GO:0019222,GO:0031323,GO:0031326,GO:0050789,GO:0050794,GO:0051171,GO:0051252,GO:0060255,GO:0065007,GO:0080090,GO:1903506,GO:2000112,GO:2001141"
purA,Adenylsucc_synt,F,purA,Plays an important role in the de novo pathway of purine nucleotide biosynthesis. Catalyzes the first committed step in the biosynthesis of AMP from IMP,"GO:0003674,GO:0003824,GO:0004019,GO:0005575,GO:0005622,GO:0005623,GO:0005737,GO:0006139,GO:0006163,GO:0006164,GO:0006167,GO:0006725,GO:0006753,GO:0006793,GO:0006796,GO:0006807,GO:0008150,GO:0008152,GO:0009058,GO:0009117,GO:0009123,GO:0009124,GO:0009126,GO:0009127,GO:0009150,GO:0009152,GO:0009156,GO:0009161,GO:0009165,GO:0009167,GO:0009168,GO:0009259,GO:0009260,GO:0009987,GO:0016874,GO:0016879,GO:0017144,GO:0018130,GO:0019438,GO:0019637,GO:0019693,GO:0034641,GO:0034654,GO:0044208,GO:0044237,GO:0044238,GO:0044249,GO:0044271,GO:0044281,GO:0044424,GO:0044464,GO:0046033,GO:0046040,GO:0046390,GO:0046483,GO:0055086,GO:0071704,GO:0072521,GO:0072522,GO:0090407,GO:1901135,GO:1901137,GO:1901293,GO:1901360,GO:1901362,GO:1901564,GO:1901566,GO:1901576"
group_2097,"DnaB,DnaB_C",L,dnaB,Participates in initiation and elongation during chromosome replication,"GO:0003674,GO:0003678,GO:0003824,GO:0004386,GO:0005575,GO:0005622,GO:0005623,GO:0005737,GO:0005829,GO:0006139,GO:0006259,GO:0006260,GO:0006261,GO:0006268,GO:0006725,GO:0006807,GO:0006996,GO:0008150,GO:0008152,GO:0009058,GO:0009059,GO:0009987,GO:0016043,GO:0016462,GO:0016787,GO:0016817,GO:0016818,GO:0017111,GO:0032392,GO:0032508,GO:0034641,GO:0034645,GO:0043170,GO:0044237,GO:0044238,GO:0044249,GO:0044260,GO:0044424,GO:0044444,GO:0044464,GO:0046483,GO:0051276,GO:0071103,GO:0071704,GO:0071840,GO:0090304,GO:0140097,GO:1901360,GO:1901576"
rplI,"Ribosomal_L9_C,Ribosomal_L9_N",J,rplI,Binds to the 23S rRNA,"GO:0003674,GO:0003676,GO:0003723,GO:0005488,GO:0005575,GO:0005622,GO:0005623,GO:0005737,GO:0005829,GO:0005840,GO:0006412,GO:0006518,GO:0006807,GO:0008150,GO:0008152,GO:0009058,GO:0009059,GO:0009987,GO:0010467,GO:0015934,GO:0019538,GO:0022625,GO:0022626,GO:0032991,GO:0034641,GO:0034645,GO:0043043,GO:0043170,GO:0043226,GO:0043228,GO:0043229,GO:0043232,GO:0043603,GO:0043604,GO:0044237,GO:0044238,GO:0044249,GO:0044260,GO:0044267,GO:0044271,GO:0044391,GO:0044422,GO:0044424,GO:0044444,GO:0044445,GO:0044446,GO:0044464,GO:0071704,GO:0097159,GO:1901363,GO:1901564,GO:1901566,GO:1901576,GO:1990904"
gdpP_2~~~gdpP,"DHH,DHHA1",T,yybT,signaling protein consisting of a modified GGDEF domain and a DHH domain,-
metXA~~~metXA_1~~~metXA_2,Abhydrolase_1,E,metXA,Belongs to the AB hydrolase superfamily. MetX family,"GO:0000096,GO:0000097,GO:0003674,GO:0003824,GO:0004414,GO:0006082,GO:0006520,GO:0006555,GO:0006790,GO:0006807,GO:0008150,GO:0008152,GO:0008374,GO:0008652,GO:0009058,GO:0009066,GO:0009067,GO:0009069,GO:0009086,GO:0009092,GO:0009987,GO:0016053,GO:0016407,GO:0016413,GO:0016740,GO:0016746,GO:0016747,GO:0019752,GO:0043436,GO:0044237,GO:0044238,GO:0044249,GO:0044272,GO:0044281,GO:0044283,GO:0046394,GO:0071704,GO:1901564,GO:1901566,GO:1901576,GO:1901605,GO:1901607"
ygaZ,AzlC,E,azlC,Azaleucine resistance,-
serS~~~serS_2~~~serS_1,"Seryl_tRNA_N,tRNA-synt_2b",J,serS,"Catalyzes the attachment of serine to tRNA(Ser). Is also able to aminoacylate tRNA(Sec) with serine, to form the misacylated tRNA L-seryl-tRNA(Sec), which will be further converted into selenocysteinyl-tRNA(Sec)",-
hutH~~~hutH_1~~~hutH_2,Lyase_aromatic,E,hutH,Histidine ammonia-lyase,-
nnrD,"Carb_kinase,YjeF_N",H,nnrD,"Catalyzes the dehydration of the S-form of NAD(P)HX at the expense of ADP, which is converted to AMP. Together with NAD(P)HX epimerase, which catalyzes the epimerization of the S- and R-forms, the enzyme allows the repair of both epimers of NAD(P)HX, a damaged form of NAD(P)H that is a result of enzymatic or heat-dependent hydration",-
gyrA~~~gyrA_1~~~gyrA_2,"DNA_gyraseA_C,DNA_topoisoIV",L,gyrA,"A type II topoisomerase that negatively supercoils closed circular double-stranded (ds) DNA in an ATP-dependent manner to modulate DNA topology and maintain chromosomes in an underwound state. Negative supercoiling favors strand separation, and DNA replication, transcription, recombination and repair, all of which involve strand separation. Also able to catalyze the interconversion of other topological isomers of dsDNA rings, including catenanes and knotted rings. Type II topoisomerases break and join 2 DNA strands simultaneously in an ATP-dependent manner",-
gyrB~~~gyrB_1~~~gyrB_2,"DNA_gyraseB,DNA_gyraseB_C,HATPase_c,Toprim",L,gyrB,"A type II topoisomerase that negatively supercoils closed circular double-stranded (ds) DNA in an ATP-dependent manner to modulate DNA topology and maintain chromosomes in an underwound state. Negative supercoiling favors strand separation, and DNA replication, transcription, recombination and repair, all of which involve strand separation. Also able to catalyze the interconversion of other topological isomers of dsDNA rings, including catenanes and knotted rings. Type II topoisomerases break and join 2 DNA strands simultaneously in an ATP-dependent manner","GO:0003674,GO:0003824,GO:0003916,GO:0003918,GO:0005575,GO:0006139,GO:0006259,GO:0006265,GO:0006725,GO:0006807,GO:0006996,GO:0007059,GO:0008094,GO:0008150,GO:0008152,GO:0009295,GO:0009987,GO:0016043,GO:0016462,GO:0016787,GO:0016817,GO:0016818,GO:0016853,GO:0016887,GO:0017111,GO:0034641,GO:0042623,GO:0043170,GO:0044237,GO:0044238,GO:0044260,GO:0046483,GO:0051276,GO:0061505,GO:0071103,GO:0071704,GO:0071840,GO:0090304,GO:0140097,GO:1901360"
recF~~~recF_1~~~recF_2,SMC_N,L,recF,"it is required for DNA replication and normal SOS inducibility. RecF binds preferentially to single-stranded, linear DNA. It also seems to bind ATP","GO:0000731,GO:0005575,GO:0005622,GO:0005623,GO:0006139,GO:0006259,GO:0006281,GO:0006302,GO:0006725,GO:0006807,GO:0006950,GO:0006974,GO:0008150,GO:0008152,GO:0009058,GO:0009059,GO:0009295,GO:0009987,GO:0018130,GO:0019438,GO:0033554,GO:0034641,GO:0034645,GO:0034654,GO:0043170,GO:0043226,GO:0043228,GO:0043229,GO:0043232,GO:0043590,GO:0044237,GO:0044238,GO:0044249,GO:0044260,GO:0044271,GO:0044424,GO:0044464,GO:0046483,GO:0050896,GO:0051716,GO:0071704,GO:0071897,GO:0090304,GO:1901360,GO:1901362,GO:1901576"
group_2098,S4_2,S,yaaA,S4 domain,-
dnaN,"DNA_pol3_beta,DNA_pol3_beta_2,DNA_pol3_beta_3",L,dnaN,"Confers DNA tethering and processivity to DNA polymerases and other proteins. Acts as a clamp, forming a ring around DNA (a reaction catalyzed by the clamp-loading complex) which diffuses in an ATP-independent manner freely and bidirectionally along dsDNA. Initially characterized for its ability to contact the catalytic subunit of DNA polymerase III (Pol III), a complex, multichain enzyme responsible for most of the replicative synthesis in bacteria",-
dnaA,"Bac_DnaA,Bac_DnaA_C,DnaA_N",L,dnaA,it binds specifically double-stranded DNA at a 9 bp consensus (dnaA box) 5'-TTATC CA A CA A-3'. DnaA binds to ATP and to acidic phospholipids,"GO:0003674,GO:0003676,GO:0003677,GO:0003688,GO:0003690,GO:0005488,GO:0005515,GO:0005575,GO:0005622,GO:0005623,GO:0005737,GO:0005886,GO:0006139,GO:0006259,GO:0006260,GO:0006261,GO:0006270,GO:0006725,GO:0006807,GO:0008150,GO:0008152,GO:0009058,GO:0009059,GO:0009987,GO:0016020,GO:0034641,GO:0034645,GO:0042802,GO:0043170,GO:0043565,GO:0044237,GO:0044238,GO:0044249,GO:0044260,GO:0044424,GO:0044464,GO:0046483,GO:0071704,GO:0071944,GO:0090304,GO:0097159,GO:1901360,GO:1901363,GO:1901576,GO:1990837"
rpmH,Ribosomal_L34,J,rpmH,Belongs to the bacterial ribosomal protein bL34 family,-
mnmE~~~mnmE_1~~~mnmE_2,"MMR_HSR1,MnmE_helical,TrmE_N",J,mnmE,"Exhibits a very high intrinsic GTPase hydrolysis rate. Involved in the addition of a carboxymethylaminomethyl (cmnm) group at the wobble position (U34) of certain tRNAs, forming tRNA- cmnm(5)s(2)U34",-
mnmG,"GIDA,GIDA_assoc",D,gidA,"NAD-binding protein involved in the addition of a carboxymethylaminomethyl (cmnm) group at the wobble position (U34) of certain tRNAs, forming tRNA-cmnm(5)s(2)U34","GO:0000166,GO:0001510,GO:0002097,GO:0002098,GO:0003674,GO:0005488,GO:0005575,GO:0005622,GO:0005623,GO:0005737,GO:0005829,GO:0006139,GO:0006396,GO:0006399,GO:0006400,GO:0006725,GO:0006807,GO:0008033,GO:0008150,GO:0008152,GO:0009451,GO:0009987,GO:0010467,GO:0016070,GO:0030488,GO:0032259,GO:0034470,GO:0034641,GO:0034660,GO:0036094,GO:0043167,GO:0043168,GO:0043170,GO:0043412,GO:0043414,GO:0044237,GO:0044238,GO:0044260,GO:0044424,GO:0044444,GO:0044464,GO:0046483,GO:0048037,GO:0050660,GO:0050662,GO:0071704,GO:0090304,GO:0097159,GO:1901265,GO:1901360,GO:1901363"
rsmG,GidB,J,rsmG,Specifically methylates the N7 position of guanine in position 535 of 16S rRNA,"GO:0000154,GO:0001510,GO:0003674,GO:0003824,GO:0005575,GO:0005622,GO:0005623,GO:0005737,GO:0005829,GO:0006139,GO:0006364,GO:0006396,GO:0006725,GO:0006807,GO:0008150,GO:0008152,GO:0008168,GO:0008170,GO:0008173,GO:0008649,GO:0008757,GO:0009451,GO:0009987,GO:0010467,GO:0016070,GO:0016072,GO:0016435,GO:0016740,GO:0016741,GO:0022613,GO:0031167,GO:0032259,GO:0034470,GO:0034641,GO:0034660,GO:0036265,GO:0042254,GO:0043170,GO:0043412,GO:0043414,GO:0044085,GO:0044237,GO:0044238,GO:0044260,GO:0044424,GO:0044444,GO:0044464,GO:0046483,GO:0070043,GO:0070475,GO:0070476,GO:0071704,GO:0071840,GO:0090304,GO:0140098,GO:0140102,GO:1901360"
noc~~~noc_2~~~noc_1,ParBc,K,noc,Belongs to the ParB family,-
cspLA,CSD,K,cspC,COG1278 Cold shock proteins,-
yxdL_2~~~bceA_1~~~bceA_2,ABC_tran,V,vraD,"ABC transporter, ATP-binding protein",-
group_221,DUF308,S,-,Short repeat of unknown function (DUF308),-
nixA~~~nixA_1~~~nixA_2,NicO,U,nixA,Belongs to the NiCoT transporter (TC 2.A.52) family,-
rarD,EamA,S,rarD,RarD protein,-
yflS_1~~~yflS~~~yflS_2,Na_sulph_symp,P,yflS,Sodium:sulfate symporter transmembrane region,-
ecfA1_1~~~ykoD_1~~~ykoD_2~~~btuD~~~ecfA3~~~ecfA1_2,"ABC_tran,DUF3744",P,ykoD,"AAA domain, putative AbiEii toxin, Type IV TA system","GO:0003674,GO:0003824,GO:0005215,GO:0006810,GO:0008150,GO:0015399,GO:0015405,GO:0016462,GO:0016787,GO:0016817,GO:0016818,GO:0016887,GO:0017111,GO:0022804,GO:0022857,GO:0042623,GO:0042626,GO:0043492,GO:0051179,GO:0051234,GO:0055085"
group_259,Polysacc_deac_1,G,-,Polysaccharide deacetylase,-
hisB~~~hisB_2~~~hisB_1,IGPD,E,hisB,Imidazoleglycerol-phosphate dehydratase,"GO:0000105,GO:0003674,GO:0003824,GO:0004424,GO:0006082,GO:0006520,GO:0006547,GO:0006725,GO:0006807,GO:0008150,GO:0008152,GO:0008652,GO:0009058,GO:0009987,GO:0016053,GO:0016829,GO:0016835,GO:0016836,GO:0018130,GO:0019438,GO:0019752,GO:0034641,GO:0043436,GO:0044237,GO:0044238,GO:0044249,GO:0044281,GO:0044283,GO:0046394,GO:0046483,GO:0052803,GO:0071704,GO:1901360,GO:1901362,GO:1901564,GO:1901566,GO:1901576,GO:1901605,GO:1901607"
hisF~~~hisF_2~~~hisF_1,His_biosynth,E,hisF,"IGPS catalyzes the conversion of PRFAR and glutamine to IGP, AICAR and glutamate. The HisF subunit catalyzes the cyclization activity that produces IGP and AICAR from PRFAR using the ammonia provided by the HisH subunit","GO:0000107,GO:0003674,GO:0003824,GO:0016740,GO:0016757,GO:0016763"
hisI~~~hisE,"PRA-CH,PRA-PH",E,hisI,Histidine biosynthesis bifunctional protein hisIE,-
group_979,Pur_DNA_glyco,L,yxlJ,Belongs to the DNA glycosylase MPG family,"GO:0003674,GO:0003824,GO:0003905,GO:0006139,GO:0006259,GO:0006281,GO:0006284,GO:0006725,GO:0006807,GO:0006950,GO:0006974,GO:0008150,GO:0008152,GO:0009987,GO:0016787,GO:0016798,GO:0016799,GO:0019104,GO:0033554,GO:0034641,GO:0043170,GO:0044237,GO:0044238,GO:0044260,GO:0046483,GO:0050896,GO:0051716,GO:0071704,GO:0090304,GO:0140097,GO:1901360"
lnrL_1~~~lnrL_2~~~ettA_1~~~lnrL_4~~~nosF_1~~~lnrL_3~~~nosF~~~yxlF,"ABC_tran,DUF4162",S,yhaQ,"ABC transporter, ATP-binding protein",-
yhaP~~~yhaP_2~~~yhaP_1,ABC2_membrane_3,CP,ysdA,"ABC-type Na efflux pump, permease component",-
group_980,UPF0060,S,yfjF,UPF0060 membrane protein,-
mro~~~galM~~~mro_1~~~galM_1,Aldose_epim,G,galM,Aldose 1-epimerase,-
yiiM~~~yiiM_1,"3-alpha,MOSC",S,yflK,MOSC domain,-
rpiA~~~rpiA_1,Rib_5-P_isom_A,G,rpiA,Catalyzes the reversible conversion of ribose-5- phosphate to ribulose 5-phosphate,-
hutG_2~~~hutG~~~hutG_1,Arginase,E,hutG,Catalyzes the conversion of N-formimidoyl-L-glutamate to L-glutamate and formamide,-
fosB~~~fosB_1~~~fosB_2,Glyoxalase,E,fosB,Metallothiol transferase which confers resistance to fosfomycin by catalyzing the addition of a thiol cofactor to fosfomycin. L-cysteine is probably the physiological thiol donor,-
hdfR_1~~~hdfR_2~~~gltR~~~gltR_1~~~cynR_1~~~cynR_2,"HTH_1,LysR_substrate",K,-,Transcriptional regulator,-
hutU~~~hutU_1~~~hutU_2,"Urocanase,Urocanase_C,Urocanase_N",E,hutU,Catalyzes the conversion of urocanate to 4-imidazolone- 5-propionate,-
hutI~~~hutI_1,"Amidohydro_1,Amidohydro_3",Q,hutI,Belongs to the metallo-dependent hydrolases superfamily. HutI family,-
mleN_1~~~mleN_2,Na_H_antiporter,C,-,Na H antiporter,-
group_981,AHSA1,S,-,Activator of Hsp90 ATPase homolog 1-like protein,-
glvR_1~~~glvR~~~glvR_2,"HTH_6,SIS",K,glvR,Transcriptional regulator,-
malP_1~~~malP~~~malP_2,"PTS_EIIB,PTS_EIIC",G,glvC,PTS system,-
group_982,-,-,-,-,-
panS~~~panS_1~~~panS_2,SBF,S,yocS,transporter,-
gph_2~~~gph_1,HAD_2,S,-,Haloacid dehalogenase-like hydrolase,-
group_983,-,-,-,-,-
thrP~~~thrP_1~~~thrP_2,AA_permease,E,yifK,permease,-
ybbH_3~~~ybbH_1~~~ybbH_2,"HTH_6,SIS",K,yleF,Transcriptional regulator,-
group_987,HTH_11,K,-,Transcriptional regulator,-
tagU_1~~~tagU_2~~~tagU_3,LytR_cpsA_psr,K,-,transcriptional,-
atl_2~~~atl_3~~~atl_1,"Glucosaminidase,PG_binding_1",G,-,Mannosyl-glycoprotein endo-beta-N-acetylglucosaminidase,-
group_1545,"2-Hacid_dh,2-Hacid_dh_C",CH,-,Belongs to the D-isomer specific 2-hydroxyacid dehydrogenase family,-
odh~~~odh_1~~~odh_2,"NAD_Gly3P_dh_N,Octopine_DH",C,-,NAD NADP octopine nopaline dehydrogenase,-
group_1520,bPH_3,S,-,Bacterial PH domain,-
sarR,"MarR,MarR_2,Rrf2",K,sarR,regulator,"GO:0001067,GO:0003674,GO:0003676,GO:0003677,GO:0005488,GO:0005575,GO:0005622,GO:0005623,GO:0005737,GO:0006355,GO:0008150,GO:0009889,GO:0010468,GO:0010556,GO:0019219,GO:0019222,GO:0031323,GO:0031326,GO:0044212,GO:0044424,GO:0044464,GO:0050789,GO:0050794,GO:0051171,GO:0051252,GO:0060255,GO:0065007,GO:0080090,GO:0097159,GO:1901363,GO:1903506,GO:2000112,GO:2001141"
ureD1~~~ureD1_1~~~ureD1_2,UreD,O,ureD,Required for maturation of urease via the functional incorporation of the urease nickel metallocenter,-
ureG,cobW,KO,ureG,"Facilitates the functional incorporation of the urease nickel metallocenter. This process requires GTP hydrolysis, probably effectuated by UreG",-
ureC_2~~~ureC_1~~~ureC,"Amidohydro_1,Urease_alpha",E,ureC,Belongs to the metallo-dependent hydrolases superfamily. Urease alpha subunit family,-
ureA,Urease_gamma,E,ureA,Belongs to the urease gamma subunit family,-
fhuD_1~~~fhuD~~~fhuD_2,Peripla_BP_2,P,fhuD,Ferrichrome ABC transporter substrate-binding protein,-
rihB~~~rihA_1,IU_nuc_hydro,F,iunH5,inosine-uridine preferring nucleoside hydrolase,-
bioY,BioY,S,bioY,BioY family,"GO:0005575,GO:0005623,GO:0005886,GO:0016020,GO:0044464,GO:0071944"
group_2080,"Acetyltransf_1,Acetyltransf_10,Acetyltransf_7",K,-,Acetyltransferase (GNAT) domain,-
modA,SBP_bac_11,P,modA,ABC-type molybdate transport system periplasmic component,-
modB,BPD_transp_1,P,modB,permease,-
cysA,ABC_tran,E,modC,ATP-binding protein,-
moeA_1~~~moeA_2~~~moeA,"MoCF_biosynth,MoeA_C,MoeA_N",H,moeA,Molybdopterin,"GO:0005575,GO:0005622,GO:0005623,GO:0005737,GO:0006139,GO:0006163,GO:0006725,GO:0006732,GO:0006753,GO:0006793,GO:0006796,GO:0006807,GO:0008150,GO:0008152,GO:0009058,GO:0009116,GO:0009117,GO:0009119,GO:0009141,GO:0009144,GO:0009150,GO:0009199,GO:0009205,GO:0009259,GO:0009987,GO:0018130,GO:0019538,GO:0019637,GO:0019693,GO:0032324,GO:0034641,GO:0042278,GO:0043170,GO:0043545,GO:0044237,GO:0044238,GO:0044249,GO:0044260,GO:0044267,GO:0044281,GO:0044424,GO:0044464,GO:0046039,GO:0046128,GO:0046483,GO:0051186,GO:0051188,GO:0051189,GO:0055086,GO:0071704,GO:0072521,GO:0090407,GO:1901068,GO:1901135,GO:1901360,GO:1901362,GO:1901564,GO:1901566,GO:1901576,GO:1901657"
moaE,MoaE,H,moaE,factor large subunit,"GO:0003674,GO:0003824,GO:0005575,GO:0005622,GO:0005623,GO:0005737,GO:0005829,GO:0006139,GO:0006163,GO:0006725,GO:0006732,GO:0006753,GO:0006793,GO:0006796,GO:0006807,GO:0008150,GO:0008152,GO:0009058,GO:0009116,GO:0009117,GO:0009119,GO:0009141,GO:0009144,GO:0009150,GO:0009199,GO:0009205,GO:0009259,GO:0009987,GO:0016740,GO:0016782,GO:0016783,GO:0018130,GO:0019538,GO:0019637,GO:0019693,GO:0030366,GO:0032324,GO:0034641,GO:0042278,GO:0043170,GO:0043545,GO:0044237,GO:0044238,GO:0044249,GO:0044260,GO:0044267,GO:0044281,GO:0044424,GO:0044444,GO:0044464,GO:0046039,GO:0046128,GO:0046483,GO:0051186,GO:0051188,GO:0051189,GO:0055086,GO:0071704,GO:0072521,GO:0090407,GO:1901068,GO:1901135,GO:1901360,GO:1901362,GO:1901564,GO:1901566,GO:1901576,GO:1901657"
moaA,"Fer4_12,Fer4_14,Mob_synth_C,Radical_SAM",H,moaA,"Catalyzes the cyclization of GTP to (8S)-3',8-cyclo-7,8- dihydroguanosine 5'-triphosphate",-
pdp~~~pdp_1~~~pdp_2,"Glycos_trans_3N,Glycos_transf_3,PYNP_C",F,deoA,phosphorylase,"GO:0003674,GO:0003824,GO:0004645,GO:0005575,GO:0005622,GO:0005623,GO:0005737,GO:0005829,GO:0009032,GO:0016740,GO:0016757,GO:0016758,GO:0016763,GO:0044424,GO:0044444,GO:0044464"
group_3013,-,S,-,Membrane,-
abgB,"M20_dimer,Peptidase_M20",F,hmrA,Peptidase dimerisation domain,-
group_3066,DUF2750,S,-,Protein of unknown function (DUF2750),-
coaW,Fumble,F,coaW,"Catalyzes the phosphorylation of pantothenate (Pan), the first step in CoA biosynthesis",-
rimI_3~~~rimI_2~~~rimI_4,"Acetyltransf_1,Acetyltransf_10",JK,-,Spermine spermidine acetyltransferase,-
pyrG~~~pyrG_2~~~pyrG_1,"CTP_synth_N,GATase",F,pyrG,Catalyzes the ATP-dependent amination of UTP to CTP with either L-glutamine or ammonia as the source of nitrogen. Regulates intracellular CTP levels through interactions with the four ribonucleotide triphosphates,-
fba,F_bP_aldolase,G,fba,aldolase,-
murA2,EPSP_synthase,M,murA,Belongs to the EPSP synthase family. MurA subfamily,"GO:0000270,GO:0003674,GO:0003824,GO:0005575,GO:0005622,GO:0005623,GO:0005737,GO:0005829,GO:0006022,GO:0006023,GO:0006024,GO:0006807,GO:0008150,GO:0008152,GO:0008760,GO:0009058,GO:0009059,GO:0009252,GO:0009273,GO:0009987,GO:0016740,GO:0016765,GO:0030203,GO:0034645,GO:0042221,GO:0042546,GO:0043170,GO:0044036,GO:0044038,GO:0044085,GO:0044237,GO:0044249,GO:0044260,GO:0044424,GO:0044444,GO:0044464,GO:0046677,GO:0050896,GO:0051716,GO:0070589,GO:0070887,GO:0071236,GO:0071554,GO:0071704,GO:0071840,GO:1901135,GO:1901137,GO:1901564,GO:1901566,GO:1901576"
yodB,HxlR,K,-,Transcriptional regulator,-
group_2100,Aldedh,C,-,Belongs to the aldehyde dehydrogenase family,-
rho,"ATP-synt_ab,Rho_N,Rho_RNA_bind",K,rho,"Facilitates transcription termination by a mechanism that involves Rho binding to the nascent RNA, activation of Rho's RNA-dependent ATPase activity, and release of the mRNA from the DNA template",-
rpmE2,Ribosomal_L31,J,rpmE2,Ribosomal protein L31,-
tdk,TK,F,tdk,thymidine kinase,"GO:0003674,GO:0003824,GO:0004797,GO:0005575,GO:0005622,GO:0005623,GO:0005737,GO:0005829,GO:0006139,GO:0006213,GO:0006259,GO:0006725,GO:0006753,GO:0006793,GO:0006796,GO:0006807,GO:0008150,GO:0008152,GO:0009058,GO:0009116,GO:0009117,GO:0009120,GO:0009123,GO:0009124,GO:0009157,GO:0009162,GO:0009165,GO:0009987,GO:0016301,GO:0016310,GO:0016740,GO:0016772,GO:0018130,GO:0019136,GO:0019205,GO:0019206,GO:0019438,GO:0019637,GO:0034641,GO:0034654,GO:0043170,GO:0044237,GO:0044238,GO:0044249,GO:0044260,GO:0044271,GO:0044281,GO:0044424,GO:0044444,GO:0044464,GO:0046104,GO:0046125,GO:0046483,GO:0055086,GO:0071704,GO:0072527,GO:0090304,GO:0090407,GO:1901135,GO:1901293,GO:1901360,GO:1901362,GO:1901564,GO:1901576,GO:1901657"
prfA,"PCRF,RF-1",J,prfA,Peptide chain release factor 1 directs the termination of translation in response to the peptide chain termination codons UAG and UAA,-
upp,UPRTase,F,upp,Catalyzes the conversion of uracil and 5-phospho-alpha- D-ribose 1-diphosphate (PRPP) to UMP and diphosphate,"GO:0003674,GO:0003824,GO:0004849,GO:0005575,GO:0005622,GO:0005623,GO:0005737,GO:0005829,GO:0006139,GO:0006206,GO:0006213,GO:0006220,GO:0006221,GO:0006222,GO:0006725,GO:0006753,GO:0006793,GO:0006796,GO:0006807,GO:0008150,GO:0008152,GO:0008655,GO:0009058,GO:0009112,GO:0009116,GO:0009117,GO:0009119,GO:0009123,GO:0009124,GO:0009129,GO:0009130,GO:0009156,GO:0009161,GO:0009163,GO:0009165,GO:0009173,GO:0009174,GO:0009218,GO:0009220,GO:0009259,GO:0009260,GO:0009987,GO:0016301,GO:0016310,GO:0016740,GO:0016772,GO:0018130,GO:0019205,GO:0019206,GO:0019438,GO:0019637,GO:0019693,GO:0034404,GO:0034641,GO:0034654,GO:0042455,GO:0043094,GO:0043097,GO:0043174,GO:0044237,GO:0044238,GO:0044249,GO:0044271,GO:0044281,GO:0044283,GO:0044424,GO:0044444,GO:0044464,GO:0046049,GO:0046131,GO:0046132,GO:0046134,GO:0046390,GO:0046483,GO:0055086,GO:0071704,GO:0072527,GO:0072528,GO:0090407,GO:1901135,GO:1901137,GO:1901293,GO:1901360,GO:1901362,GO:1901564,GO:1901566,GO:1901576,GO:1901657,GO:1901659"
mnaA_2~~~mnaA_1,Epimerase_2,M,mnaA,Belongs to the UDP-N-acetylglucosamine 2-epimerase family,-
atpB,ATP-synt_A,C,atpB,it plays a direct role in the translocation of protons across the membrane,"GO:0003674,GO:0003824,GO:0005215,GO:0005575,GO:0005622,GO:0005623,GO:0005886,GO:0005887,GO:0006139,GO:0006163,GO:0006164,GO:0006725,GO:0006753,GO:0006754,GO:0006793,GO:0006796,GO:0006807,GO:0006810,GO:0006811,GO:0006812,GO:0008150,GO:0008152,GO:0008324,GO:0009058,GO:0009117,GO:0009123,GO:0009124,GO:0009126,GO:0009127,GO:0009141,GO:0009142,GO:0009144,GO:0009145,GO:0009150,GO:0009152,GO:0009156,GO:0009161,GO:0009165,GO:0009167,GO:0009168,GO:0009199,GO:0009201,GO:0009205,GO:0009206,GO:0009259,GO:0009260,GO:0009987,GO:0015075,GO:0015077,GO:0015078,GO:0015318,GO:0015399,GO:0015405,GO:0015672,GO:0015985,GO:0015986,GO:0016020,GO:0016021,GO:0016462,GO:0016469,GO:0016787,GO:0016817,GO:0016818,GO:0016887,GO:0017111,GO:0017144,GO:0018130,GO:0019438,GO:0019637,GO:0019693,GO:0019829,GO:0022804,GO:0022853,GO:0022857,GO:0022890,GO:0031224,GO:0031226,GO:0032991,GO:0033177,GO:0034220,GO:0034641,GO:0034654,GO:0042623,GO:0042625,GO:0042626,GO:0042777,GO:0043492,GO:0044237,GO:0044238,GO:0044249,GO:0044271,GO:0044281,GO:0044424,GO:0044425,GO:0044459,GO:0044464,GO:0044769,GO:0045259,GO:0045263,GO:0046034,GO:0046390,GO:0046483,GO:0046933,GO:0051179,GO:0051234,GO:0055085,GO:0055086,GO:0071704,GO:0071944,GO:0072521,GO:0072522,GO:0090407,GO:0090662,GO:0098655,GO:0098660,GO:0098662,GO:0098796,GO:0099131,GO:0099132,GO:1901135,GO:1901137,GO:1901293,GO:1901360,GO:1901362,GO:1901564,GO:1901566,GO:1901576,GO:1902600"
atpE,ATP-synt_C,C,atpE,"F(1)F(0) ATP synthase produces ATP from ADP in the presence of a proton or sodium gradient. F-type ATPases consist of two structural domains, F(1) containing the extramembraneous catalytic core and F(0) containing the membrane proton channel, linked together by a central stalk and a peripheral stalk. During catalysis, ATP synthesis in the catalytic domain of F(1) is coupled via a rotary mechanism of the central stalk subunits to proton translocation","GO:0003674,GO:0003824,GO:0005215,GO:0005575,GO:0005622,GO:0005623,GO:0006139,GO:0006163,GO:0006164,GO:0006725,GO:0006753,GO:0006754,GO:0006793,GO:0006796,GO:0006807,GO:0006810,GO:0006811,GO:0006812,GO:0008150,GO:0008152,GO:0008324,GO:0009058,GO:0009117,GO:0009123,GO:0009124,GO:0009126,GO:0009127,GO:0009141,GO:0009142,GO:0009144,GO:0009145,GO:0009150,GO:0009152,GO:0009156,GO:0009161,GO:0009165,GO:0009167,GO:0009168,GO:0009199,GO:0009201,GO:0009205,GO:0009206,GO:0009259,GO:0009260,GO:0009987,GO:0015075,GO:0015077,GO:0015078,GO:0015318,GO:0015399,GO:0015405,GO:0015672,GO:0015985,GO:0015986,GO:0016020,GO:0016462,GO:0016469,GO:0016787,GO:0016817,GO:0016818,GO:0016887,GO:0017111,GO:0017144,GO:0018130,GO:0019438,GO:0019637,GO:0019693,GO:0019829,GO:0022804,GO:0022853,GO:0022857,GO:0022890,GO:0032991,GO:0033177,GO:0034220,GO:0034641,GO:0034654,GO:0042623,GO:0042625,GO:0042626,GO:0043492,GO:0044237,GO:0044238,GO:0044249,GO:0044271,GO:0044281,GO:0044424,GO:0044425,GO:0044464,GO:0044769,GO:0045259,GO:0045263,GO:0046034,GO:0046390,GO:0046483,GO:0046933,GO:0051179,GO:0051234,GO:0055085,GO:0055086,GO:0071704,GO:0072521,GO:0072522,GO:0090407,GO:0090662,GO:0098655,GO:0098660,GO:0098662,GO:0098796,GO:0099131,GO:0099132,GO:1901135,GO:1901137,GO:1901293,GO:1901360,GO:1901362,GO:1901564,GO:1901566,GO:1901576,GO:1902600"
atpF,ATP-synt_B,C,atpF,"Component of the F(0) channel, it forms part of the peripheral stalk, linking F(1) to F(0)",-
atpH,OSCP,C,atpH,"F(1)F(0) ATP synthase produces ATP from ADP in the presence of a proton or sodium gradient. F-type ATPases consist of two structural domains, F(1) containing the extramembraneous catalytic core and F(0) containing the membrane proton channel, linked together by a central stalk and a peripheral stalk. During catalysis, ATP synthesis in the catalytic domain of F(1) is coupled via a rotary mechanism of the central stalk subunits to proton translocation",-
atpA,"ATP-synt_ab,ATP-synt_ab_C,ATP-synt_ab_N",C,atpA,Produces ATP from ADP in the presence of a proton gradient across the membrane. The alpha chain is a regulatory subunit,-
atpG,ATP-synt,C,atpG,Produces ATP from ADP in the presence of a proton gradient across the membrane. The gamma chain is believed to be important in regulating ATPase activity and the flow of protons through the CF(0) complex,-
atpD,"ATP-synt_ab,ATP-synt_ab_N",C,atpD,Produces ATP from ADP in the presence of a proton gradient across the membrane. The catalytic sites are hosted primarily by the beta subunits,-
atpC,"ATP-synt_DE,ATP-synt_DE_N",C,atpC,Produces ATP from ADP in the presence of a proton gradient across the membrane,"GO:0005575,GO:0005622,GO:0005623,GO:0006139,GO:0006163,GO:0006164,GO:0006725,GO:0006753,GO:0006754,GO:0006793,GO:0006796,GO:0006807,GO:0006810,GO:0006811,GO:0006812,GO:0008150,GO:0008152,GO:0009058,GO:0009117,GO:0009123,GO:0009124,GO:0009126,GO:0009127,GO:0009141,GO:0009142,GO:0009144,GO:0009145,GO:0009150,GO:0009152,GO:0009156,GO:0009161,GO:0009165,GO:0009167,GO:0009168,GO:0009199,GO:0009201,GO:0009205,GO:0009206,GO:0009259,GO:0009260,GO:0009987,GO:0015672,GO:0015985,GO:0015986,GO:0016020,GO:0016469,GO:0017144,GO:0018130,GO:0019438,GO:0019637,GO:0019693,GO:0032991,GO:0033178,GO:0034220,GO:0034641,GO:0034654,GO:0044237,GO:0044238,GO:0044249,GO:0044271,GO:0044281,GO:0044424,GO:0044425,GO:0044464,GO:0045259,GO:0045261,GO:0046034,GO:0046390,GO:0046483,GO:0051179,GO:0051234,GO:0055085,GO:0055086,GO:0071704,GO:0072521,GO:0072522,GO:0090407,GO:0098655,GO:0098660,GO:0098662,GO:0098796,GO:1901135,GO:1901137,GO:1901293,GO:1901360,GO:1901362,GO:1901564,GO:1901566,GO:1901576,GO:1902600"
murA~~~murA1,EPSP_synthase,M,murA,Belongs to the EPSP synthase family. MurA subfamily,-
fabZ,FabA,I,fabZ,Involved in unsaturated fatty acids biosynthesis. Catalyzes the dehydration of short chain beta-hydroxyacyl-ACPs and long chain saturated and unsaturated beta-hydroxyacyl-ACPs,-
group_2102,YwpF,S,ywpF,YwpF-like protein,-
ssbA_3~~~ssbA_2~~~ssbB~~~ssbA_1,SSB,L,ssb,Single-stranded DNA-binding protein,-
yedJ,HD,S,-,Metal dependent phosphohydrolases with conserved 'HD' motif.,-
cls_2~~~cls_1~~~cls_3,"PLDc_2,PLDc_N",I,cls,Catalyzes the reversible phosphatidyl group transfer from one phosphatidylglycerol molecule to another to form cardiolipin (CL) (diphosphatidylglycerol) and glycerol,-
group_3158,HMA,-,-,-,-
rodA,FTSW_RODA_SPOVE,D,rodA,Belongs to the SEDS family,-
ddl,"Dala_Dala_lig_C,Dala_Dala_lig_N",F,ddl,Belongs to the D-alanine--D-alanine ligase family,-
cshA_2~~~cshA,"DEAD,Helicase_C",JKL,cshA,"DEAD-box RNA helicase possibly involved in RNA degradation. Unwinds dsRNA in both 5'- and 3'-directions, has RNA- dependent ATPase activity",-
kdpB1_1~~~kdpB1_2~~~kdpB1~~~kdpB1_3,"E1-E2_ATPase,Hydrolase",P,kdpB,"Part of the high-affinity ATP-driven potassium transport (or Kdp) system, which catalyzes the hydrolysis of ATP coupled with the electrogenic transport of potassium into the cytoplasm. This subunit is responsible for energy coupling to the transport system",-
group_157,bPH_2,S,-,overlaps another CDS with the same product name,-
alr1_2~~~alr1_1,"Ala_racemase_C,Ala_racemase_N",E,alr,Catalyzes the interconversion of L-alanine and D- alanine. May also act on other amino acids,-
mazE,-,S,mazE,Antitoxin component of a type II toxin-antitoxin (TA) system. Labile antitoxin that binds to cognate MazF toxin and counteracts its endoribonuclease activity,-
mazF~~~mazF_2~~~mazF_1,PemK_toxin,L,ndoA,Toxic component of a toxin-antitoxin (TA) module,-
rsbV,"STAS,STAS_2",T,rsbV,Belongs to the anti-sigma-factor antagonist family,-
rsbW,HATPase_c_2,T,rsbW,"Negative regulator of sigma-B activity. Phosphorylates and inactivates its specific antagonist protein, RsbV. Upon phosphorylation of RsbV, RsbW is released and binds to sigma-B, thereby blocking its ability to form an RNA polymerase holoenzyme (E-sigma-B)","GO:0000988,GO:0000989,GO:0003674,GO:0006355,GO:0008150,GO:0009889,GO:0010468,GO:0010556,GO:0016989,GO:0019219,GO:0019222,GO:0031323,GO:0031326,GO:0050789,GO:0050794,GO:0051171,GO:0051252,GO:0060255,GO:0065007,GO:0080090,GO:0140110,GO:1903506,GO:2000112,GO:2001141"
sigB~~~sigB_2~~~sigB_1,"Sigma70_r2,Sigma70_r3,Sigma70_r4",K,sigB,Sigma factors are initiation factors that promote the attachment of RNA polymerase to specific initiation sites and are then released,"GO:0000988,GO:0000990,GO:0003674,GO:0006139,GO:0006351,GO:0006352,GO:0006355,GO:0006725,GO:0006807,GO:0006950,GO:0008150,GO:0008152,GO:0009058,GO:0009059,GO:0009889,GO:0009987,GO:0010467,GO:0010468,GO:0010556,GO:0016070,GO:0016987,GO:0018130,GO:0019219,GO:0019222,GO:0019438,GO:0031323,GO:0031326,GO:0032774,GO:0033554,GO:0034641,GO:0034645,GO:0034654,GO:0043170,GO:0043254,GO:0043620,GO:0044087,GO:0044237,GO:0044238,GO:0044249,GO:0044260,GO:0044271,GO:0046483,GO:0050789,GO:0050794,GO:0050896,GO:0051128,GO:0051171,GO:0051252,GO:0051716,GO:0060255,GO:0065007,GO:0071704,GO:0080090,GO:0090304,GO:0097659,GO:0140110,GO:1901360,GO:1901362,GO:1901576,GO:1903506,GO:2000112,GO:2000142,GO:2001141"
pnp_1~~~yhgF~~~yhgF_2~~~yhgF_1,"HHH_3,S1,Tex_N,Tex_YqgF",K,tex,accessory protein,-
group_252,"SprT-like,Zn_ribbon_SprT",S,ydcK,Belongs to the SprT family,-
group_1197,YolD,S,-,YolD-like protein,-
group_988,Lactonase,G,pgl,"Lactonase, 7-bladed beta-propeller","GO:0003674,GO:0003824,GO:0005575,GO:0005622,GO:0005623,GO:0005737,GO:0005829,GO:0016787,GO:0016788,GO:0017057,GO:0044424,GO:0044444,GO:0044464,GO:0052689"
aldH1_2~~~aldH1~~~aldH1_1,Aldedh,C,aldH,Belongs to the aldehyde dehydrogenase family,-
ppaC~~~ppaC_1,"DHH,DHHA2",C,ppaC,Inorganic pyrophosphatase,"GO:0003674,GO:0003824,GO:0004427,GO:0005575,GO:0005622,GO:0005623,GO:0005737,GO:0006793,GO:0008150,GO:0008152,GO:0009987,GO:0016462,GO:0016787,GO:0016817,GO:0016818,GO:0044237,GO:0044424,GO:0044464"
rutB,Isochorismatase,Q,pncA,COG1335 Amidases related to nicotinamidase,-
pfbA,"Beta_helix,Pectate_lyase_3",M,-,Pectate lyase superfamily protein,-
pheA~~~pheA_1,"ACT,PDT",E,pheA,Prephenate dehydratase,-
nos~~~nos_2,NO_synthase,C,nos,Belongs to the NOS family. Bacterial NOS oxygenase subfamily,"GO:0001505,GO:0003674,GO:0003824,GO:0004497,GO:0004517,GO:0006807,GO:0006809,GO:0008150,GO:0008152,GO:0009058,GO:0009987,GO:0016491,GO:0016705,GO:0016709,GO:0017144,GO:0034641,GO:0042133,GO:0042136,GO:0044237,GO:0044249,GO:0044271,GO:0046209,GO:0055114,GO:0065007,GO:0065008,GO:0072593,GO:1903409,GO:2001057"
pncB2,NAPRTase,H,pncB,Catalyzes the synthesis of beta-nicotinate D- ribonucleotide from nicotinate and 5-phospho-D-ribose 1-phosphate at the expense of ATP,-
nadE,NAD_synthase,F,nadE,Catalyzes the ATP-dependent amidation of deamido-NAD to form NAD. Uses ammonia as a nitrogen source,"GO:0003674,GO:0003824,GO:0005575,GO:0005622,GO:0005623,GO:0005737,GO:0006139,GO:0006725,GO:0006732,GO:0006733,GO:0006753,GO:0006793,GO:0006796,GO:0006807,GO:0008150,GO:0008152,GO:0008795,GO:0009058,GO:0009108,GO:0009117,GO:0009165,GO:0009435,GO:0009987,GO:0016874,GO:0016879,GO:0016880,GO:0018130,GO:0019359,GO:0019362,GO:0019363,GO:0019438,GO:0019637,GO:0019674,GO:0034641,GO:0034654,GO:0044237,GO:0044238,GO:0044249,GO:0044271,GO:0044281,GO:0044424,GO:0044464,GO:0046483,GO:0046496,GO:0051186,GO:0051188,GO:0055086,GO:0071704,GO:0072524,GO:0072525,GO:0090407,GO:1901293,GO:1901360,GO:1901362,GO:1901564,GO:1901566,GO:1901576"
group_989,DUF2179,S,yebE,UPF0316 protein,-
group_990,Trp_repressor,S,yerC,Trp repressor protein,-
pcrB~~~pcrB_1~~~pcrB_2,PcrB,I,pcrB,"35 carbon atoms) to the C3 hydroxyl of sn-glycerol-1-phosphate (G1P), producing heptaprenylglyceryl phosphate (HepGP). This reaction is an ether-bond-formation step in the biosynthesis of archaea-type G1P-based membrane lipids found in Bacillales","GO:0002094,GO:0003674,GO:0003824,GO:0004659,GO:0006629,GO:0006644,GO:0006650,GO:0006793,GO:0006796,GO:0008150,GO:0008152,GO:0008610,GO:0008654,GO:0009058,GO:0009987,GO:0016740,GO:0016765,GO:0019637,GO:0044237,GO:0044238,GO:0044249,GO:0044255,GO:0045017,GO:0046474,GO:0046486,GO:0071704,GO:0090407,GO:1901576"
pcrA~~~pcrA_2~~~pcrA_1,"UvrD-helicase,UvrD_C",L,pcrA,ATP-dependent DNA helicase,-
ligA,"BRCT,DNA_ligase_OB,DNA_ligase_ZBD,DNA_ligase_aden,HHH_2,HHH_5",L,ligA,DNA ligase that catalyzes the formation of phosphodiester linkages between 5'-phosphoryl and 3'-hydroxyl groups in double-stranded DNA using NAD as a coenzyme and as the energy source for the reaction. It is essential for DNA replication and repair of damaged DNA,"GO:0003674,GO:0003824,GO:0003909,GO:0003911,GO:0005575,GO:0005622,GO:0005623,GO:0005737,GO:0005829,GO:0006139,GO:0006259,GO:0006266,GO:0006281,GO:0006284,GO:0006288,GO:0006725,GO:0006807,GO:0006950,GO:0006974,GO:0008150,GO:0008152,GO:0009987,GO:0016874,GO:0016886,GO:0033554,GO:0034641,GO:0043170,GO:0044237,GO:0044238,GO:0044260,GO:0044424,GO:0044444,GO:0044464,GO:0046483,GO:0050896,GO:0051103,GO:0051716,GO:0071704,GO:0090304,GO:0140097,GO:1901360"
yerH~~~yerH_1~~~yerH_2,CamS,S,camS,sex pheromone,-
putP~~~putP_2~~~putP_1,SSF,E,putP,Belongs to the sodium solute symporter (SSF) (TC 2.A.21) family,-
gatC_2~~~gatC_1,Glu-tRNAGln,J,gatC,Allows the formation of correctly charged Asn-tRNA(Asn) or Gln-tRNA(Gln) through the transamidation of misacylated Asp- tRNA(Asn) or Glu-tRNA(Gln) in organisms which lack either or both of asparaginyl-tRNA or glutaminyl-tRNA synthetases. The reaction takes place in the presence of glutamine and ATP through an activated phospho-Asp-tRNA(Asn) or phospho-Glu-tRNA(Gln),-
gatA_2~~~gatA_1~~~gatA,Amidase,J,gatA,Allows the formation of correctly charged Gln-tRNA(Gln) through the transamidation of misacylated Glu-tRNA(Gln) in organisms which lack glutaminyl-tRNA synthetase. The reaction takes place in the presence of glutamine and ATP through an activated gamma-phospho-Glu-tRNA(Gln),-
gatB_2~~~gatB_1,"GatB_N,GatB_Yqey",J,gatB,Allows the formation of correctly charged Asn-tRNA(Asn) or Gln-tRNA(Gln) through the transamidation of misacylated Asp- tRNA(Asn) or Glu-tRNA(Gln) in organisms which lack either or both of asparaginyl-tRNA or glutaminyl-tRNA synthetases. The reaction takes place in the presence of glutamine and ATP through an activated phospho-Asp-tRNA(Asn) or phospho-Glu-tRNA(Gln),"GO:0003674,GO:0003824,GO:0006082,GO:0006139,GO:0006399,GO:0006520,GO:0006725,GO:0006807,GO:0008150,GO:0008152,GO:0009987,GO:0016070,GO:0016874,GO:0016879,GO:0016884,GO:0019752,GO:0034641,GO:0034660,GO:0043038,GO:0043039,GO:0043170,GO:0043436,GO:0044237,GO:0044238,GO:0044281,GO:0046483,GO:0050567,GO:0070681,GO:0071704,GO:0090304,GO:0140098,GO:0140101,GO:1901360,GO:1901564"
dagK,DAGK_cat,I,dagK,Catalyzes the phosphorylation of diacylglycerol (DAG) into phosphatidic acid. Is a key enzyme involved in the production of lipoteichoic acid by reintroducing DAG formed from the breakdown of membrane phospholipids into the phosphatidylglycerol biosynthetic pathway (By similarity),"GO:0003674,GO:0003824,GO:0004143,GO:0006793,GO:0006796,GO:0008150,GO:0008152,GO:0009987,GO:0016301,GO:0016310,GO:0016740,GO:0016772,GO:0016773,GO:0044237"
rlmCD~~~rlmCD_2~~~rlmCD_1,"TRAM,tRNA_U5-meth_tr",J,rumA,Belongs to the class I-like SAM-binding methyltransferase superfamily. RNA M5U methyltransferase family,-
group_1304,DUF3267,S,-,Putative zincin peptidase,-
dinB~~~dinB_2~~~dinB_1,"IMS,IMS_C,IMS_HHH",L,dinB,"Poorly processive, error-prone DNA polymerase involved in untargeted mutagenesis. Copies undamaged DNA at stalled replication forks, which arise in vivo from mismatched or misaligned primer ends. These misaligned primers can be extended by PolIV. Exhibits no 3'-5' exonuclease (proofreading) activity. May be involved in translesional synthesis, in conjunction with the beta clamp from PolIII","GO:0006950,GO:0006974,GO:0007154,GO:0008150,GO:0009432,GO:0009605,GO:0009987,GO:0009991,GO:0031668,GO:0033554,GO:0050896,GO:0051716,GO:0071496"
group_1303,"BRCT,RNase_T",L,polC_2,DNA polymerase III,-
ftnA,Ferritin,P,ftnA,Iron-storage protein,"GO:0003674,GO:0005488,GO:0005506,GO:0005575,GO:0005622,GO:0005623,GO:0005737,GO:0006873,GO:0006875,GO:0006879,GO:0006880,GO:0008150,GO:0009987,GO:0019725,GO:0030003,GO:0042592,GO:0043167,GO:0043169,GO:0044424,GO:0044464,GO:0046872,GO:0046914,GO:0046916,GO:0048878,GO:0050801,GO:0051179,GO:0051235,GO:0051238,GO:0051641,GO:0051651,GO:0055065,GO:0055072,GO:0055076,GO:0055080,GO:0055082,GO:0065007,GO:0065008,GO:0097577,GO:0098771"
murT,"DUF1727,Mur_ligase_M",M,murE2,Domain of unknown function (DUF1727),-
gatD_1~~~gatD_2,GATase_3,S,-,glutamine amidotransferase,-
map_2~~~map_3~~~map_1,Peptidase_M24,E,map,Methionine aminopeptidase,-
vraS,"HATPase_c,HisKA_3",T,vraS,Member of the two-component regulatory system VraS VraR involved in the control of the cell wall peptidoglycan biosynthesis,-
vraR,"GerE,Response_reg",K,vraR,response regulator,-
ptpA,LMWPc,T,yfkJ,Belongs to the low molecular weight phosphotyrosine protein phosphatase family,-
pepS_1~~~pepS_2~~~pepS,Peptidase_M29,E,pepS,COG2309 Leucyl aminopeptidase (aminopeptidase T),-
mgt,Transgly,M,mgt,Peptidoglycan polymerase that catalyzes glycan chain elongation using lipid-linked disaccharide-pentapeptide as the substrate,-
recX_2~~~recX_1~~~recX,RecX,S,recX,Regulatory protein RecX,-
yfhH,DUF1811,S,yfhH,Protein of unknown function (DUF1811),-
tagH_2~~~tagH_1,ABC_tran,GM,-,ABC-type polysaccharide polyol phosphate transport system ATPase component,-
yfhP,YdjM,S,yfhP,membrane-bound metal-dependent,-
group_2108,DUF402,J,ygaC,Belongs to the UPF0374 family,-
group_3187,"ABC_membrane,ABC_tran",V,ygaD,"ABC transporter, ATP-binding protein","GO:0003674,GO:0003824,GO:0005215,GO:0005319,GO:0006810,GO:0006869,GO:0008150,GO:0010876,GO:0015399,GO:0015405,GO:0016462,GO:0016787,GO:0016817,GO:0016818,GO:0016887,GO:0017111,GO:0022804,GO:0022857,GO:0033036,GO:0034040,GO:0042623,GO:0042626,GO:0043492,GO:0051179,GO:0051234,GO:0055085,GO:0071702"
group_3015,ArAE_1,S,ygaE,Fusaric acid resistance protein family,-
hemL2,Aminotran_3,H,gsaB,Glutamate-1-semialdehyde aminotransferase,-
bcp,AhpC-TSA,O,bcp,Redoxin,-
perR,FUR,K,perR,Belongs to the Fur family,-
hrtA_1~~~hrtA_2~~~hrtA,ABC_tran,P,hrtA,"ABC transporter, ATP-binding protein",-
group_1176,"FtsX,MacB_PCD",V,hrtB,Part of the ABC transporter complex hrt involved in hemin import. Responsible for the translocation of the substrate across the membrane (By similarity),"GO:0005575,GO:0005623,GO:0005886,GO:0016020,GO:0044464,GO:0071944"
hssR~~~hssR_1~~~hssR_2,"Response_reg,Trans_reg_C",K,hssR,"Member of the two-component regulatory system HssS HssR involved in intracellular heme homeostasis and tempering of staphylococcal virulence. Phosphorylated HssR binds to a direct repeat sequence within hrtAB promoter and activates the expression of hrtAB, an efflux pump, in response to extracellular heme, hemin, hemoglobin or blood (By similarity)",-
hssS~~~hssS_1~~~hssS_2,"HAMP,HATPase_c,HisKA",T,hssS,"Member of the two-component regulatory system HssS HssR involved in intracellular heme homeostasis and tempering of staphylococcal virulence. HssS functions as a heme sensor histidine kinase which is autophosphorylated at a histidine residue and transfers its phosphate group to an aspartate residue of HssR. HssR HssS activates the expression of hrtAB, an efflux pump, in response to extracellular heme, hemin, hemoglobin or blood (By similarity)",-
group_1212,DUF3021,S,-,Protein of unknown function (DUF3021),-
lctP_1~~~lctP_2,Lactate_perm,C,lctP,L-lactate permease,"GO:0005575,GO:0005623,GO:0005886,GO:0016020,GO:0044464,GO:0071944"
group_991,Glyphos_transf,M,-,CDP-Glycerol:Poly(glycerophosphate) glycerophosphotransferase,-
yhfP~~~yhfP_2~~~yhfP_1,"ADH_N,ADH_zinc_N",C,yhfP,COG0604 NADPH quinone reductase and related Zn-dependent oxidoreductases,-
group_992,"Pyr_redox_2,Pyr_redox_3",C,-,reductase,-
group_993,DUF2871,S,-,Protein of unknown function (DUF2871),-
group_1177,"ABC2_membrane_3,DUF3533",V,-,ABC-2 family transporter protein,-
group_995,CorA,P,corA,Transporter,-
treP_1~~~treP_2~~~treP_3,"PTS_EIIA_1,PTS_EIIB,PTS_EIIC",G,scrA,PTS system,-
group_996,"AraC_binding,AraC_binding_2,HTH_18,HTH_AraC",K,araC9,Transcriptional regulator,-
group_1216,DUF4889,S,-,Domain of unknown function (DUF4889),-
gltT,SDF,C,gltT,Belongs to the dicarboxylate amino acid cation symporter (DAACS) (TC 2.A.23) family,-
group_997,DUF3139,S,-,Protein of unknown function (DUF3139),-
nreC~~~nreC_2~~~nreC_1,"GerE,Response_reg",K,nreC,"Member of the two-component regulatory system NreB NreC involved in the control of dissimilatory nitrate nitrite reduction in response to oxygen. Phosphorylated NreC binds to a GC-rich palindromic sequence at the promoters of the nitrate (narGHJI) and nitrite (nir) reductase operons, as well as the",-
nreB,"HATPase_c,HisKA_3",F,nreB,"Member of the two-component regulatory system NreB NreC involved in the control of dissimilatory nitrate nitrite reduction in response to oxygen. NreB functions as a direct oxygen sensor histidine kinase which is autophosphorylated, in the absence of oxygen, probably at the conserved histidine residue, and transfers its phosphate group probably to a conserved aspartate residue of NreC. NreB NreC activates the expression of the nitrate (narGHJI) and nitrite (nir) reductase operons, as well as the",-
group_999,GAF_2,T,nreA,GAF domain,-
narX,Nitrate_red_gam,C,narI,"nitrate reductase, gamma subunit",-
group_1000,Nitrate_red_del,C,narJ,Nitrate reductase,-
narH~~~narY,"Fer4_11,Nitr_red_bet_C",C,narH,Nitrate reductase beta subunit,-
narG~~~narZ,"Molybdopterin,Molydop_binding,Nitr_red_alph_N",C,narG,belongs to the prokaryotic molybdopterin-containing oxidoreductase family,-
nasE,Rieske_2,P,nirD,Nitrite reductase,-
nasD~~~nasB~~~nasD_2~~~nasD_1,"Fer2_BFD,NIR_SIR,NIR_SIR_ferr,Pyr_redox_2",C,nasD,Belongs to the nitrite and sulfite reductase 4Fe-4S domain family,-
snaA~~~snaA_1~~~snaA_2,"Acetyltransf_1,Acetyltransf_7",K,ytmI,"Acetyltransferase, gnat family",-
nirC,Form_Nir_trans,P,nirC_1,Formate/nitrite transporter,-
group_1002,AHSA1,S,-,Activator of Hsp90 ATPase homolog 1-like protein,-
adcA~~~zinT~~~adcA_1~~~adcA_2,"ZinT,ZnuA",P,adcA,Belongs to the bacterial solute-binding protein 9 family,-
yoeB,YoeB_toxin,S,yoeB,YoeB-like toxin of bacterial type II toxin-antitoxin system,-
yefM,PhdYeFM_antitox,D,-,Antitoxin component of a toxin-antitoxin (TA) module,-
bdbD,Thioredoxin_4,O,-,Thioredoxin,-
group_1003,DUF4467,S,-,Domain of unknown function with cystatin-like fold (DUF4467),-
tcyC_1~~~tcyC_2~~~yxeO~~~tcyC,ABC_tran,E,tcyC,"ABC transporter, ATP-binding protein",-
tcyB,BPD_transp_1,P,tcyB,ABC transporter (permease),"GO:0003333,GO:0003674,GO:0005215,GO:0005342,GO:0005575,GO:0005623,GO:0005886,GO:0006810,GO:0006811,GO:0006820,GO:0006865,GO:0008150,GO:0008509,GO:0008514,GO:0015075,GO:0015171,GO:0015318,GO:0015711,GO:0015849,GO:0016020,GO:0022857,GO:0034220,GO:0044464,GO:0046942,GO:0046943,GO:0051179,GO:0051234,GO:0055085,GO:0071702,GO:0071705,GO:0071944,GO:0098656,GO:1903825,GO:1905039"
group_1004,SBP_bac_3,ET,-,Bacterial periplasmic substrate-binding proteins,-
mdtP,MFS_1,EGP,-,Belongs to the major facilitator superfamily,-
group_1005,-,-,-,-,-
gpmA_1~~~gpmA_2,His_Phos_1,G,gpmA,Catalyzes the interconversion of 2-phosphoglycerate and 3-phosphoglycerate,"GO:0001871,GO:0003674,GO:0003824,GO:0004619,GO:0005488,GO:0005575,GO:0005622,GO:0005623,GO:0005737,GO:0005829,GO:0005975,GO:0005996,GO:0006006,GO:0006082,GO:0006090,GO:0006091,GO:0006094,GO:0006096,GO:0006109,GO:0006139,GO:0006140,GO:0006163,GO:0006164,GO:0006165,GO:0006725,GO:0006732,GO:0006733,GO:0006753,GO:0006754,GO:0006757,GO:0006793,GO:0006796,GO:0006807,GO:0008150,GO:0008152,GO:0009056,GO:0009058,GO:0009108,GO:0009117,GO:0009123,GO:0009124,GO:0009126,GO:0009127,GO:0009132,GO:0009135,GO:0009141,GO:0009142,GO:0009144,GO:0009145,GO:0009150,GO:0009152,GO:0009156,GO:0009161,GO:0009165,GO:0009166,GO:0009167,GO:0009168,GO:0009179,GO:0009185,GO:0009199,GO:0009201,GO:0009205,GO:0009206,GO:0009259,GO:0009260,GO:0009894,GO:0009986,GO:0009987,GO:0010675,GO:0016051,GO:0016052,GO:0016053,GO:0016310,GO:0016853,GO:0016866,GO:0016868,GO:0017144,GO:0018130,GO:0019219,GO:0019220,GO:0019222,GO:0019318,GO:0019319,GO:0019359,GO:0019362,GO:0019363,GO:0019438,GO:0019439,GO:0019637,GO:0019693,GO:0019752,GO:0030246,GO:0030247,GO:0031323,GO:0031329,GO:0032787,GO:0034248,GO:0034404,GO:0034641,GO:0034654,GO:0034655,GO:0042866,GO:0043436,GO:0043455,GO:0043456,GO:0043470,GO:0043471,GO:0044237,GO:0044238,GO:0044248,GO:0044249,GO:0044270,GO:0044271,GO:0044281,GO:0044283,GO:0044424,GO:0044444,GO:0044464,GO:0046031,GO:0046034,GO:0046364,GO:0046390,GO:0046394,GO:0046434,GO:0046483,GO:0046496,GO:0046538,GO:0046700,GO:0046939,GO:0050789,GO:0050794,GO:0051171,GO:0051174,GO:0051186,GO:0051188,GO:0051193,GO:0051196,GO:0055086,GO:0060255,GO:0062012,GO:0065007,GO:0071704,GO:0072330,GO:0072521,GO:0072522,GO:0072524,GO:0072525,GO:0080090,GO:0090407,GO:1901135,GO:1901137,GO:1901292,GO:1901293,GO:1901360,GO:1901361,GO:1901362,GO:1901564,GO:1901566,GO:1901575,GO:1901576,GO:1902031,GO:2001065"
mneS~~~mneS_1~~~mneS_2,"Cation_efflux,ZT_dimer",P,yeaB,Belongs to the cation diffusion facilitator (CDF) transporter (TC 2.A.4) family,-
fabI,adh_short_C2,I,fabI,Enoyl- acyl-carrier-protein reductase,"GO:0000166,GO:0003674,GO:0003824,GO:0004312,GO:0004318,GO:0005488,GO:0006082,GO:0006629,GO:0006631,GO:0006633,GO:0006950,GO:0008150,GO:0008152,GO:0008610,GO:0009058,GO:0009266,GO:0009409,GO:0009628,GO:0009987,GO:0016043,GO:0016053,GO:0016491,GO:0016627,GO:0016628,GO:0016740,GO:0016746,GO:0016747,GO:0019752,GO:0022607,GO:0030497,GO:0032787,GO:0033554,GO:0036094,GO:0043436,GO:0043933,GO:0044085,GO:0044237,GO:0044238,GO:0044249,GO:0044255,GO:0044281,GO:0044283,GO:0046394,GO:0048037,GO:0050661,GO:0050662,GO:0050896,GO:0051259,GO:0051260,GO:0051262,GO:0051289,GO:0051716,GO:0055114,GO:0065003,GO:0070417,GO:0071704,GO:0071840,GO:0072330,GO:0097159,GO:1901265,GO:1901363,GO:1901576"
group_1403,AI-2E_transport,S,yueF,AI-2E family transporter,-
acp~~~alsT_1~~~acp_1~~~acp_2~~~alsT_2,Na_Ala_symp,U,yrbD,Sodium alanine symporter family protein,"GO:0005575,GO:0005623,GO:0005886,GO:0016020,GO:0044464,GO:0071944"
group_852,2_5_RNA_ligase2,J,yjcG,Belongs to the 2H phosphoesterase superfamily. YjcG family,-
ltaA,MFS_1,EGP,ltaA,"permease that is required for glycolipid anchoring of LTA. May facilitate the transport of diglucosyl- diacylglycerol (Glc2-DAG) from the inner to the outer leaflet of the cytoplasmic membrane, delivering Glc2-DAG as a substrate for LTA synthesis, thereby generating glycolipid-anchored LTA. Appears to play an important role in virulence",-
ugtP,"Glyco_tran_28_C,Glycos_transf_1,MGDG_synth",M,ugtP,"Processive glucosyltransferase involved in the biosynthesis of both the bilayer- and non-bilayer-forming membrane glucolipids. Is able to successively transfer two glucosyl residues to diacylglycerol (DAG), thereby catalyzing the formation of beta-monoglucosyl-DAG (3-O-(beta-D-glucopyranosyl)-1,2-diacyl- sn-glycerol) and beta-diglucosyl-DAG (3-O-(beta-D-glucopyranosyl- beta-(1- 6)-D-glucopyranosyl)-1,2-diacyl-sn-glycerol). Beta- diglucosyl-DAG is the predominant glycolipid found in Bacillales and is also used as a membrane anchor for lipoteichoic acid (LTA)","GO:0003674,GO:0003824,GO:0008194,GO:0016740,GO:0016757,GO:0016758,GO:0035251,GO:0046527,GO:0047228"
group_2995,YueH,S,-,YueH-like protein,-
prfC,"GTP_EFTU,GTP_EFTU_D2,RF3_C",J,prfC,"Increases the formation of ribosomal termination complexes and stimulates activities of RF-1 and RF-2. It binds guanine nucleotides and has strong preference for UGA stop codons. It may interact directly with the ribosome. The stimulation of RF- 1 and RF-2 is significantly reduced by GTP and GDP, but not by GMP","GO:0003674,GO:0003676,GO:0003723,GO:0003747,GO:0005488,GO:0005575,GO:0005622,GO:0005623,GO:0005737,GO:0005829,GO:0006412,GO:0006415,GO:0006518,GO:0006807,GO:0008079,GO:0008135,GO:0008150,GO:0008152,GO:0009058,GO:0009059,GO:0009987,GO:0010467,GO:0016043,GO:0016150,GO:0019538,GO:0022411,GO:0032984,GO:0034641,GO:0034645,GO:0043043,GO:0043170,GO:0043603,GO:0043604,GO:0043624,GO:0043933,GO:0044237,GO:0044238,GO:0044249,GO:0044260,GO:0044267,GO:0044271,GO:0044424,GO:0044444,GO:0044464,GO:0071704,GO:0071840,GO:0097159,GO:1901363,GO:1901564,GO:1901566,GO:1901576"
group_2109,TerC,P,ykoY,"COG0861 Membrane protein TerC, possibly involved in tellurium resistance",-
ktrB_1~~~ktrB_2~~~ntpJ,TrkH,P,ktrD,transport protein,-
yfkN~~~cpdB~~~yfkN_1,5_nucleotid_C,F,-,Belongs to the 5'-nucleotidase family,-
comK,ComK,K,comK,Competence transcription factor,-
group_2,"BPL_LplA_LipB,Lip_prot_lig_C",H,lplJ,Lipoate-protein ligase,"GO:0003674,GO:0003824,GO:0006464,GO:0006807,GO:0008150,GO:0008152,GO:0009249,GO:0009987,GO:0010467,GO:0016740,GO:0016746,GO:0016747,GO:0016772,GO:0016779,GO:0016874,GO:0016879,GO:0016979,GO:0017118,GO:0018065,GO:0018193,GO:0018205,GO:0019538,GO:0036211,GO:0043170,GO:0043412,GO:0044237,GO:0044238,GO:0044260,GO:0044267,GO:0051604,GO:0071704,GO:0140096,GO:1901564"
group_2110,DUF2187,S,ykvS,Uncharacterized protein conserved in bacteria (DUF2187),-
group_2983,Abi,S,-,protease,-
menA,UbiA,H,menA,Belongs to the MenA family. Type 1 subfamily,-
pchA,Chorismate_bind,HQ,menF,Isochorismate synthase,-
menB,ECH_1,H,menB,"Converts o-succinylbenzoyl-CoA (OSB-CoA) to 1,4- dihydroxy-2-naphthoyl-CoA (DHNA-CoA)",-
sspC,Staphostatin_B,S,sspC,Staphostatin B,-
dapX~~~dapX_1~~~dapX_2,Aminotran_1_2,E,patA,Aminotransferase,-
group_3028,Acyl_transf_3,G,-,Acyltransferase family,-
slyA_1~~~slyA_2~~~slyA,MarR,K,-,Transcriptional regulator,-
group_2112,DUF2538,S,-,Protein of unknown function (DUF2538),-
qoxD,COX4_pro,C,qoxD,"quinol oxidase, subunit","GO:0003674,GO:0003824,GO:0006091,GO:0006119,GO:0006139,GO:0006163,GO:0006725,GO:0006753,GO:0006793,GO:0006796,GO:0006807,GO:0008150,GO:0008152,GO:0009117,GO:0009123,GO:0009126,GO:0009141,GO:0009144,GO:0009150,GO:0009161,GO:0009167,GO:0009199,GO:0009205,GO:0009259,GO:0009987,GO:0015980,GO:0016310,GO:0016491,GO:0016679,GO:0016682,GO:0017144,GO:0019637,GO:0019693,GO:0022900,GO:0022904,GO:0034641,GO:0042773,GO:0044237,GO:0044238,GO:0044281,GO:0045333,GO:0046034,GO:0046483,GO:0055086,GO:0055114,GO:0071704,GO:0072521,GO:1901135,GO:1901360,GO:1901564"
qoxC,COX3,C,qoxC,"quinol oxidase, subunit","GO:0003674,GO:0003824,GO:0006091,GO:0006119,GO:0006139,GO:0006163,GO:0006725,GO:0006753,GO:0006793,GO:0006796,GO:0006807,GO:0008150,GO:0008152,GO:0009117,GO:0009123,GO:0009126,GO:0009141,GO:0009144,GO:0009150,GO:0009161,GO:0009167,GO:0009199,GO:0009205,GO:0009259,GO:0009987,GO:0015980,GO:0016310,GO:0016491,GO:0016679,GO:0016682,GO:0017144,GO:0019637,GO:0019693,GO:0022900,GO:0022904,GO:0034641,GO:0042773,GO:0044237,GO:0044238,GO:0044281,GO:0045333,GO:0046034,GO:0046483,GO:0055086,GO:0055114,GO:0071704,GO:0072521,GO:1901135,GO:1901360,GO:1901564"
qoxB,COX1,C,qoxB,Belongs to the heme-copper respiratory oxidase family,"GO:0003674,GO:0003824,GO:0005575,GO:0005623,GO:0005886,GO:0005887,GO:0006091,GO:0006119,GO:0006139,GO:0006163,GO:0006725,GO:0006753,GO:0006793,GO:0006796,GO:0006807,GO:0006810,GO:0006811,GO:0006812,GO:0008150,GO:0008152,GO:0009060,GO:0009117,GO:0009123,GO:0009126,GO:0009141,GO:0009144,GO:0009150,GO:0009161,GO:0009167,GO:0009199,GO:0009205,GO:0009259,GO:0009486,GO:0009987,GO:0015002,GO:0015672,GO:0015980,GO:0015988,GO:0015990,GO:0016020,GO:0016021,GO:0016310,GO:0016491,GO:0016679,GO:0016682,GO:0017144,GO:0019637,GO:0019693,GO:0022900,GO:0022904,GO:0031224,GO:0031226,GO:0034220,GO:0034641,GO:0042773,GO:0044237,GO:0044238,GO:0044281,GO:0044425,GO:0044459,GO:0044464,GO:0045333,GO:0046034,GO:0046483,GO:0051179,GO:0051234,GO:0055085,GO:0055086,GO:0055114,GO:0071704,GO:0071944,GO:0072521,GO:0098655,GO:0098660,GO:0098662,GO:1901135,GO:1901360,GO:1901564,GO:1902600"
qoxA,"COX2,COX2_TM",C,qoxA,Catalyzes quinol oxidation with the concomitant reduction of oxygen to water. Subunit II transfers the electrons from a quinol to the binuclear center of the catalytic subunit I,"GO:0003674,GO:0003824,GO:0005215,GO:0005575,GO:0005623,GO:0005886,GO:0005887,GO:0006091,GO:0006119,GO:0006139,GO:0006163,GO:0006725,GO:0006753,GO:0006793,GO:0006796,GO:0006807,GO:0006810,GO:0006811,GO:0006812,GO:0008150,GO:0008152,GO:0008324,GO:0009055,GO:0009117,GO:0009123,GO:0009126,GO:0009141,GO:0009144,GO:0009150,GO:0009161,GO:0009167,GO:0009199,GO:0009205,GO:0009259,GO:0009319,GO:0009987,GO:0015002,GO:0015075,GO:0015077,GO:0015078,GO:0015318,GO:0015672,GO:0015980,GO:0016020,GO:0016021,GO:0016310,GO:0016491,GO:0016679,GO:0016682,GO:0017144,GO:0019637,GO:0019693,GO:0022857,GO:0022890,GO:0022900,GO:0022904,GO:0031224,GO:0031226,GO:0032991,GO:0034220,GO:0034641,GO:0042773,GO:0044237,GO:0044238,GO:0044281,GO:0044425,GO:0044459,GO:0044464,GO:0045333,GO:0046034,GO:0046483,GO:0051179,GO:0051234,GO:0055085,GO:0055086,GO:0055114,GO:0070069,GO:0071704,GO:0071944,GO:0072521,GO:0098655,GO:0098660,GO:0098662,GO:0098796,GO:1901135,GO:1901360,GO:1901564,GO:1902494,GO:1902600"
group_1357,-,S,-,Protein of unknown function (DUF1514),-
group_1494,-,S,-,"hydrolase activity, acting on ester bonds",-
group_1375,-,S,-,"Phage terminase, small subunit",-
group_1008,-,S,-,Phage portal protein,-
group_1009,Phage_connect_1,S,-,Phage gp6-like head-tail connector protein,-
group_1203,-,S,-,peptidase activity,"GO:0003674,GO:0003824,GO:0005575,GO:0006508,GO:0006807,GO:0008150,GO:0008152,GO:0008233,GO:0016787,GO:0019012,GO:0019538,GO:0043170,GO:0044238,GO:0071704,GO:0140096,GO:1901564"
smc_2~~~smc_1,-,S,-,peptidoglycan catabolic process,"GO:0008150,GO:0016032,GO:0019058,GO:0019068,GO:0044403,GO:0044419,GO:0051704,GO:0098003"
group_1013,-,S,-,Phage tail protein,-
group_1016,-,-,-,-,-
group_1017,DUF2479,S,-,Domain of unknown function (DUF2479),-
group_1262,Holin_SPP1,S,xhlB,SPP1 phage holin,-
group_1326,-,S,-,peptidoglycan catabolic process,"GO:0005575,GO:0008150,GO:0016032,GO:0019012,GO:0019058,GO:0019062,GO:0022610,GO:0044403,GO:0044406,GO:0044419,GO:0044423,GO:0044650,GO:0051704,GO:0098015,GO:0098024"
ribU,ECF_trnsprt,U,ribU,"Mediates riboflavin uptake, may also transport FMN and roseoflavin. Probably a riboflavin-binding protein that interacts with the energy-coupling factor (ECF) ABC-transporter complex. Unlike classic ABC transporters this ECF transporter provides the energy necessary to transport a number of different substrates. The substrates themselves are bound by transmembrane, not extracytoplasmic soluble proteins","GO:0003674,GO:0005215,GO:0005575,GO:0005623,GO:0005886,GO:0006810,GO:0006811,GO:0006820,GO:0006855,GO:0008150,GO:0008509,GO:0008514,GO:0015075,GO:0015238,GO:0015711,GO:0015893,GO:0016020,GO:0022857,GO:0032217,GO:0032218,GO:0034220,GO:0035461,GO:0042221,GO:0042493,GO:0044464,GO:0050896,GO:0051179,GO:0051180,GO:0051234,GO:0055085,GO:0071702,GO:0071705,GO:0071944,GO:0090482,GO:0098656"
group_210,Fer4_13,C,fer,Ferredoxin,-
recS~~~cshA_1~~~dbpA,"DEAD,Helicase_C,RecQ_Zn_bind",L,recQ,DNA helicase,"GO:0003674,GO:0003676,GO:0003677,GO:0003678,GO:0003824,GO:0004003,GO:0004386,GO:0005488,GO:0005575,GO:0005622,GO:0005623,GO:0005694,GO:0005737,GO:0006139,GO:0006259,GO:0006281,GO:0006310,GO:0006725,GO:0006807,GO:0006950,GO:0006974,GO:0006996,GO:0008026,GO:0008094,GO:0008150,GO:0008152,GO:0009295,GO:0009378,GO:0009987,GO:0016043,GO:0016462,GO:0016787,GO:0016817,GO:0016818,GO:0016887,GO:0017111,GO:0032392,GO:0032508,GO:0033554,GO:0034641,GO:0042623,GO:0043138,GO:0043140,GO:0043170,GO:0043226,GO:0043228,GO:0043229,GO:0043232,GO:0043590,GO:0044237,GO:0044238,GO:0044260,GO:0044424,GO:0044464,GO:0046483,GO:0050896,GO:0051276,GO:0051716,GO:0070035,GO:0071103,GO:0071704,GO:0071840,GO:0090304,GO:0097159,GO:0140097,GO:1901360,GO:1901363"
bdr~~~bdr_1~~~bdr_2,Pyr_redox_3,C,ypdA,Thioredoxin reductase,-
ansB~~~ansA,Asparaginase,EJ,ansB,L-asparaginase,-
cmk,Cytidylate_kin,F,cmk,Belongs to the cytidylate kinase family. Type 1 subfamily,"GO:0003674,GO:0003824,GO:0004127,GO:0004592,GO:0005575,GO:0005622,GO:0005623,GO:0005737,GO:0005829,GO:0006082,GO:0006139,GO:0006520,GO:0006573,GO:0006575,GO:0006725,GO:0006732,GO:0006753,GO:0006766,GO:0006767,GO:0006793,GO:0006796,GO:0006807,GO:0008150,GO:0008152,GO:0009058,GO:0009081,GO:0009108,GO:0009110,GO:0009117,GO:0009123,GO:0009165,GO:0009987,GO:0015939,GO:0015940,GO:0016053,GO:0016301,GO:0016310,GO:0016740,GO:0016772,GO:0016776,GO:0016874,GO:0016879,GO:0016881,GO:0018130,GO:0019205,GO:0019438,GO:0019637,GO:0019752,GO:0032787,GO:0033317,GO:0034641,GO:0034654,GO:0042364,GO:0042398,GO:0043436,GO:0043603,GO:0043604,GO:0044237,GO:0044238,GO:0044249,GO:0044271,GO:0044281,GO:0044283,GO:0044424,GO:0044444,GO:0044464,GO:0046394,GO:0046483,GO:0046939,GO:0046940,GO:0050145,GO:0051186,GO:0051188,GO:0055086,GO:0071704,GO:0072330,GO:0090407,GO:1901293,GO:1901360,GO:1901362,GO:1901564,GO:1901566,GO:1901576,GO:1901605"
rpsA~~~rpsA_1~~~rpsA_2,S1,J,rpsA,Ribosomal protein S1,-
der,"KH_dom-like,MMR_HSR1",S,der,GTPase that plays an essential role in the late steps of ribosome biogenesis,-
gpsA~~~gpsA_2~~~gpsA_1,"NAD_Gly3P_dh_C,NAD_Gly3P_dh_N",I,gpsA,Glycerol-3-phosphate dehydrogenase,-
hup,Bac_DNA_binding,L,hup,"Histone-like DNA-binding protein which is capable of wrapping DNA to stabilize it, and thus to prevent its denaturation under extreme environmental conditions",-
group_3080,HEPPP_synt_1,-,-,-,-
hepT,polyprenyl_synt,H,hepT,Belongs to the FPP GGPP synthase family,"GO:0003674,GO:0003824,GO:0006732,GO:0008150,GO:0008152,GO:0009058,GO:0009108,GO:0009233,GO:0009234,GO:0009987,GO:0016740,GO:0016765,GO:0042180,GO:0042181,GO:0044237,GO:0044249,GO:0044281,GO:0044283,GO:0051186,GO:0051188,GO:0071704,GO:1901576,GO:1901661,GO:1901663"
ndk,NDK,F,ndk,"Major role in the synthesis of nucleoside triphosphates other than ATP. The ATP gamma phosphate is transferred to the NDP beta phosphate via a ping-pong mechanism, using a phosphorylated active-site intermediate","GO:0003674,GO:0003824,GO:0004550,GO:0005575,GO:0005622,GO:0005623,GO:0006139,GO:0006163,GO:0006165,GO:0006220,GO:0006725,GO:0006753,GO:0006793,GO:0006796,GO:0006807,GO:0008150,GO:0008152,GO:0009117,GO:0009132,GO:0009987,GO:0016301,GO:0016310,GO:0016740,GO:0016772,GO:0016776,GO:0019205,GO:0019637,GO:0034641,GO:0044237,GO:0044238,GO:0044281,GO:0044464,GO:0046483,GO:0046939,GO:0055086,GO:0071704,GO:0072521,GO:0072527,GO:1901360,GO:1901564"
aroA_1~~~aroA_2,EPSP_synthase,E,aroA,Catalyzes the transfer of the enolpyruvyl moiety of phosphoenolpyruvate (PEP) to the 5-hydroxyl of shikimate-3- phosphate (S3P) to produce enolpyruvyl shikimate-3-phosphate and inorganic phosphate,"GO:0003674,GO:0003824,GO:0003866,GO:0006082,GO:0008150,GO:0008152,GO:0009058,GO:0009423,GO:0009987,GO:0016053,GO:0016740,GO:0016765,GO:0019752,GO:0043436,GO:0043648,GO:0043650,GO:0044237,GO:0044249,GO:0044281,GO:0044283,GO:0046394,GO:0046417,GO:0071704,GO:1901576"
ypiA,"TPR_16,TPR_19,TPR_2,TPR_6,TPR_7,TPR_8",G,XK27_05225,COG0457 FOG TPR repeat,-
gabR~~~gabR_1~~~gabR_2,"Aminotran_1_2,GntR",K,gabR,Transcriptional regulator,-
pdxS,SOR_SNZ,H,pdxS,"Catalyzes the formation of pyridoxal 5'-phosphate from ribose 5-phosphate (RBP), glyceraldehyde 3-phosphate (G3P) and ammonia. The ammonia is provided by the PdxT subunit. Can also use ribulose 5-phosphate and dihydroxyacetone phosphate as substrates, resulting from enzyme-catalyzed isomerization of RBP and G3P, respectively","GO:0003674,GO:0005488,GO:0005515,GO:0042802"
nupC_1~~~nupC_2,"Gate,Nucleos_tra2_C,Nucleos_tra2_N",F,nupC,Nucleoside,"GO:0003674,GO:0005215,GO:0005337,GO:0005575,GO:0005623,GO:0005886,GO:0005887,GO:0006810,GO:0006811,GO:0006812,GO:0008150,GO:0008324,GO:0015075,GO:0015077,GO:0015078,GO:0015212,GO:0015213,GO:0015214,GO:0015291,GO:0015293,GO:0015294,GO:0015295,GO:0015318,GO:0015506,GO:0015672,GO:0015858,GO:0015861,GO:0015862,GO:0015864,GO:0015931,GO:0015932,GO:0016020,GO:0016021,GO:0022804,GO:0022857,GO:0022890,GO:0031224,GO:0031226,GO:0034220,GO:0044425,GO:0044459,GO:0044464,GO:0051179,GO:0051234,GO:0055085,GO:0071702,GO:0071705,GO:0071944,GO:0072531,GO:0098655,GO:0098660,GO:0098662,GO:1901264,GO:1901505,GO:1901642,GO:1902600"
ctsR,CtsR,K,ctsR,Transcriptional regulator CtsR,"GO:0006950,GO:0008150,GO:0010035,GO:0010038,GO:0042221,GO:0046686,GO:0046688,GO:0050896,GO:0097501,GO:1990169,GO:1990170"
mcsA~~~mcsA_2~~~mcsA_1,UVR,S,-,UvrB/uvrC motif,"GO:0003674,GO:0005488,GO:0005507,GO:0006950,GO:0008150,GO:0008270,GO:0010035,GO:0010038,GO:0042221,GO:0043167,GO:0043169,GO:0046686,GO:0046688,GO:0046870,GO:0046872,GO:0046914,GO:0050896,GO:0050897,GO:0097501,GO:1990169,GO:1990170"
mcsB,ATP-gua_Ptrans,E,mcsB,Catalyzes the specific phosphorylation of arginine residues in proteins,"GO:0006950,GO:0008150,GO:0010035,GO:0010038,GO:0042221,GO:0046686,GO:0046688,GO:0050896,GO:0097501,GO:1990169,GO:1990170"
clpC~~~clpC_1~~~clpC_2,"AAA,AAA_2,ClpB_D2-small,Clp_N,UVR",O,clpC,"ATP-dependent Clp protease, ATP-binding subunit ClpC","GO:0006950,GO:0008150,GO:0010035,GO:0010038,GO:0042221,GO:0046686,GO:0046688,GO:0050896,GO:0097501,GO:1990169,GO:1990170"
radA~~~radA_2~~~radA_1,"AAA_25,ATPase,ChlI",O,radA,"DNA-dependent ATPase involved in processing of recombination intermediates, plays a role in repairing DNA breaks. Stimulates the branch migration of RecA-mediated strand transfer reactions, allowing the 3' invading strand to extend heteroduplex DNA faster. Binds ssDNA in the presence of ADP but not other nucleotides, has ATPase activity that is stimulated by ssDNA and various branched DNA structures, but inhibited by SSB. Does not have RecA's homology-searching function",-
gltX,tRNA-synt_1c,J,gltX,Catalyzes the attachment of glutamate to tRNA(Glu) in a two-step reaction glutamate is first activated by ATP to form Glu-AMP and then transferred to the acceptor end of tRNA(Glu),"GO:0001871,GO:0003674,GO:0005488,GO:0005575,GO:0005623,GO:0009986,GO:0030246,GO:0030247,GO:0044464,GO:2001065"
cysE~~~cysE_2~~~cysE_1,"Hexapep,SATase_N",E,cysE,Serine acetyltransferase,"GO:0000096,GO:0000097,GO:0000098,GO:0003674,GO:0003824,GO:0005575,GO:0005622,GO:0005623,GO:0005737,GO:0005829,GO:0006082,GO:0006520,GO:0006534,GO:0006555,GO:0006790,GO:0006807,GO:0008150,GO:0008152,GO:0008374,GO:0008652,GO:0009001,GO:0009056,GO:0009058,GO:0009063,GO:0009066,GO:0009068,GO:0009069,GO:0009070,GO:0009087,GO:0009987,GO:0016053,GO:0016054,GO:0016407,GO:0016412,GO:0016413,GO:0016740,GO:0016746,GO:0016747,GO:0019344,GO:0019752,GO:0043436,GO:0044237,GO:0044238,GO:0044248,GO:0044249,GO:0044272,GO:0044273,GO:0044281,GO:0044282,GO:0044283,GO:0044424,GO:0044444,GO:0044464,GO:0046394,GO:0046395,GO:0071704,GO:1901564,GO:1901565,GO:1901566,GO:1901575,GO:1901576,GO:1901605,GO:1901606,GO:1901607"
cysS,"DALR_2,tRNA-synt_1e,tRNA-synt_1g",J,cysS,Belongs to the class-I aminoacyl-tRNA synthetase family,"GO:0000166,GO:0001871,GO:0003674,GO:0003824,GO:0004812,GO:0004817,GO:0005488,GO:0005524,GO:0005575,GO:0005622,GO:0005623,GO:0005737,GO:0005829,GO:0006082,GO:0006139,GO:0006399,GO:0006412,GO:0006418,GO:0006423,GO:0006518,GO:0006520,GO:0006725,GO:0006807,GO:0008144,GO:0008150,GO:0008152,GO:0009058,GO:0009059,GO:0009986,GO:0009987,GO:0010467,GO:0016070,GO:0016874,GO:0016875,GO:0017076,GO:0019538,GO:0019752,GO:0030246,GO:0030247,GO:0030554,GO:0032553,GO:0032555,GO:0032559,GO:0034641,GO:0034645,GO:0034660,GO:0035639,GO:0036094,GO:0043038,GO:0043039,GO:0043043,GO:0043167,GO:0043168,GO:0043170,GO:0043436,GO:0043603,GO:0043604,GO:0044237,GO:0044238,GO:0044249,GO:0044260,GO:0044267,GO:0044271,GO:0044281,GO:0044424,GO:0044444,GO:0044464,GO:0046483,GO:0071704,GO:0090304,GO:0097159,GO:0097367,GO:0140098,GO:0140101,GO:1901265,GO:1901360,GO:1901363,GO:1901564,GO:1901566,GO:1901576,GO:2001065"
mrnC,Ribonuclease_3,J,mrnC,Involved in correct processing of both the 5' and 3' ends of 23S rRNA precursor. Processes 30S rRNA precursor transcript even in absence of ribonuclease 3 (Rnc),"GO:0003674,GO:0003824,GO:0004518,GO:0004540,GO:0006139,GO:0006364,GO:0006396,GO:0006725,GO:0006807,GO:0008150,GO:0008152,GO:0009987,GO:0010467,GO:0016070,GO:0016072,GO:0016787,GO:0016788,GO:0022613,GO:0034470,GO:0034641,GO:0034660,GO:0042254,GO:0043170,GO:0044085,GO:0044237,GO:0044238,GO:0046483,GO:0071704,GO:0071840,GO:0090304,GO:0090305,GO:0090501,GO:0140098,GO:1901360"
group_2113,"SpoU_methylase,SpoU_sub_bind",J,trmH,Belongs to the class IV-like SAM-binding methyltransferase superfamily. RNA methyltransferase TrmH family,"GO:0000154,GO:0000451,GO:0000453,GO:0001510,GO:0003674,GO:0003824,GO:0005575,GO:0005622,GO:0005623,GO:0005737,GO:0005829,GO:0006139,GO:0006364,GO:0006396,GO:0006725,GO:0006807,GO:0008150,GO:0008152,GO:0008168,GO:0008171,GO:0008173,GO:0008649,GO:0008757,GO:0009451,GO:0009987,GO:0010467,GO:0016070,GO:0016072,GO:0016435,GO:0016740,GO:0016741,GO:0022613,GO:0031167,GO:0032259,GO:0034470,GO:0034641,GO:0034660,GO:0042254,GO:0043170,GO:0043412,GO:0043414,GO:0044085,GO:0044237,GO:0044238,GO:0044260,GO:0044424,GO:0044444,GO:0044464,GO:0046483,GO:0070039,GO:0071704,GO:0071840,GO:0090304,GO:0140098,GO:0140102,GO:1901360"
yacP,NYN_YacP,S,yacP,RNA-binding protein containing a PIN domain,-
nusG,"KOW,NusG",K,nusG,"Participates in transcription elongation, termination and antitermination","GO:0005575,GO:0005622,GO:0005623,GO:0005737,GO:0005829,GO:0006355,GO:0008150,GO:0009889,GO:0010468,GO:0010556,GO:0019219,GO:0019222,GO:0031323,GO:0031326,GO:0044424,GO:0044444,GO:0044464,GO:0050789,GO:0050794,GO:0051171,GO:0051252,GO:0060255,GO:0065007,GO:0080090,GO:1903506,GO:2000112,GO:2001141"
rplK,"Ribosomal_L11,Ribosomal_L11_N",J,rplK,Forms part of the ribosomal stalk which helps the ribosome interact with GTP-bound translation factors,"GO:0000027,GO:0003674,GO:0003676,GO:0003723,GO:0003735,GO:0005198,GO:0005488,GO:0005575,GO:0005622,GO:0005623,GO:0005737,GO:0005829,GO:0005840,GO:0006412,GO:0006518,GO:0006807,GO:0006996,GO:0008150,GO:0008152,GO:0009058,GO:0009059,GO:0009987,GO:0010467,GO:0015934,GO:0016043,GO:0019538,GO:0019843,GO:0022607,GO:0022613,GO:0022618,GO:0022625,GO:0022626,GO:0032991,GO:0034622,GO:0034641,GO:0034645,GO:0042254,GO:0042255,GO:0042273,GO:0043043,GO:0043170,GO:0043226,GO:0043228,GO:0043229,GO:0043232,GO:0043603,GO:0043604,GO:0043933,GO:0044085,GO:0044237,GO:0044238,GO:0044249,GO:0044260,GO:0044267,GO:0044271,GO:0044391,GO:0044422,GO:0044424,GO:0044444,GO:0044445,GO:0044446,GO:0044464,GO:0065003,GO:0070925,GO:0071704,GO:0071826,GO:0071840,GO:0097159,GO:1901363,GO:1901564,GO:1901566,GO:1901576,GO:1990904"
rplA,Ribosomal_L1,J,rplA,"Binds directly to 23S rRNA. The L1 stalk is quite mobile in the ribosome, and is involved in E site tRNA release","GO:0000470,GO:0003674,GO:0003676,GO:0003723,GO:0005488,GO:0005575,GO:0005622,GO:0005623,GO:0005737,GO:0005829,GO:0005840,GO:0006139,GO:0006364,GO:0006396,GO:0006412,GO:0006518,GO:0006725,GO:0006807,GO:0008150,GO:0008152,GO:0009058,GO:0009059,GO:0009987,GO:0010467,GO:0015934,GO:0016070,GO:0016072,GO:0019538,GO:0022613,GO:0022625,GO:0022626,GO:0032991,GO:0034470,GO:0034641,GO:0034645,GO:0034660,GO:0042254,GO:0042273,GO:0043043,GO:0043170,GO:0043226,GO:0043228,GO:0043229,GO:0043232,GO:0043603,GO:0043604,GO:0044085,GO:0044237,GO:0044238,GO:0044249,GO:0044260,GO:0044267,GO:0044271,GO:0044391,GO:0044422,GO:0044424,GO:0044444,GO:0044445,GO:0044446,GO:0044464,GO:0046483,GO:0071704,GO:0071840,GO:0090304,GO:0097159,GO:1901360,GO:1901363,GO:1901564,GO:1901566,GO:1901576,GO:1990904"
rplJ,Ribosomal_L10,J,rplJ,"Forms part of the ribosomal stalk, playing a central role in the interaction of the ribosome with GTP-bound translation factors","GO:0003674,GO:0003735,GO:0005198,GO:0005575,GO:0005622,GO:0005623,GO:0005737,GO:0005829,GO:0005840,GO:0006412,GO:0006518,GO:0006807,GO:0008150,GO:0008152,GO:0009058,GO:0009059,GO:0009987,GO:0010467,GO:0015934,GO:0019538,GO:0022625,GO:0022626,GO:0032991,GO:0034641,GO:0034645,GO:0043043,GO:0043170,GO:0043226,GO:0043228,GO:0043229,GO:0043232,GO:0043603,GO:0043604,GO:0044237,GO:0044238,GO:0044249,GO:0044260,GO:0044267,GO:0044271,GO:0044391,GO:0044422,GO:0044424,GO:0044444,GO:0044445,GO:0044446,GO:0044464,GO:0071704,GO:1901564,GO:1901566,GO:1901576,GO:1990904"
rplL,"Ribosomal_L12,Ribosomal_L12_N",J,rplL,Forms part of the ribosomal stalk which helps the ribosome interact with GTP-bound translation factors. Is thus essential for accurate translation,-
rpoB,"RNA_pol_Rpb2_1,RNA_pol_Rpb2_2,RNA_pol_Rpb2_3,RNA_pol_Rpb2_45,RNA_pol_Rpb2_6,RNA_pol_Rpb2_7",K,rpoB,DNA-dependent RNA polymerase catalyzes the transcription of DNA into RNA using the four ribonucleoside triphosphates as substrates,"GO:0000428,GO:0005575,GO:0005622,GO:0005623,GO:0030880,GO:0032991,GO:0044424,GO:0044464,GO:0061695,GO:1902494,GO:1990234"
rpoC,"RNA_pol_Rpb1_1,RNA_pol_Rpb1_2,RNA_pol_Rpb1_3,RNA_pol_Rpb1_4,RNA_pol_Rpb1_5",K,rpoC,DNA-dependent RNA polymerase catalyzes the transcription of DNA into RNA using the four ribonucleoside triphosphates as substrates,"GO:0000428,GO:0005575,GO:0005622,GO:0005623,GO:0030880,GO:0032991,GO:0044424,GO:0044464,GO:0061695,GO:1902494,GO:1990234"
rulS,Ribosomal_L7Ae,J,-,ribosomal protein,-
rpsL,Ribosom_S12_S23,J,rpsL,"Interacts with and stabilizes bases of the 16S rRNA that are involved in tRNA selection in the A site and with the mRNA backbone. Located at the interface of the 30S and 50S subunits, it traverses the body of the 30S subunit contacting proteins on the other side and probably holding the rRNA structure together. The combined cluster of proteins S8, S12 and S17 appears to hold together the shoulder and platform of the 30S subunit","GO:0003674,GO:0003735,GO:0005198,GO:0005575,GO:0005622,GO:0005623,GO:0005737,GO:0005840,GO:0006412,GO:0006518,GO:0006807,GO:0008150,GO:0008152,GO:0009058,GO:0009059,GO:0009987,GO:0010467,GO:0019538,GO:0032991,GO:0034641,GO:0034645,GO:0043043,GO:0043170,GO:0043226,GO:0043228,GO:0043229,GO:0043232,GO:0043603,GO:0043604,GO:0044237,GO:0044238,GO:0044249,GO:0044260,GO:0044267,GO:0044271,GO:0044424,GO:0044444,GO:0044464,GO:0071704,GO:1901564,GO:1901566,GO:1901576,GO:1990904"
rpsG,Ribosomal_S7,J,rpsG,"One of the primary rRNA binding proteins, it binds directly to 16S rRNA where it nucleates assembly of the head domain of the 30S subunit. Is located at the subunit interface close to the decoding center, probably blocks exit of the E-site tRNA","GO:0000028,GO:0003674,GO:0003676,GO:0003723,GO:0003729,GO:0003735,GO:0005198,GO:0005488,GO:0005575,GO:0005622,GO:0005623,GO:0005737,GO:0005829,GO:0005840,GO:0006412,GO:0006518,GO:0006807,GO:0006996,GO:0008150,GO:0008152,GO:0009058,GO:0009059,GO:0009987,GO:0010467,GO:0015935,GO:0016043,GO:0019538,GO:0019843,GO:0022607,GO:0022613,GO:0022618,GO:0022626,GO:0022627,GO:0032991,GO:0034622,GO:0034641,GO:0034645,GO:0042254,GO:0042255,GO:0042274,GO:0043043,GO:0043170,GO:0043226,GO:0043228,GO:0043229,GO:0043232,GO:0043603,GO:0043604,GO:0043933,GO:0044085,GO:0044237,GO:0044238,GO:0044249,GO:0044260,GO:0044267,GO:0044271,GO:0044391,GO:0044422,GO:0044424,GO:0044444,GO:0044445,GO:0044446,GO:0044464,GO:0065003,GO:0070925,GO:0071704,GO:0071826,GO:0071840,GO:0097159,GO:1901363,GO:1901564,GO:1901566,GO:1901576,GO:1990904"
fusA,"EFG_C,EFG_II,EFG_IV,GTP_EFTU,GTP_EFTU_D2",J,fusA,"Catalyzes the GTP-dependent ribosomal translocation step during translation elongation. During this step, the ribosome changes from the pre-translocational (PRE) to the post- translocational (POST) state as the newly formed A-site-bound peptidyl-tRNA and P-site-bound deacylated tRNA move to the P and E sites, respectively. Catalyzes the coordinated movement of the two tRNA molecules, the mRNA and conformational changes in the ribosome",-
tuf,"GTP_EFTU,GTP_EFTU_D2,GTP_EFTU_D3",J,tuf,This protein promotes the GTP-dependent binding of aminoacyl-tRNA to the A-site of ribosomes during protein biosynthesis,"GO:0005575,GO:0005622,GO:0005623,GO:0005737,GO:0044424,GO:0044464"
group_2114,Aminotran_1_2,E,kbl,COG0156 7-keto-8-aminopelargonate synthetase and related enzymes,"GO:0003674,GO:0003824,GO:0005488,GO:0006082,GO:0006732,GO:0006766,GO:0006767,GO:0006768,GO:0006790,GO:0006807,GO:0008144,GO:0008150,GO:0008152,GO:0008710,GO:0008890,GO:0009058,GO:0009102,GO:0009108,GO:0009110,GO:0009987,GO:0016053,GO:0016407,GO:0016408,GO:0016453,GO:0016740,GO:0016746,GO:0016747,GO:0017144,GO:0018130,GO:0019752,GO:0019842,GO:0030170,GO:0032787,GO:0034641,GO:0036094,GO:0042364,GO:0043167,GO:0043168,GO:0043436,GO:0043603,GO:0043604,GO:0044237,GO:0044249,GO:0044271,GO:0044272,GO:0044281,GO:0044283,GO:0046394,GO:0046483,GO:0048037,GO:0050662,GO:0051186,GO:0051188,GO:0070279,GO:0071704,GO:0072330,GO:0097159,GO:1901360,GO:1901362,GO:1901363,GO:1901564,GO:1901566,GO:1901576"
araB_2~~~araB~~~araB_1,"FGGY_C,FGGY_N",F,araB,Belongs to the ribulokinase family,-
ilvE~~~ilvE_1~~~ilvE_2,Aminotran_4,E,ilvE,Aminotransferase,-
dck~~~dck_2~~~dck_1,dNK,F,dck,deoxynucleoside kinase,-
dgk,dNK,F,dgk,deoxynucleoside kinase,-
tadA_2~~~tadA_1,MafB19-deam,FJ,tadA,Catalyzes the deamination of adenosine to inosine at the wobble position 34 of tRNA(Arg2),"GO:0002097,GO:0002100,GO:0006139,GO:0006382,GO:0006396,GO:0006399,GO:0006400,GO:0006725,GO:0006807,GO:0008033,GO:0008150,GO:0008152,GO:0009451,GO:0009987,GO:0010467,GO:0016070,GO:0016553,GO:0034470,GO:0034641,GO:0034660,GO:0043170,GO:0043412,GO:0044237,GO:0044238,GO:0046483,GO:0071704,GO:0090304,GO:1901360"
azo1,FMN_red,S,azo1,"Catalyzes the reductive cleavage of azo bond in aromatic azo compounds to the corresponding amines. Requires NADPH, but not NADH, as an electron donor for its activity (By similarity)","GO:0000166,GO:0003674,GO:0003824,GO:0005488,GO:0005575,GO:0005622,GO:0005623,GO:0005737,GO:0005829,GO:0008150,GO:0008152,GO:0010181,GO:0016491,GO:0016645,GO:0016646,GO:0032553,GO:0036094,GO:0043167,GO:0043168,GO:0044424,GO:0044444,GO:0044464,GO:0048037,GO:0050662,GO:0052873,GO:0055114,GO:0097159,GO:0097367,GO:1901265,GO:1901363"
yfmJ~~~yfmJ_1~~~yfmJ_2,"ADH_N_2,ADH_zinc_N",S,yfmJ,N-terminal domain of oxidoreductase,-
lacG~~~lacG_2~~~lacG_1~~~lacG_3,Glyco_hydro_1,G,lacG,Belongs to the glycosyl hydrolase 1 family,"GO:0003674,GO:0003824,GO:0004553,GO:0005575,GO:0005622,GO:0005623,GO:0005737,GO:0005829,GO:0005975,GO:0008150,GO:0008152,GO:0008422,GO:0015926,GO:0016787,GO:0016798,GO:0044238,GO:0044424,GO:0044444,GO:0044464,GO:0071704,GO:1901135,GO:1901657"
lacF~~~lacF_2~~~lacF_1,PTS_IIA,G,lacF,"PTS system, Lactose/Cellobiose specific IIA subunit",-
lacD~~~lacD_1~~~lacD_2,DeoC,G,lacD,Belongs to the aldolase LacD family,"GO:0003674,GO:0003824,GO:0006082,GO:0006790,GO:0008150,GO:0008152,GO:0009056,GO:0009987,GO:0016054,GO:0016829,GO:0016830,GO:0016832,GO:0044237,GO:0044248,GO:0044273,GO:0044281,GO:0044282,GO:0061595,GO:0071704,GO:1901135,GO:1901136,GO:1901575,GO:1902776,GO:1902777"
lacB,LacAB_rpiB,G,lacB,Galactose-6-phosphate isomerase subunit LacB,-
lacA,LacAB_rpiB,G,lacA,Ribose/Galactose Isomerase,-
lacR,"DeoRC,HTH_DeoR",K,lacR,Lactose phosphotransferase system repressor,"GO:0006355,GO:0008150,GO:0009889,GO:0010468,GO:0010556,GO:0019219,GO:0019222,GO:0031323,GO:0031326,GO:0050789,GO:0050794,GO:0051171,GO:0051252,GO:0060255,GO:0065007,GO:0080090,GO:1903506,GO:2000112,GO:2001141"
yvgN_3~~~yvgN_1~~~yvgN_2,Aldo_ket_red,S,-,Aldo/keto reductase family,-
group_821,-,-,-,-,-
group_2116,-,L,-,helicase,-
group_2117,"Helicase_C,Mrr_cat_2,N6_Mtase,ResIII",L,-,helicase,-
rpsI,Ribosomal_S9,J,rpsI,Belongs to the universal ribosomal protein uS9 family,"GO:0000462,GO:0003674,GO:0003676,GO:0003723,GO:0003735,GO:0005198,GO:0005488,GO:0005575,GO:0005622,GO:0005623,GO:0005737,GO:0005829,GO:0005840,GO:0006139,GO:0006364,GO:0006396,GO:0006412,GO:0006518,GO:0006725,GO:0006807,GO:0008150,GO:0008152,GO:0009058,GO:0009059,GO:0009987,GO:0010467,GO:0015935,GO:0016070,GO:0016072,GO:0019538,GO:0022613,GO:0022626,GO:0022627,GO:0030490,GO:0032991,GO:0034470,GO:0034641,GO:0034645,GO:0034660,GO:0042254,GO:0042274,GO:0043043,GO:0043170,GO:0043226,GO:0043228,GO:0043229,GO:0043232,GO:0043603,GO:0043604,GO:0044085,GO:0044237,GO:0044238,GO:0044249,GO:0044260,GO:0044267,GO:0044271,GO:0044391,GO:0044422,GO:0044424,GO:0044444,GO:0044445,GO:0044446,GO:0044464,GO:0046483,GO:0071704,GO:0071840,GO:0090304,GO:0097159,GO:1901360,GO:1901363,GO:1901564,GO:1901566,GO:1901576,GO:1990904"
rplM,Ribosomal_L13,J,rplM,"This protein is one of the early assembly proteins of the 50S ribosomal subunit, although it is not seen to bind rRNA by itself. It is important during the early stages of 50S assembly","GO:0003674,GO:0003676,GO:0003723,GO:0003729,GO:0003735,GO:0005198,GO:0005488,GO:0005575,GO:0005622,GO:0005623,GO:0005737,GO:0005829,GO:0005840,GO:0006412,GO:0006518,GO:0006807,GO:0008150,GO:0008152,GO:0009058,GO:0009059,GO:0009987,GO:0010467,GO:0015934,GO:0019538,GO:0022625,GO:0022626,GO:0032991,GO:0034641,GO:0034645,GO:0043043,GO:0043170,GO:0043226,GO:0043228,GO:0043229,GO:0043232,GO:0043603,GO:0043604,GO:0044237,GO:0044238,GO:0044249,GO:0044260,GO:0044267,GO:0044271,GO:0044391,GO:0044422,GO:0044424,GO:0044444,GO:0044445,GO:0044446,GO:0044464,GO:0071704,GO:0097159,GO:1901363,GO:1901564,GO:1901566,GO:1901576,GO:1990904"
truA,PseudoU_synth_1,J,truA,"Formation of pseudouridine at positions 38, 39 and 40 in the anticodon stem and loop of transfer RNAs","GO:0001522,GO:0003674,GO:0003824,GO:0006139,GO:0006396,GO:0006399,GO:0006400,GO:0006725,GO:0006807,GO:0008033,GO:0008150,GO:0008152,GO:0009451,GO:0009982,GO:0009987,GO:0010467,GO:0016070,GO:0016853,GO:0016866,GO:0031119,GO:0034470,GO:0034641,GO:0034660,GO:0043170,GO:0043412,GO:0044237,GO:0044238,GO:0046483,GO:0071704,GO:0090304,GO:1901360"
ecfT_2~~~ecfT_1~~~ecfT,CbiQ,P,ecfT,Transmembrane (T) component of an energy-coupling factor (ECF) ABC-transporter complex. Unlike classic ABC transporters this ECF transporter provides the energy necessary to transport a number of different substrates,"GO:0003674,GO:0005215,GO:0005575,GO:0005623,GO:0005886,GO:0006810,GO:0006811,GO:0006820,GO:0006855,GO:0008150,GO:0008509,GO:0008514,GO:0015075,GO:0015238,GO:0015711,GO:0015893,GO:0016020,GO:0022857,GO:0032217,GO:0032218,GO:0034220,GO:0035461,GO:0042221,GO:0042493,GO:0044464,GO:0050896,GO:0051179,GO:0051180,GO:0051234,GO:0055085,GO:0071702,GO:0071705,GO:0071944,GO:0090482,GO:0098656"
rplQ,Ribosomal_L17,J,rplQ,Ribosomal protein L17,"GO:0003674,GO:0003735,GO:0005198,GO:0005575,GO:0005622,GO:0005623,GO:0005737,GO:0005829,GO:0005840,GO:0015934,GO:0022625,GO:0022626,GO:0032991,GO:0043226,GO:0043228,GO:0043229,GO:0043232,GO:0044391,GO:0044422,GO:0044424,GO:0044444,GO:0044445,GO:0044446,GO:0044464,GO:1990904"
rpoA,"RNA_pol_A_CTD,RNA_pol_A_bac,RNA_pol_L",K,rpoA,DNA-dependent RNA polymerase catalyzes the transcription of DNA into RNA using the four ribonucleoside triphosphates as substrates,"GO:0003674,GO:0003824,GO:0003899,GO:0005575,GO:0005622,GO:0005623,GO:0005737,GO:0006139,GO:0006351,GO:0006354,GO:0006725,GO:0006807,GO:0008150,GO:0008152,GO:0009058,GO:0009059,GO:0009987,GO:0010467,GO:0016070,GO:0016740,GO:0016772,GO:0016779,GO:0018130,GO:0019438,GO:0032774,GO:0034062,GO:0034641,GO:0034645,GO:0034654,GO:0043170,GO:0044237,GO:0044238,GO:0044249,GO:0044260,GO:0044271,GO:0044424,GO:0044464,GO:0046483,GO:0071704,GO:0090304,GO:0097659,GO:0097747,GO:0140098,GO:1901360,GO:1901362,GO:1901576"
rpsK,Ribosomal_S11,J,rpsK,"Located on the platform of the 30S subunit, it bridges several disparate RNA helices of the 16S rRNA. Forms part of the Shine-Dalgarno cleft in the 70S ribosome","GO:0000028,GO:0000462,GO:0003674,GO:0003676,GO:0003723,GO:0003729,GO:0003735,GO:0005198,GO:0005488,GO:0005575,GO:0005622,GO:0005623,GO:0005737,GO:0005829,GO:0005840,GO:0006139,GO:0006364,GO:0006396,GO:0006412,GO:0006518,GO:0006725,GO:0006807,GO:0006996,GO:0008150,GO:0008152,GO:0009058,GO:0009059,GO:0009987,GO:0010467,GO:0015935,GO:0016043,GO:0016070,GO:0016072,GO:0019538,GO:0019843,GO:0022607,GO:0022613,GO:0022618,GO:0022626,GO:0022627,GO:0030490,GO:0032991,GO:0034470,GO:0034622,GO:0034641,GO:0034645,GO:0034660,GO:0042254,GO:0042255,GO:0042274,GO:0043043,GO:0043170,GO:0043226,GO:0043228,GO:0043229,GO:0043232,GO:0043603,GO:0043604,GO:0043933,GO:0044085,GO:0044237,GO:0044238,GO:0044249,GO:0044260,GO:0044267,GO:0044271,GO:0044391,GO:0044422,GO:0044424,GO:0044444,GO:0044445,GO:0044446,GO:0044464,GO:0046483,GO:0048027,GO:0065003,GO:0070181,GO:0070925,GO:0071704,GO:0071826,GO:0071840,GO:0090304,GO:0097159,GO:1901360,GO:1901363,GO:1901564,GO:1901566,GO:1901576,GO:1990904"
rpsM,Ribosomal_S13,J,rpsM,"Located at the top of the head of the 30S subunit, it contacts several helices of the 16S rRNA. In the 70S ribosome it contacts the 23S rRNA (bridge B1a) and protein L5 of the 50S subunit (bridge B1b), connecting the 2 subunits","GO:0003674,GO:0003735,GO:0005198,GO:0005575,GO:0005622,GO:0005623,GO:0005737,GO:0005829,GO:0005840,GO:0006412,GO:0006518,GO:0006807,GO:0008150,GO:0008152,GO:0009058,GO:0009059,GO:0009987,GO:0010467,GO:0015935,GO:0019538,GO:0022613,GO:0032991,GO:0034641,GO:0034645,GO:0042254,GO:0043043,GO:0043170,GO:0043226,GO:0043228,GO:0043229,GO:0043232,GO:0043603,GO:0043604,GO:0044085,GO:0044237,GO:0044238,GO:0044249,GO:0044260,GO:0044267,GO:0044271,GO:0044391,GO:0044422,GO:0044424,GO:0044444,GO:0044446,GO:0044464,GO:0071704,GO:0071840,GO:1901564,GO:1901566,GO:1901576,GO:1990904"
rpmJ,Ribosomal_L36,J,rpmJ,Ribosomal protein L36,-
infA,eIF-1a,J,infA,"One of the essential components for the initiation of protein synthesis. Stabilizes the binding of IF-2 and IF-3 on the 30S subunit to which N-formylmethionyl-tRNA(fMet) subsequently binds. Helps modulate mRNA selection, yielding the 30S pre- initiation complex (PIC). Upon addition of the 50S ribosomal subunit IF-1, IF-2 and IF-3 are released leaving the mature 70S translation initation complex","GO:0001871,GO:0003674,GO:0005488,GO:0005575,GO:0005622,GO:0005623,GO:0005737,GO:0005829,GO:0009986,GO:0030246,GO:0030247,GO:0043021,GO:0043022,GO:0044424,GO:0044444,GO:0044464,GO:0044877,GO:2001065"
adk,"ADK,ADK_lid",F,adk,Catalyzes the reversible transfer of the terminal phosphate group between ATP and AMP. Plays an important role in cellular energy homeostasis and in adenine nucleotide metabolism,"GO:0003674,GO:0003824,GO:0004017,GO:0005575,GO:0005622,GO:0005623,GO:0005737,GO:0006139,GO:0006725,GO:0006753,GO:0006793,GO:0006796,GO:0006807,GO:0008150,GO:0008152,GO:0009058,GO:0009117,GO:0009123,GO:0009165,GO:0009987,GO:0015949,GO:0016301,GO:0016310,GO:0016740,GO:0016772,GO:0016776,GO:0018130,GO:0019205,GO:0019438,GO:0019637,GO:0034641,GO:0034654,GO:0044237,GO:0044238,GO:0044249,GO:0044271,GO:0044281,GO:0044424,GO:0044464,GO:0046483,GO:0046940,GO:0050145,GO:0055086,GO:0071704,GO:0090407,GO:1901293,GO:1901360,GO:1901362,GO:1901576"
secY_1~~~secY_3~~~secY_2,SecY,U,secY,"The central subunit of the protein translocation channel SecYEG. Consists of two halves formed by TMs 1-5 and 6-10. These two domains form a lateral gate at the front which open onto the bilayer between TMs 2 and 7, and are clamped together by SecE at the back. The channel is closed by both a pore ring composed of hydrophobic SecY resides and a short helix (helix 2A) on the extracellular side of the membrane which forms a plug. The plug probably moves laterally to allow the channel to open. The ring and the pore may move independently","GO:0005575,GO:0005623,GO:0005886,GO:0016020,GO:0044464,GO:0071944"
rplO,Ribosomal_L27A,J,rplO,binds to the 23S rRNA,"GO:0003674,GO:0003735,GO:0005198,GO:0005575,GO:0005622,GO:0005623,GO:0005737,GO:0005829,GO:0005840,GO:0015934,GO:0022625,GO:0022626,GO:0032991,GO:0043226,GO:0043228,GO:0043229,GO:0043232,GO:0044391,GO:0044422,GO:0044424,GO:0044444,GO:0044445,GO:0044446,GO:0044464,GO:1990904"
rpmD,Ribosomal_L30,J,rpmD,Ribosomal protein L30,"GO:0005575,GO:0005622,GO:0005623,GO:0005737,GO:0005829,GO:0005840,GO:0015934,GO:0022625,GO:0022626,GO:0032991,GO:0043226,GO:0043228,GO:0043229,GO:0043232,GO:0044391,GO:0044422,GO:0044424,GO:0044444,GO:0044445,GO:0044446,GO:0044464,GO:1990904"
rpsE,"Ribosomal_S5,Ribosomal_S5_C",J,rpsE,Located at the back of the 30S subunit body where it stabilizes the conformation of the head with respect to the body,"GO:0003674,GO:0003735,GO:0005198,GO:0005575,GO:0005622,GO:0005623,GO:0005737,GO:0005829,GO:0005840,GO:0006412,GO:0006518,GO:0006807,GO:0008150,GO:0008152,GO:0009058,GO:0009059,GO:0009987,GO:0010467,GO:0015935,GO:0019538,GO:0022626,GO:0022627,GO:0032991,GO:0034641,GO:0034645,GO:0043043,GO:0043170,GO:0043226,GO:0043228,GO:0043229,GO:0043232,GO:0043603,GO:0043604,GO:0044237,GO:0044238,GO:0044249,GO:0044260,GO:0044267,GO:0044271,GO:0044391,GO:0044422,GO:0044424,GO:0044444,GO:0044445,GO:0044446,GO:0044464,GO:0071704,GO:1901564,GO:1901566,GO:1901576,GO:1990904"
rplF,Ribosomal_L6,J,rplF,"This protein binds to the 23S rRNA, and is important in its secondary structure. It is located near the subunit interface in the base of the L7 L12 stalk, and near the tRNA binding site of the peptidyltransferase center","GO:0002181,GO:0003674,GO:0003676,GO:0003723,GO:0003735,GO:0005198,GO:0005488,GO:0005575,GO:0005622,GO:0005623,GO:0005737,GO:0005829,GO:0005840,GO:0006412,GO:0006518,GO:0006807,GO:0008150,GO:0008152,GO:0009058,GO:0009059,GO:0009987,GO:0010467,GO:0015934,GO:0019538,GO:0022625,GO:0022626,GO:0032991,GO:0034641,GO:0034645,GO:0043043,GO:0043170,GO:0043226,GO:0043228,GO:0043229,GO:0043232,GO:0043603,GO:0043604,GO:0044237,GO:0044238,GO:0044249,GO:0044260,GO:0044267,GO:0044271,GO:0044391,GO:0044422,GO:0044424,GO:0044444,GO:0044445,GO:0044446,GO:0044464,GO:0071704,GO:0097159,GO:1901363,GO:1901564,GO:1901566,GO:1901576,GO:1990904"
rpsH,Ribosomal_S8,J,rpsH,"One of the primary rRNA binding proteins, it binds directly to 16S rRNA central domain where it helps coordinate assembly of the platform of the 30S subunit","GO:0003674,GO:0003735,GO:0005198,GO:0005575,GO:0005622,GO:0005623,GO:0005737,GO:0005829,GO:0005840,GO:0015935,GO:0022626,GO:0022627,GO:0032991,GO:0043226,GO:0043228,GO:0043229,GO:0043232,GO:0044391,GO:0044422,GO:0044424,GO:0044444,GO:0044445,GO:0044446,GO:0044464,GO:1990904"
rpsZ,Ribosomal_S14,J,rpsN,"Binds 16S rRNA, required for the assembly of 30S particles and may also be responsible for determining the conformation of the 16S rRNA at the A site",-
rplE,"Ribosomal_L5,Ribosomal_L5_C",J,rplE,"This is 1 of the proteins that binds and probably mediates the attachment of the 5S RNA into the large ribosomal subunit, where it forms part of the central protuberance. In the 70S ribosome it contacts protein S13 of the 30S subunit (bridge B1b), connecting the 2 subunits","GO:0000027,GO:0003674,GO:0003676,GO:0003723,GO:0003735,GO:0005198,GO:0005488,GO:0005575,GO:0005622,GO:0005623,GO:0005737,GO:0005829,GO:0005840,GO:0006412,GO:0006518,GO:0006807,GO:0006996,GO:0008150,GO:0008152,GO:0009058,GO:0009059,GO:0009987,GO:0010467,GO:0015934,GO:0016043,GO:0019538,GO:0022607,GO:0022613,GO:0022618,GO:0022625,GO:0022626,GO:0032991,GO:0034622,GO:0034641,GO:0034645,GO:0042254,GO:0042255,GO:0042273,GO:0043043,GO:0043170,GO:0043226,GO:0043228,GO:0043229,GO:0043232,GO:0043603,GO:0043604,GO:0043933,GO:0044085,GO:0044237,GO:0044238,GO:0044249,GO:0044260,GO:0044267,GO:0044271,GO:0044391,GO:0044422,GO:0044424,GO:0044444,GO:0044445,GO:0044446,GO:0044464,GO:0065003,GO:0070925,GO:0071704,GO:0071826,GO:0071840,GO:0097159,GO:1901363,GO:1901564,GO:1901566,GO:1901576,GO:1990904"
rplX,"KOW,ribosomal_L24",J,rplX,One of the proteins that surrounds the polypeptide exit tunnel on the outside of the subunit,"GO:0005575,GO:0005622,GO:0005623,GO:0005737,GO:0005829,GO:0005840,GO:0006412,GO:0006518,GO:0006807,GO:0008150,GO:0008152,GO:0009058,GO:0009059,GO:0009987,GO:0010467,GO:0015934,GO:0019538,GO:0022625,GO:0022626,GO:0032991,GO:0034641,GO:0034645,GO:0043043,GO:0043170,GO:0043226,GO:0043228,GO:0043229,GO:0043232,GO:0043603,GO:0043604,GO:0044237,GO:0044238,GO:0044249,GO:0044260,GO:0044267,GO:0044271,GO:0044391,GO:0044422,GO:0044424,GO:0044444,GO:0044445,GO:0044446,GO:0044464,GO:0071704,GO:1901564,GO:1901566,GO:1901576,GO:1990904"
rplN,Ribosomal_L14,J,rplN,Binds to 23S rRNA. Forms part of two intersubunit bridges in the 70S ribosome,"GO:0003674,GO:0003676,GO:0003723,GO:0003735,GO:0005198,GO:0005488,GO:0005575,GO:0005622,GO:0005623,GO:0005737,GO:0005829,GO:0005840,GO:0015934,GO:0019843,GO:0022625,GO:0022626,GO:0032991,GO:0043226,GO:0043228,GO:0043229,GO:0043232,GO:0044391,GO:0044422,GO:0044424,GO:0044444,GO:0044445,GO:0044446,GO:0044464,GO:0070180,GO:0097159,GO:1901363,GO:1990904"
rpsQ,Ribosomal_S17,J,rpsQ,"One of the primary rRNA binding proteins, it binds specifically to the 5'-end of 16S ribosomal RNA","GO:0003674,GO:0003735,GO:0005198,GO:0005575,GO:0005622,GO:0005623,GO:0005737,GO:0005829,GO:0005840,GO:0006412,GO:0006518,GO:0006807,GO:0008150,GO:0008152,GO:0009058,GO:0009059,GO:0009987,GO:0010467,GO:0015935,GO:0019538,GO:0022626,GO:0022627,GO:0032991,GO:0034641,GO:0034645,GO:0043043,GO:0043170,GO:0043226,GO:0043228,GO:0043229,GO:0043232,GO:0043603,GO:0043604,GO:0044237,GO:0044238,GO:0044249,GO:0044260,GO:0044267,GO:0044271,GO:0044391,GO:0044422,GO:0044424,GO:0044444,GO:0044445,GO:0044446,GO:0044464,GO:0071704,GO:1901564,GO:1901566,GO:1901576,GO:1990904"
rpmC,Ribosomal_L29,J,rpmC,Belongs to the universal ribosomal protein uL29 family,"GO:0005575,GO:0005622,GO:0005623,GO:0005737,GO:0005829,GO:0005840,GO:0015934,GO:0022625,GO:0022626,GO:0032991,GO:0043226,GO:0043228,GO:0043229,GO:0043232,GO:0044391,GO:0044422,GO:0044424,GO:0044444,GO:0044445,GO:0044446,GO:0044464,GO:1990904"
rplP,Ribosomal_L16,J,rplP,Binds 23S rRNA and is also seen to make contacts with the A and possibly P site tRNAs,"GO:0003674,GO:0003676,GO:0003723,GO:0003735,GO:0005198,GO:0005488,GO:0005575,GO:0005622,GO:0005623,GO:0005737,GO:0005829,GO:0005840,GO:0015934,GO:0019843,GO:0022625,GO:0022626,GO:0032991,GO:0043226,GO:0043228,GO:0043229,GO:0043232,GO:0044391,GO:0044422,GO:0044424,GO:0044444,GO:0044445,GO:0044446,GO:0044464,GO:0097159,GO:1901363,GO:1990904"
rpsC,"KH_2,Ribosomal_S3_C",J,rpsC,"Binds the lower part of the 30S subunit head. Binds mRNA in the 70S ribosome, positioning it for translation","GO:0002181,GO:0003674,GO:0003735,GO:0005198,GO:0005575,GO:0005622,GO:0005623,GO:0005737,GO:0005829,GO:0005840,GO:0006412,GO:0006518,GO:0006807,GO:0008150,GO:0008152,GO:0009058,GO:0009059,GO:0009987,GO:0010467,GO:0015935,GO:0019538,GO:0022626,GO:0022627,GO:0032991,GO:0034641,GO:0034645,GO:0043043,GO:0043170,GO:0043226,GO:0043228,GO:0043229,GO:0043232,GO:0043603,GO:0043604,GO:0044237,GO:0044238,GO:0044249,GO:0044260,GO:0044267,GO:0044271,GO:0044391,GO:0044422,GO:0044424,GO:0044444,GO:0044445,GO:0044446,GO:0044464,GO:0071704,GO:1901564,GO:1901566,GO:1901576,GO:1990904"
rplV,Ribosomal_L22,J,rplV,"The globular domain of the protein is located near the polypeptide exit tunnel on the outside of the subunit, while an extended beta-hairpin is found that lines the wall of the exit tunnel in the center of the 70S ribosome","GO:0003674,GO:0003735,GO:0005198,GO:0005575,GO:0005622,GO:0005623,GO:0005737,GO:0005829,GO:0005840,GO:0015934,GO:0022625,GO:0022626,GO:0032991,GO:0043226,GO:0043228,GO:0043229,GO:0043232,GO:0044391,GO:0044422,GO:0044424,GO:0044444,GO:0044445,GO:0044446,GO:0044464,GO:1990904"
rpsS,Ribosomal_S19,J,rpsS,Protein S19 forms a complex with S13 that binds strongly to the 16S ribosomal RNA,"GO:0000028,GO:0003674,GO:0003735,GO:0005198,GO:0005575,GO:0005622,GO:0005623,GO:0005737,GO:0005829,GO:0005840,GO:0006996,GO:0008150,GO:0009987,GO:0015935,GO:0016043,GO:0022607,GO:0022613,GO:0022618,GO:0022626,GO:0022627,GO:0032991,GO:0034622,GO:0042254,GO:0042255,GO:0042274,GO:0043226,GO:0043228,GO:0043229,GO:0043232,GO:0043933,GO:0044085,GO:0044391,GO:0044422,GO:0044424,GO:0044444,GO:0044445,GO:0044446,GO:0044464,GO:0065003,GO:0070925,GO:0071826,GO:0071840,GO:1990904"
rplB,"Ribosomal_L2,Ribosomal_L2_C",J,rplB,"One of the primary rRNA binding proteins. Required for association of the 30S and 50S subunits to form the 70S ribosome, for tRNA binding and peptide bond formation. It has been suggested to have peptidyltransferase activity","GO:0002181,GO:0003674,GO:0003676,GO:0003723,GO:0003735,GO:0005198,GO:0005488,GO:0005575,GO:0005622,GO:0005623,GO:0005737,GO:0005829,GO:0005840,GO:0006412,GO:0006518,GO:0006807,GO:0008150,GO:0008152,GO:0009058,GO:0009059,GO:0009987,GO:0010467,GO:0015934,GO:0019538,GO:0022625,GO:0022626,GO:0032991,GO:0034641,GO:0034645,GO:0043043,GO:0043170,GO:0043226,GO:0043228,GO:0043229,GO:0043232,GO:0043603,GO:0043604,GO:0044237,GO:0044238,GO:0044249,GO:0044260,GO:0044267,GO:0044271,GO:0044391,GO:0044422,GO:0044424,GO:0044444,GO:0044445,GO:0044446,GO:0044464,GO:0071704,GO:0097159,GO:1901363,GO:1901564,GO:1901566,GO:1901576,GO:1990904"
rplW,Ribosomal_L23,J,rplW,One of the early assembly proteins it binds 23S rRNA. One of the proteins that surrounds the polypeptide exit tunnel on the outside of the ribosome. Forms the main docking site for trigger factor binding to the ribosome,"GO:0000027,GO:0003674,GO:0003676,GO:0003723,GO:0003735,GO:0005198,GO:0005488,GO:0005575,GO:0005622,GO:0005623,GO:0005737,GO:0005829,GO:0005840,GO:0006412,GO:0006518,GO:0006807,GO:0006996,GO:0008150,GO:0008152,GO:0009058,GO:0009059,GO:0009987,GO:0010467,GO:0015934,GO:0016043,GO:0019538,GO:0022607,GO:0022613,GO:0022618,GO:0022625,GO:0022626,GO:0032991,GO:0034622,GO:0034641,GO:0034645,GO:0042254,GO:0042255,GO:0042273,GO:0043043,GO:0043170,GO:0043226,GO:0043228,GO:0043229,GO:0043232,GO:0043603,GO:0043604,GO:0043933,GO:0044085,GO:0044237,GO:0044238,GO:0044249,GO:0044260,GO:0044267,GO:0044271,GO:0044391,GO:0044422,GO:0044424,GO:0044444,GO:0044445,GO:0044446,GO:0044464,GO:0065003,GO:0070925,GO:0071704,GO:0071826,GO:0071840,GO:0097159,GO:1901363,GO:1901564,GO:1901566,GO:1901576,GO:1990904"
rplD,Ribosomal_L4,J,rplD,"One of the primary rRNA binding proteins, this protein initially binds near the 5'-end of the 23S rRNA. It is important during the early stages of 50S assembly. It makes multiple contacts with different domains of the 23S rRNA in the assembled 50S subunit and ribosome","GO:0003674,GO:0003676,GO:0003723,GO:0003735,GO:0005198,GO:0005488,GO:0005575,GO:0005622,GO:0005623,GO:0005737,GO:0005829,GO:0005840,GO:0006412,GO:0006518,GO:0006807,GO:0008150,GO:0008152,GO:0009058,GO:0009059,GO:0009987,GO:0010467,GO:0015934,GO:0019538,GO:0022625,GO:0022626,GO:0032991,GO:0034641,GO:0034645,GO:0043043,GO:0043170,GO:0043226,GO:0043228,GO:0043229,GO:0043232,GO:0043603,GO:0043604,GO:0044237,GO:0044238,GO:0044249,GO:0044260,GO:0044267,GO:0044271,GO:0044391,GO:0044422,GO:0044424,GO:0044444,GO:0044445,GO:0044446,GO:0044464,GO:0071704,GO:0097159,GO:1901363,GO:1901564,GO:1901566,GO:1901576,GO:1990904"
rplC,Ribosomal_L3,J,rplC,"One of the primary rRNA binding proteins, it binds directly near the 3'-end of the 23S rRNA, where it nucleates assembly of the 50S subunit","GO:0008150,GO:0009893,GO:0010468,GO:0010604,GO:0010628,GO:0019219,GO:0019222,GO:0031323,GO:0031325,GO:0044087,GO:0044089,GO:0045935,GO:0048518,GO:0048522,GO:0050789,GO:0050794,GO:0051171,GO:0051173,GO:0051252,GO:0051254,GO:0060255,GO:0065007,GO:0080090,GO:0090069,GO:0090070,GO:2000232,GO:2000234"
rpsJ,Ribosomal_S10,J,rpsJ,Involved in the binding of tRNA to the ribosomes,"GO:0003674,GO:0003735,GO:0005198,GO:0005575,GO:0005622,GO:0005623,GO:0005737,GO:0005840,GO:0006412,GO:0006518,GO:0006807,GO:0008150,GO:0008152,GO:0009058,GO:0009059,GO:0009987,GO:0010467,GO:0015935,GO:0019538,GO:0032991,GO:0034641,GO:0034645,GO:0043043,GO:0043170,GO:0043226,GO:0043228,GO:0043229,GO:0043232,GO:0043603,GO:0043604,GO:0044237,GO:0044238,GO:0044249,GO:0044260,GO:0044267,GO:0044271,GO:0044391,GO:0044422,GO:0044424,GO:0044444,GO:0044446,GO:0044464,GO:0071704,GO:1901564,GO:1901566,GO:1901576,GO:1990904"
group_3134,-,-,-,-,-
norB_3~~~norB_1~~~norB_4~~~norB_6~~~norB_5~~~norB_2,MFS_1,P,-,Major Facilitator Superfamily,-
lnrL_2~~~tupC~~~lnrL_3~~~lnrL_1~~~yxlF~~~lnrL_4~~~cysA_1,ABC_tran,V,-,"ABC transporter, ATP-binding protein",-
group_262,ABC2_membrane_3,V,yhiH1,"ABC-type multidrug transport system, permease component",-
group_3190,ABC2_membrane_3,S,-,ABC-2 family transporter protein,-
group_912,-,-,-,-,-
group_138,DUF5080,S,-,Domain of unknown function (DUF5080),-
group_1020,CHAP,S,-,CHAP domain,-
esxA,WXG100,S,esxA,Proteins of 100 residues with WXG,-
esaA~~~esaA_1~~~esaA_2,-,V,esaA,this gene contains a nucleotide ambiguity which may be the result of a sequencing error,-
group_1021,EssA,S,essA,"WXG100 protein secretion system (Wss), protein EssA",-
esaB,YukD,S,esaB,"WXG100 protein secretion system (Wss), protein YukD",-
essB~~~essB_1~~~essB_2,YukC,S,essB,Type VII secretion protein EssB,-
group_3124,DUF4467,S,-,Domain of unknown function with cystatin-like fold (DUF4467),-
focA,Form_Nir_trans,P,-,Formate nitrite,-
hel,Acid_phosphat_B,S,-,"5'-nucleotidase, lipoprotein e(P4)",-
group_334,"FtsX,MacB_PCD",V,yxeA,ABC transporter (permease),-
hrtA_1~~~lolD~~~hrtA_2,ABC_tran,V,lolD,"ABC transporter, ATP-binding protein",-
group_2118,PTS_EIIC_2,G,pfoR,"Phosphotransferase system, EIIC",-
deoK~~~psuK~~~deoK_2~~~deoK_1,"HTH_24,PfkB",GK,psuK,pfkB family carbohydrate kinase,-
siaT,SSF,E,-,Belongs to the sodium solute symporter (SSF) (TC 2.A.21) family,-
rpiR~~~ybbH_3~~~ybbH_1~~~ybbH_2,"HTH_6,SIS",K,-,Transcriptional regulator,-
group_382,SIR2,K,-,"COG COG0846 NAD-dependent protein deacetylases, SIR2 family",-
ulaA,EIIC-GAT,S,ulaA,PTS system sugar-specific permease component,-
glpT~~~glpT_2~~~glpT_1,MFS_1,G,glpT,Glycerol-3-phosphate transporter,"GO:0005575,GO:0005623,GO:0005886,GO:0016020,GO:0044464,GO:0071944"
luxA~~~fgd,Bac_luciferase,C,-,Luciferase-like monooxygenase,-
group_1514,FMN_red,S,-,NADPH-dependent FMN reductase,-
group_1543,Cons_hypoth698,S,-,Conserved hypothetical protein 698,-
ydaF~~~ydaF_2~~~ydaF_1,Acetyltransf_3,J,ydaF,Acetyltransferase (GNAT) domain,"GO:0003674,GO:0003824,GO:0004596,GO:0005575,GO:0005622,GO:0005623,GO:0005737,GO:0006464,GO:0006473,GO:0006474,GO:0006807,GO:0008080,GO:0008150,GO:0008152,GO:0008999,GO:0009987,GO:0010467,GO:0016407,GO:0016410,GO:0016740,GO:0016746,GO:0016747,GO:0017198,GO:0018193,GO:0018209,GO:0019538,GO:0030920,GO:0031365,GO:0034212,GO:0036211,GO:0043170,GO:0043412,GO:0043543,GO:0044237,GO:0044238,GO:0044260,GO:0044267,GO:0044424,GO:0044464,GO:0051604,GO:0071704,GO:1901564,GO:1990189"
group_3189,"Thiolase_C,Thiolase_N",I,atoB,Belongs to the thiolase family,"GO:0003674,GO:0003824,GO:0003988,GO:0006082,GO:0006629,GO:0006631,GO:0006635,GO:0008150,GO:0008152,GO:0009056,GO:0009062,GO:0009987,GO:0016042,GO:0016054,GO:0016408,GO:0016740,GO:0016746,GO:0016747,GO:0019395,GO:0019752,GO:0030258,GO:0032787,GO:0034440,GO:0043436,GO:0044237,GO:0044238,GO:0044242,GO:0044248,GO:0044255,GO:0044281,GO:0044282,GO:0046395,GO:0055114,GO:0071704,GO:0072329,GO:1901575"
metE~~~metE_1~~~metE_2,"Meth_synt_1,Meth_synt_2",E,metE,Catalyzes the transfer of a methyl group from 5- methyltetrahydrofolate to homocysteine resulting in methionine formation,"GO:0000096,GO:0000097,GO:0003674,GO:0003824,GO:0003871,GO:0005575,GO:0005576,GO:0005622,GO:0005623,GO:0005737,GO:0005829,GO:0006082,GO:0006520,GO:0006555,GO:0006790,GO:0006807,GO:0008150,GO:0008152,GO:0008168,GO:0008172,GO:0008652,GO:0008705,GO:0009058,GO:0009066,GO:0009067,GO:0009086,GO:0009987,GO:0016053,GO:0016740,GO:0016741,GO:0019752,GO:0032259,GO:0042084,GO:0042085,GO:0043436,GO:0044237,GO:0044238,GO:0044249,GO:0044272,GO:0044281,GO:0044283,GO:0044424,GO:0044444,GO:0044464,GO:0046394,GO:0050667,GO:0071704,GO:1901564,GO:1901566,GO:1901576,GO:1901605,GO:1901607"
yitJ~~~yitJ_2~~~yitJ_1,"MTHFR,S-methyl_trans",H,yitJ,"Bifunctional homocysteine S-methyltransferase 5,10-methylenetetrahydrofolate reductase protein",-
metC~~~metC_1~~~metC_2,Cys_Met_Meta_PP,E,metC,cystathionine,-
metI~~~metI_1~~~metC_1~~~metC_2,Cys_Met_Meta_PP,E,metB,COG0626 Cystathionine beta-lyases cystathionine gamma-synthases,"GO:0003674,GO:0003824,GO:0003962,GO:0004123,GO:0016740,GO:0016765,GO:0016829,GO:0016846"
spo0J,"HTH_3,KorB,ParBc",K,spo0J,Belongs to the ParB family,"GO:0005575,GO:0005622,GO:0005623,GO:0007059,GO:0008150,GO:0009295,GO:0009987,GO:0022603,GO:0042173,GO:0043226,GO:0043228,GO:0043229,GO:0043232,GO:0043590,GO:0043937,GO:0043938,GO:0044424,GO:0044464,GO:0045595,GO:0045597,GO:0045881,GO:0048518,GO:0048522,GO:0050789,GO:0050793,GO:0050794,GO:0051094,GO:0065007"
mscS,MS_channel,M,ykuT,"Transporter, small conductance mechanosensitive ion channel MscS family protein",-
ychF,"MMR_HSR1,YchF-GTPase_C",J,ychF,ATPase that binds to both the 70S ribosome and the 50S ribosomal subunit in a nucleotide-independent manner,"GO:0003674,GO:0003824,GO:0005575,GO:0005622,GO:0005623,GO:0005737,GO:0016462,GO:0016787,GO:0016817,GO:0016818,GO:0016887,GO:0017111,GO:0044424,GO:0044464"
group_3137,-,-,-,-,-
rpsF,Ribosomal_S6,J,rpsF,Binds together with S18 to 16S ribosomal RNA,"GO:0003674,GO:0003676,GO:0003723,GO:0003735,GO:0005198,GO:0005488,GO:0005575,GO:0005622,GO:0005623,GO:0005737,GO:0005829,GO:0005840,GO:0015935,GO:0019843,GO:0022626,GO:0022627,GO:0032991,GO:0043226,GO:0043228,GO:0043229,GO:0043232,GO:0044391,GO:0044422,GO:0044424,GO:0044444,GO:0044445,GO:0044446,GO:0044464,GO:0070181,GO:0097159,GO:1901363,GO:1990904"
ssbA_1~~~ssbA_2~~~ssbA_3,SSB,L,ssb,"Plays an important role in DNA replication, recombination and repair. Binds to ssDNA and to an array of partner proteins to recruit them to their sites of action during DNA metabolism",-
rpsR,Ribosomal_S18,J,rpsR,"Binds as a heterodimer with protein S6 to the central domain of the 16S rRNA, where it helps stabilize the platform of the 30S subunit","GO:0003674,GO:0003735,GO:0005198,GO:0005575,GO:0005622,GO:0005623,GO:0005737,GO:0005829,GO:0005840,GO:0006412,GO:0006518,GO:0006807,GO:0008150,GO:0008152,GO:0009058,GO:0009059,GO:0009987,GO:0010467,GO:0015935,GO:0019538,GO:0022626,GO:0022627,GO:0032991,GO:0034641,GO:0034645,GO:0043043,GO:0043170,GO:0043226,GO:0043228,GO:0043229,GO:0043232,GO:0043603,GO:0043604,GO:0044237,GO:0044238,GO:0044249,GO:0044260,GO:0044267,GO:0044271,GO:0044391,GO:0044422,GO:0044424,GO:0044444,GO:0044445,GO:0044446,GO:0044464,GO:0071704,GO:1901564,GO:1901566,GO:1901576,GO:1990904"
group_853,-,K,-,sequence-specific DNA binding,-
gpmA_2~~~gpmA_1~~~cobC,His_Phos_1,G,-,Belongs to the phosphoglycerate mutase family,-
group_1523,-,-,ydeH,-,-
group_1517,-,-,-,-,-
ahpF,"Pyr_redox_2,Thioredoxin_3",O,ahpF,Alkyl hydroperoxide reductase,-
ahpC,"1-cysPrx_C,AhpC-TSA",O,ahpC,"Thiol-specific peroxidase that catalyzes the reduction of hydrogen peroxide and organic hydroperoxides to water and alcohols, respectively. Plays a role in cell protection against oxidative stress by detoxifying peroxides",-
tcyP~~~tcyP_2~~~tcyP_1,SDF,U,tcyP,Belongs to the dicarboxylate amino acid cation symporter (DAACS) (TC 2.A.23) family,-
group_1434,-,A,-,protein ubiquitination,-
group_1433,Acetyltransf_1,-,-,-,-
pucK~~~pucK_1~~~pucK_2,Xan_ur_permease,F,pbuX,xanthine,"GO:0003674,GO:0005215,GO:0005345,GO:0005575,GO:0005623,GO:0005886,GO:0005887,GO:0006810,GO:0006863,GO:0008150,GO:0015205,GO:0015851,GO:0016020,GO:0016021,GO:0022857,GO:0031224,GO:0031226,GO:0042906,GO:0042907,GO:0044425,GO:0044459,GO:0044464,GO:0051179,GO:0051234,GO:0055085,GO:0071702,GO:0071705,GO:0071944,GO:0072530,GO:1904823"
guaB~~~guaB_2~~~guaB_1,"CBS,IMPDH",F,guaB,"Catalyzes the conversion of inosine 5'-phosphate (IMP) to xanthosine 5'-phosphate (XMP), the first committed and rate- limiting step in the de novo synthesis of guanine nucleotides, and therefore plays an important role in the regulation of cell growth","GO:0003674,GO:0003824,GO:0003938,GO:0005575,GO:0005622,GO:0005623,GO:0005737,GO:0006139,GO:0006163,GO:0006164,GO:0006183,GO:0006725,GO:0006753,GO:0006793,GO:0006796,GO:0006807,GO:0008150,GO:0008152,GO:0009058,GO:0009116,GO:0009117,GO:0009119,GO:0009141,GO:0009142,GO:0009144,GO:0009145,GO:0009150,GO:0009152,GO:0009163,GO:0009165,GO:0009199,GO:0009201,GO:0009205,GO:0009206,GO:0009259,GO:0009260,GO:0009987,GO:0016491,GO:0016614,GO:0016616,GO:0018130,GO:0019438,GO:0019637,GO:0019693,GO:0034404,GO:0034641,GO:0034654,GO:0042278,GO:0042451,GO:0042455,GO:0044237,GO:0044238,GO:0044249,GO:0044271,GO:0044281,GO:0044283,GO:0044424,GO:0044464,GO:0046039,GO:0046128,GO:0046129,GO:0046390,GO:0046483,GO:0055086,GO:0055114,GO:0071704,GO:0072521,GO:0072522,GO:0090407,GO:1901068,GO:1901070,GO:1901135,GO:1901137,GO:1901293,GO:1901360,GO:1901362,GO:1901564,GO:1901566,GO:1901576,GO:1901657,GO:1901659"
guaA,"GATase,GMP_synt_C,NAD_synthase",F,guaA,Catalyzes the synthesis of GMP from XMP,"GO:0003674,GO:0003824,GO:0003921,GO:0003922,GO:0006139,GO:0006163,GO:0006164,GO:0006177,GO:0006725,GO:0006753,GO:0006793,GO:0006796,GO:0006807,GO:0008150,GO:0008152,GO:0009058,GO:0009116,GO:0009117,GO:0009119,GO:0009123,GO:0009124,GO:0009126,GO:0009127,GO:0009150,GO:0009152,GO:0009156,GO:0009161,GO:0009163,GO:0009165,GO:0009167,GO:0009168,GO:0009259,GO:0009260,GO:0009987,GO:0016874,GO:0016879,GO:0016884,GO:0018130,GO:0019438,GO:0019637,GO:0019693,GO:0034404,GO:0034641,GO:0034654,GO:0042278,GO:0042451,GO:0042455,GO:0044237,GO:0044238,GO:0044249,GO:0044271,GO:0044281,GO:0044283,GO:0046037,GO:0046128,GO:0046129,GO:0046390,GO:0046483,GO:0055086,GO:0071704,GO:0072521,GO:0072522,GO:0090407,GO:1901068,GO:1901070,GO:1901135,GO:1901137,GO:1901293,GO:1901360,GO:1901362,GO:1901564,GO:1901566,GO:1901576,GO:1901657,GO:1901659"
group_1462,-,-,-,-,-
hsdM_2~~~hsdM~~~hsdM_3~~~hsdM_1,"HsdM_N,Methylase_S,N6_Mtase",V,hsdM,type I restriction-modification system,-
group_2119,DUF2294,S,ybcI,Uncharacterized conserved protein (DUF2294),-
group_2120,PAP2,I,-,PA-phosphatase related membrane protein,-
group_2121,SNF,S,-,Belongs to the sodium neurotransmitter symporter (SNF) (TC 2.A.22) family,-
mccB_2~~~mccB_1~~~mccB,Cys_Met_Meta_PP,E,mccB,COG0626 Cystathionine beta-lyases cystathionine gamma-synthases,"GO:0000096,GO:0000098,GO:0003674,GO:0003824,GO:0003962,GO:0004123,GO:0005575,GO:0005622,GO:0005623,GO:0005737,GO:0006082,GO:0006520,GO:0006790,GO:0006807,GO:0008150,GO:0008152,GO:0008284,GO:0009056,GO:0009063,GO:0009987,GO:0016054,GO:0016740,GO:0016765,GO:0016829,GO:0016846,GO:0019752,GO:0042127,GO:0043418,GO:0043436,GO:0044237,GO:0044238,GO:0044248,GO:0044273,GO:0044281,GO:0044282,GO:0044424,GO:0044464,GO:0046395,GO:0048518,GO:0048522,GO:0050667,GO:0050789,GO:0050794,GO:0065007,GO:0071704,GO:1901564,GO:1901565,GO:1901575,GO:1901605,GO:1901606"
metI_1~~~metP_1~~~metI_2~~~metP_2,BPD_transp_1,P,metI,ABC transporter permease,-
bltD,Acetyltransf_1,K,-,acetyltransferase GNAT family,-
group_2123,YibE_F,S,yibF,YibE F-like protein,-
group_2124,YibE_F,S,yibE,YibE F-like protein,-
gltA_1~~~gltA_2~~~gltA_3~~~gltA~~~gltS_1,"GATase_2,GXGXG,Glu_syn_central,Glu_synthase",E,gltA,Glutamate synthase,"GO:0003674,GO:0003824,GO:0005575,GO:0005622,GO:0005623,GO:0005737,GO:0006082,GO:0006520,GO:0006536,GO:0006537,GO:0006541,GO:0006807,GO:0008150,GO:0008152,GO:0008652,GO:0009058,GO:0009064,GO:0009084,GO:0009987,GO:0015930,GO:0016053,GO:0016491,GO:0016638,GO:0019676,GO:0019740,GO:0019752,GO:0043436,GO:0043648,GO:0043650,GO:0044237,GO:0044238,GO:0044249,GO:0044281,GO:0044283,GO:0044424,GO:0044464,GO:0046394,GO:0055114,GO:0071704,GO:1901564,GO:1901566,GO:1901576,GO:1901605,GO:1901607"
argS,"Arg_tRNA_synt_N,DALR_1,tRNA-synt_1d",J,argS,Arginyl-tRNA synthetase,"GO:0003674,GO:0003824,GO:0004812,GO:0004814,GO:0005575,GO:0005622,GO:0005623,GO:0005737,GO:0006082,GO:0006139,GO:0006399,GO:0006412,GO:0006418,GO:0006420,GO:0006518,GO:0006520,GO:0006725,GO:0006807,GO:0008150,GO:0008152,GO:0009058,GO:0009059,GO:0009987,GO:0010467,GO:0016070,GO:0016874,GO:0016875,GO:0019538,GO:0019752,GO:0034641,GO:0034645,GO:0034660,GO:0043038,GO:0043039,GO:0043043,GO:0043170,GO:0043436,GO:0043603,GO:0043604,GO:0044237,GO:0044238,GO:0044249,GO:0044260,GO:0044267,GO:0044271,GO:0044281,GO:0044424,GO:0044464,GO:0046483,GO:0071704,GO:0090304,GO:0140098,GO:0140101,GO:1901360,GO:1901564,GO:1901566,GO:1901576"
adh~~~adh_2~~~adh_1,"ADH_N,ADH_zinc_N",C,adhP,alcohol dehydrogenase (NAD) activity,-
group_2125,YwhD,S,ywhD,YwhD family,-
group_2126,HD,S,ywfO,Metal dependent phosphohydrolases with conserved 'HD' motif.,"GO:0003674,GO:0003824,GO:0006139,GO:0006163,GO:0006195,GO:0006203,GO:0006725,GO:0006753,GO:0006793,GO:0006796,GO:0006807,GO:0008150,GO:0008152,GO:0008832,GO:0009056,GO:0009058,GO:0009117,GO:0009141,GO:0009143,GO:0009144,GO:0009146,GO:0009151,GO:0009155,GO:0009166,GO:0009200,GO:0009204,GO:0009215,GO:0009217,GO:0009262,GO:0009264,GO:0009394,GO:0009987,GO:0016787,GO:0016788,GO:0016793,GO:0018130,GO:0019438,GO:0019439,GO:0019637,GO:0019692,GO:0034404,GO:0034641,GO:0034654,GO:0034655,GO:0042578,GO:0044237,GO:0044238,GO:0044248,GO:0044249,GO:0044270,GO:0044271,GO:0044281,GO:0044283,GO:0046070,GO:0046386,GO:0046434,GO:0046483,GO:0046700,GO:0055086,GO:0071704,GO:0072521,GO:0072523,GO:1901135,GO:1901136,GO:1901292,GO:1901360,GO:1901361,GO:1901362,GO:1901564,GO:1901565,GO:1901575,GO:1901576"
rimI_1~~~rimI_3~~~rimI_4~~~rimI_2,Acetyltransf_1,K,-,acetyltransferase (GNAT) family,-
group_213,-,S,-,Protein of unknown function (DUF443),-
group_1377,-,S,-,Protein of unknown function (DUF443),-
rclA_2~~~rclA~~~rclA_1,"Pyr_redox_2,Pyr_redox_dim",C,merA,Belongs to the class-I pyridine nucleotide-disulfide oxidoreductase family,-
group_2127,DUF1450,S,ywzC,Belongs to the UPF0741 family,-
group_2128,"GHMP_kinases_C,GHMP_kinases_N",I,mvaK2,phosphomevalonate kinase,-
group_2129,"GHMP_kinases_C,GHMP_kinases_N",I,mvaD,decarboxylase,-
galK,"GHMP_kinases_C,GHMP_kinases_N",I,mvk,Mevalonate kinase,-
lipL,BPL_LplA_LipB,H,lipL,Catalyzes the amidotransfer (transamidation) of the octanoyl moiety from octanoyl-GcvH to the lipoyl domain of the E2 subunit of lipoate-dependent enzymes,"GO:0003674,GO:0003824,GO:0006082,GO:0006464,GO:0006629,GO:0006631,GO:0006633,GO:0006732,GO:0006790,GO:0006807,GO:0008150,GO:0008152,GO:0008610,GO:0009058,GO:0009106,GO:0009107,GO:0009108,GO:0009249,GO:0009987,GO:0010467,GO:0016053,GO:0016415,GO:0016740,GO:0016746,GO:0016747,GO:0018065,GO:0018130,GO:0018193,GO:0018205,GO:0019538,GO:0019752,GO:0032787,GO:0036211,GO:0043170,GO:0043412,GO:0043436,GO:0044237,GO:0044238,GO:0044249,GO:0044255,GO:0044260,GO:0044267,GO:0044272,GO:0044281,GO:0044283,GO:0046394,GO:0046483,GO:0051186,GO:0051188,GO:0051604,GO:0071704,GO:0072330,GO:1901360,GO:1901362,GO:1901564,GO:1901576"
pta,PTA_PTB,C,pta,phosphate acetyltransferase activity,-
chdC,Chlor_dismutase,C,ywfI,May function as heme-dependent peroxidase,-
group_3120,ThrE,S,-,Putative threonine/serine exporter,-
group_2130,ThrE_2,S,-,"Threonine/Serine exporter, ThrE",-
group_3181,AA_permease_2,E,-,amino acid,-
group_106,DUF423,S,ywdK,membrane,-
ung,UDG,L,ung,Excises uracil residues from the DNA which can arise as a result of misincorporation of dUMP residues by DNA polymerase or due to deamination of cytosine,"GO:0003674,GO:0003824,GO:0004844,GO:0006139,GO:0006259,GO:0006281,GO:0006284,GO:0006285,GO:0006725,GO:0006807,GO:0006950,GO:0006974,GO:0008150,GO:0008152,GO:0009987,GO:0016787,GO:0016798,GO:0016799,GO:0019104,GO:0033554,GO:0034641,GO:0043170,GO:0044237,GO:0044238,GO:0044260,GO:0046483,GO:0050896,GO:0051716,GO:0071704,GO:0090304,GO:0097506,GO:0097510,GO:0140097,GO:1901360"
pdxK_2~~~pdxK_1~~~pdxK,Phos_pyr_kin,H,pdxK,Phosphomethylpyrimidine kinase,-
group_2131,VraX,S,vraX,Family of unknown function,-
group_208,OMPdecase,G,hxlA,Catalyzes the condensation of ribulose 5-phosphate with formaldehyde to form 3-hexulose 6-phosphate,"GO:0003674,GO:0003824,GO:0004590,GO:0005575,GO:0005622,GO:0005623,GO:0005737,GO:0005829,GO:0006139,GO:0006206,GO:0006207,GO:0006725,GO:0006807,GO:0008150,GO:0008152,GO:0009058,GO:0009112,GO:0009987,GO:0016829,GO:0016830,GO:0016831,GO:0018130,GO:0019856,GO:0034641,GO:0044237,GO:0044238,GO:0044249,GO:0044271,GO:0044281,GO:0044424,GO:0044444,GO:0044464,GO:0046112,GO:0046483,GO:0055086,GO:0071704,GO:0072527,GO:0072528,GO:1901360,GO:1901362,GO:1901564,GO:1901566,GO:1901576"
bshB2,PIG-L,S,bshB2,GlcNAc-PI de-N-acetylase,-
folE2,GCHY-1,S,folE2,"Converts GTP to 7,8-dihydroneopterin triphosphate",-
tagE~~~gtfA_2~~~gtfA_3~~~gtfA_1,"Glyco_trans_A_1,Glycos_transf_1",M,-,Glycosyl transferases group 1,-
leuC_1~~~leuC_2~~~leuC~~~leuC_3,Aconitase,E,leuC,"Catalyzes the isomerization between 2-isopropylmalate and 3-isopropylmalate, via the formation of 2-isopropylmaleate",-
leuA_1~~~leuA_2~~~leuA,"HMGL-like,LeuA_dimer",E,leuA,Catalyzes the condensation of the acetyl group of acetyl-CoA with 3-methyl-2-oxobutanoate (2-oxoisovalerate) to form 3-carboxy-3-hydroxy-4-methylpentanoate (2-isopropylmalate),-
ilvC,"IlvC,IlvN",H,ilvC,"Involved in the biosynthesis of branched-chain amino acids (BCAA). Catalyzes an alkyl-migration followed by a ketol- acid reduction of (S)-2-acetolactate (S2AL) to yield (R)-2,3- dihydroxy-isovalerate. In the isomerase reaction, S2AL is rearranged via a Mg-dependent methyl migration to produce 3- hydroxy-3-methyl-2-ketobutyrate (HMKB). In the reductase reaction, this 2-ketoacid undergoes a metal-dependent reduction by NADPH to yield (R)-2,3-dihydroxy-isovalerate",-
group_2132,ACT_4,E,-,acetolactate synthase activity,-
ilvB~~~ilvB_2~~~ilvB_1,"TPP_enzyme_C,TPP_enzyme_M,TPP_enzyme_N",H,ilvB,acetolactate synthase,-
ilvD_2~~~ilvD_1~~~ilvD,ILVD_EDD,E,ilvD,Belongs to the IlvD Edd family,-
rimI_4~~~rimI_3,Acetyltransf_1,K,rimI,This enzyme acetylates the N-terminal alanine of ribosomal protein S18,-
tsaD~~~tsaD_1~~~tsaD_2,Peptidase_M22,J,tsaD,"Required for the formation of a threonylcarbamoyl group on adenosine at position 37 (t(6)A37) in tRNAs that read codons beginning with adenine. Is involved in the transfer of the threonylcarbamoyl moiety of threonylcarbamoyl-AMP (TC-AMP) to the N6 group of A37, together with TsaE and TsaB. TsaD likely plays a direct catalytic role in this reaction","GO:0000408,GO:0002949,GO:0005575,GO:0005622,GO:0005623,GO:0006139,GO:0006396,GO:0006399,GO:0006400,GO:0006725,GO:0006807,GO:0008033,GO:0008150,GO:0008152,GO:0009451,GO:0009987,GO:0010467,GO:0016070,GO:0032991,GO:0034470,GO:0034641,GO:0034660,GO:0043170,GO:0043412,GO:0044237,GO:0044238,GO:0044424,GO:0044464,GO:0046483,GO:0070525,GO:0071704,GO:0090304,GO:1901360"
yheS~~~ybiT_2,"ABC_tran,ABC_tran_CTD,ABC_tran_Xtn",S,ydiF,"ABC transporter, ATP-binding protein",-
rex,"CoA_binding,Put_DNA-bind_N",K,rex,Modulates transcription in response to changes in cellular NADH NAD( ) redox state,-
treR_2~~~treR_1,"LacI,Peripla_BP_1,Peripla_BP_3,Peripla_BP_4",K,scrR,helix_turn _helix lactose operon repressor,-
scrB~~~sacA,"Glyco_hydro_32C,Glyco_hydro_32N",G,scrB,invertase,-
scrK~~~deoK_2~~~kdgK~~~rbsK_2~~~iolC,PfkB,G,-,"COG0524 Sugar kinases, ribokinase family",-
groES,Cpn10,O,groS,Binds to Cpn60 in the presence of Mg-ATP and suppresses the ATPase activity of the latter,"GO:0003674,GO:0005488,GO:0005515,GO:0006457,GO:0006458,GO:0006950,GO:0006986,GO:0008150,GO:0009987,GO:0010033,GO:0035966,GO:0042221,GO:0042802,GO:0043167,GO:0043169,GO:0046872,GO:0050896,GO:0051082,GO:0051084,GO:0051085,GO:0051087,GO:0061077"
groEL~~~groEL_2~~~groEL_1,Cpn60_TCP1,O,groL,Prevents misfolding and promotes the refolding and proper assembly of unfolded polypeptides generated under stress conditions,"GO:0001817,GO:0001819,GO:0001871,GO:0002791,GO:0002793,GO:0003674,GO:0005488,GO:0005515,GO:0005575,GO:0005622,GO:0005623,GO:0005737,GO:0005829,GO:0006457,GO:0006458,GO:0008150,GO:0009986,GO:0009987,GO:0016465,GO:0030246,GO:0030247,GO:0032677,GO:0032757,GO:0032879,GO:0032880,GO:0032991,GO:0044183,GO:0044424,GO:0044444,GO:0044445,GO:0044464,GO:0044764,GO:0046812,GO:0048518,GO:0048522,GO:0050707,GO:0050708,GO:0050714,GO:0050715,GO:0050789,GO:0050794,GO:0051046,GO:0051047,GO:0051049,GO:0051050,GO:0051082,GO:0051222,GO:0051223,GO:0051239,GO:0051240,GO:0051704,GO:0061077,GO:0065007,GO:0070201,GO:0090087,GO:0098630,GO:0098743,GO:0101031,GO:1903530,GO:1903532,GO:1904951,GO:1990220,GO:2000482,GO:2000484,GO:2001065"
ktrB_2~~~ktrB_1~~~ktrB_3,TrkH,P,ktrB,"Potassium uptake protein, integral membrane component, KtrB",-
group_1393,-,S,-,cell killing,-
acnA,"Aconitase,Aconitase_C",C,citB,Catalyzes the isomerization of citrate to isocitrate via cis-aconitate,"GO:0003674,GO:0003676,GO:0003723,GO:0003729,GO:0003730,GO:0003824,GO:0003994,GO:0005488,GO:0006082,GO:0006091,GO:0006099,GO:0006101,GO:0006629,GO:0006631,GO:0008150,GO:0008152,GO:0009060,GO:0009987,GO:0015980,GO:0016829,GO:0016835,GO:0016836,GO:0016999,GO:0017144,GO:0019541,GO:0019679,GO:0019752,GO:0032787,GO:0043436,GO:0043937,GO:0044237,GO:0044238,GO:0044255,GO:0044281,GO:0045333,GO:0046459,GO:0047456,GO:0048037,GO:0050789,GO:0050793,GO:0051536,GO:0051539,GO:0051540,GO:0055114,GO:0065007,GO:0071704,GO:0072350,GO:0097159,GO:1901363"
group_1333,"4HBT,4HBT_2",S,yneP,Acyl-ACP thioesterase,-
group_1305,Fe-S_biosyn,S,-,Belongs to the HesB IscA family,-
parC,"DNA_gyraseA_C,DNA_topoisoIV",L,parC,Topoisomerase IV is essential for chromosome segregation. It relaxes supercoiled DNA. Performs the decatenation events required during the replication of a circular DNA molecule,-
alsT,Na_Ala_symp,E,agcS,amino acid carrier protein,-
group_2978,AI-2E_transport,S,yubA,AI-2E family transporter,"GO:0003674,GO:0005215,GO:0005575,GO:0005623,GO:0005886,GO:0005887,GO:0006810,GO:0008150,GO:0016020,GO:0016021,GO:0031224,GO:0031226,GO:0044425,GO:0044459,GO:0044464,GO:0051179,GO:0051234,GO:0055085,GO:0071944"
msrR,LytR_cpsA_psr,K,msrR,Peptide methionine sulfoxide reductase regulator MsrR,-
group_2133,Tautomerase,G,dmpI,4-oxalocrotonate tautomerase,"GO:0003674,GO:0003824,GO:0006725,GO:0008150,GO:0008152,GO:0009987,GO:0016853,GO:0044237"
dinB_1~~~umuC~~~dinB_2,"IMS,IMS_C,IMS_HHH",L,polYB,Belongs to the DNA polymerase type-Y family,-
ysdC_2~~~ysdC_1~~~pepA_3,Peptidase_M42,E,yhfE,M42 glutamyl aminopeptidase,-
trpB_1~~~trpB_2~~~trpB,PALP,E,trpB,The beta subunit is responsible for the synthesis of L- tryptophan from indole and L-serine,"GO:0000162,GO:0005575,GO:0005622,GO:0005623,GO:0005737,GO:0006082,GO:0006520,GO:0006568,GO:0006576,GO:0006586,GO:0006725,GO:0006807,GO:0008150,GO:0008152,GO:0008652,GO:0009058,GO:0009072,GO:0009073,GO:0009308,GO:0009309,GO:0009987,GO:0016053,GO:0018130,GO:0019438,GO:0019752,GO:0034641,GO:0042401,GO:0042430,GO:0042435,GO:0043436,GO:0044106,GO:0044237,GO:0044238,GO:0044249,GO:0044271,GO:0044281,GO:0044283,GO:0044424,GO:0044464,GO:0046219,GO:0046394,GO:0046483,GO:0071704,GO:1901360,GO:1901362,GO:1901564,GO:1901566,GO:1901576,GO:1901605,GO:1901607"
femB~~~femB_2~~~femB_1,FemAB,V,femB,Methicillin resistance,-
pepF_2~~~pepF_1~~~pepF_3,"Peptidase_M3,Peptidase_M3_N",E,pepF,Oligoendopeptidase F,-
phoU,PhoU,P,phoU,Plays a role in the regulation of phosphate uptake,-
pstB3,ABC_tran,P,pstB,Part of the ABC transporter complex PstSACB involved in phosphate import. Responsible for energy coupling to the transport system,-
pstA,BPD_transp_1,P,pstA,Phosphate transport system permease,-
pstC~~~pstC1,BPD_transp_1,P,pstC,probably responsible for the translocation of the substrate across the membrane,-
murG~~~murG_1~~~murG_2,"Glyco_tran_28_C,Glyco_transf_28",M,murG,Cell wall formation. Catalyzes the transfer of a GlcNAc subunit on undecaprenyl-pyrophosphoryl-MurNAc-pentapeptide (lipid intermediate I) to form undecaprenyl-pyrophosphoryl-MurNAc- (pentapeptide)GlcNAc (lipid intermediate II),-
group_1649,"Acetyltransf_1,Acetyltransf_10",K,-,Acetyltransferase,-
group_1650,"PDZ,PDZ_2,PG_binding_1,Peptidase_S41",M,ctpA,Belongs to the peptidase S41A family,-
crr_1~~~crr,"PTS_EIIA_1,PTS_EIIB",G,crr,PTS system,-
msrB~~~msrB_1,SelR,O,msrB,peptide methionine sulfoxide reductase,-
msrA2_1~~~msrA2,"PMSR,SelR",O,msrA,Has an important function as a repair enzyme for proteins that have been inactivated by oxidation. Catalyzes the reversible oxidation-reduction of methionine sulfoxide in proteins to methionine,-
group_1642,DegV,S,degV,DegV family,-
thyA_2~~~thyA~~~thyA_1,Thymidylat_synt,F,thyA,"Catalyzes the reductive methylation of 2'-deoxyuridine- 5'-monophosphate (dUMP) to 2'-deoxythymidine-5'-monophosphate (dTMP) while utilizing 5,10-methylenetetrahydrofolate (mTHF) as the methyl donor and reductant in the reaction, yielding dihydrofolate (DHF) as a by-product. This enzymatic reaction provides an intracellular de novo source of dTMP, an essential precursor for DNA biosynthesis",-
yhhQ,Vut_1,S,ypdP,"Involved in the import of queuosine (Q) precursors, required for Q precursor salvage",-
sbnC_1~~~sbnC~~~sbnC_2,"FhuF,IucA_IucC",Q,-,IucA / IucC family,-
sbnB_1~~~sbnB~~~sbnB_2,OCD_Mu_crystall,E,sbnB,Ornithine cyclodeaminase/mu-crystallin family,-
sbnA_1~~~sbnA~~~sbnA_2,PALP,E,sbnA,Pyridoxal-phosphate dependent enzyme,-
yfiY_1~~~yfiY,Peripla_BP_2,P,sirA,Periplasmic binding protein,-
yfiZ_1~~~yfiZ_2,FecCD,P,sirB,FecCD transport family,-
yfhA_1~~~yfhA,FecCD,P,yfhA,FecCD transport family,-
sarS~~~sarS_1~~~sarS_2,-,K,-,DNA-binding transcription factor activity,-
lctP_2~~~lctP_1~~~lctP_3,Lactate_perm,C,lctP,L-lactate permease,-
group_951,DUF1648,S,-,Protein of unknown function (DUF1648),-
norG_1~~~norG~~~norG_2,"Aminotran_1_2,GntR",K,-,helix_turn_helix gluconate operon transcriptional repressor,-
group_3004,EamA,EG,-,COG0697 Permeases of the drug metabolite transporter (DMT) superfamily,-
group_949,"Na_Pi_cotrans,PhoU",P,yjbB,Na+/Pi-cotransporter,-
norB_3~~~norB_2~~~norB_4~~~norB_1~~~norB_5,-,EGP,-,of the major facilitator superfamily,-
plc~~~plc_1~~~plc_2,PI-PLC-X,U,-,phosphatidylinositol-specific phospholipase C,"GO:0005575,GO:0005576"
entS,MFS_1,EGP,-,Major Facilitator Superfamily,-
dus_1~~~dus_2~~~dus,Dus,J,dus,"Catalyzes the synthesis of 5,6-dihydrouridine (D), a modified base found in the D-loop of most tRNAs, via the reduction of the C5-C6 double bond in target uridines",-
group_1561,DUF4097,S,-,Putative adhesin,-
group_1555,DUF1700,S,XK27_04830,Protein of unknown function (DUF1700),-
group_1554,-,-,-,-,-
group_1553,Thioredoxin_9,CO,-,Thioredoxin,-
group_1024,"ABC2_membrane,ABC2_membrane_2",-,-,-,-
bcrA_1~~~bcrA_2~~~uup_3,ABC_tran,V,-,"ABC transporter, ATP-binding protein",-
group_1025,ABC2_membrane_5,S,-,ABC-2 family transporter protein,-
vmlR~~~natA~~~uup_4,ABC_tran,V,CcmA,"ABC transporter, ATP-binding protein",-
ytrA,GntR,K,-,Transcriptional regulator,-
hisC_1~~~hisC_3~~~hisC_2~~~hisC_4,Aminotran_1_2,E,-,Aminotransferase,-
scn_2~~~scn_3~~~scn_4,-,S,-,Staphylococcal complement inhibitor SCIN,-
group_1026,Phage_holin_1,S,-,COG5546 Small integral membrane protein,-
group_920,-,-,-,-,-
group_441,-,S,-,Phage head-tail joining protein,-
group_1459,Rho_N,S,-,"Rho termination factor, N-terminal domain",-
group_1582,-,S,-,Protein of unknown function (DUF1514),-
group_3162,-,-,-,-,-
group_880,-,L,-,Transposase for ISSha1,-
cdaA_1~~~cdaA_2~~~cdaA,DisA_N,S,dacA,"Catalyzes the condensation of 2 ATP molecules into cyclic di-AMP (c-di-AMP), a second messenger used to regulate differing processes in different bacteria","GO:0003674,GO:0003824,GO:0004016,GO:0005575,GO:0005623,GO:0005886,GO:0005887,GO:0009975,GO:0016020,GO:0016021,GO:0016829,GO:0016849,GO:0031224,GO:0031226,GO:0044425,GO:0044459,GO:0044464,GO:0071944"
cdaR,YbbR,S,ybbR,YbbR-like protein,"GO:0008150,GO:0031279,GO:0031281,GO:0043085,GO:0044093,GO:0045761,GO:0045762,GO:0050790,GO:0051339,GO:0051349,GO:0065007,GO:0065009"
glmM,"PGM_PMM_I,PGM_PMM_II,PGM_PMM_III,PGM_PMM_IV",G,glmM,Catalyzes the conversion of glucosamine-6-phosphate to glucosamine-1-phosphate,-
mtlF,PTS_EIIA_2,G,mtlF,Mannitol-specific phosphotransferase enzyme IIA component,"GO:0003674,GO:0003824,GO:0005215,GO:0005575,GO:0005623,GO:0005886,GO:0006810,GO:0008150,GO:0008643,GO:0009401,GO:0015144,GO:0016020,GO:0016740,GO:0016772,GO:0016773,GO:0022804,GO:0022857,GO:0034219,GO:0044464,GO:0051179,GO:0051234,GO:0055085,GO:0071702,GO:0071944,GO:0090563"
glmS,"GATase_6,SIS",M,glmS,"Catalyzes the first step in hexosamine metabolism, converting fructose-6P into glucosamine-6P using glutamine as a nitrogen source","GO:0003674,GO:0003824,GO:0004360,GO:0005575,GO:0005622,GO:0005623,GO:0005737,GO:0005829,GO:0006002,GO:0006040,GO:0006047,GO:0006139,GO:0006464,GO:0006486,GO:0006487,GO:0006725,GO:0006793,GO:0006796,GO:0006807,GO:0008150,GO:0008152,GO:0008483,GO:0009058,GO:0009059,GO:0009100,GO:0009101,GO:0009225,GO:0009987,GO:0016740,GO:0016769,GO:0019538,GO:0019637,GO:0034641,GO:0034645,GO:0036211,GO:0043170,GO:0043412,GO:0043413,GO:0044237,GO:0044238,GO:0044249,GO:0044260,GO:0044267,GO:0044281,GO:0044424,GO:0044444,GO:0044464,GO:0046483,GO:0055086,GO:0070085,GO:0070548,GO:0071704,GO:1901135,GO:1901137,GO:1901360,GO:1901564,GO:1901566,GO:1901576"
group_1551,SAP,S,-,SAP domain,-
czcD_2~~~czcD_1~~~czcD_3,"Cation_efflux,ZT_dimer",P,czcD,Co Zn Cd efflux system component,-
czrA~~~czrA_1,HTH_5,K,czrA,"helix_turn_helix, Arsenical Resistance Operon Repressor",-
group_3006,-,-,-,-,-
group_2136,"AAA_5,EVE",S,-,EVE domain,-
dps~~~dps1,Ferritin,P,dps,Belongs to the Dps family,-
deoD_2~~~deoD1~~~deoD_1,PNP_UDP_1,F,deoD,Purine nucleoside phosphorylase,-
tmk,Thymidylate_kin,F,tmk,Phosphorylation of dTMP to form dTDP in both de novo and salvage pathways of dTTP synthesis,"GO:0003674,GO:0003824,GO:0004798,GO:0005575,GO:0005622,GO:0005623,GO:0005737,GO:0006139,GO:0006220,GO:0006221,GO:0006227,GO:0006233,GO:0006235,GO:0006725,GO:0006753,GO:0006793,GO:0006796,GO:0006807,GO:0008150,GO:0008152,GO:0009041,GO:0009058,GO:0009117,GO:0009123,GO:0009132,GO:0009133,GO:0009138,GO:0009139,GO:0009141,GO:0009142,GO:0009147,GO:0009148,GO:0009165,GO:0009186,GO:0009189,GO:0009196,GO:0009197,GO:0009200,GO:0009202,GO:0009211,GO:0009212,GO:0009219,GO:0009221,GO:0009262,GO:0009263,GO:0009265,GO:0009394,GO:0009987,GO:0016301,GO:0016310,GO:0016740,GO:0016772,GO:0016776,GO:0018130,GO:0019205,GO:0019438,GO:0019637,GO:0019692,GO:0034641,GO:0034654,GO:0044237,GO:0044238,GO:0044249,GO:0044271,GO:0044281,GO:0044424,GO:0044464,GO:0046072,GO:0046075,GO:0046077,GO:0046385,GO:0046483,GO:0046940,GO:0050145,GO:0055086,GO:0071704,GO:0072527,GO:0072528,GO:0090407,GO:1901135,GO:1901137,GO:1901293,GO:1901360,GO:1901362,GO:1901564,GO:1901566,GO:1901576"
darA,CdAMP_rec,S,yaaQ,Cyclic-di-AMP receptor,-
holB,"DNA_pol3_delta2,DNApol3-delta_C",L,holB,DNA polymerase III,-
group_2137,PSP1,S,yaaT,Signal peptidase,"GO:0005575,GO:0005622,GO:0005623,GO:0005737,GO:0044424,GO:0044464"
yabA,YabB,L,yabA,Involved in initiation control of chromosome replication,"GO:0003674,GO:0005488,GO:0005515,GO:0042802"
yfiC,"GIY-YIG,MTS",S,yabB,Methyltransferase small domain,"GO:0003674,GO:0003824,GO:0005575,GO:0005622,GO:0005623,GO:0005737,GO:0005829,GO:0008150,GO:0008152,GO:0008168,GO:0008757,GO:0016740,GO:0016741,GO:0032259,GO:0044424,GO:0044444,GO:0044464"
group_2138,GIY-YIG,L,yazA,endonuclease containing a URI domain,-
rsmI,TP_methylase,H,rsmI,Catalyzes the 2'-O-methylation of the ribose of cytidine 1402 (C1402) in 16S rRNA,"GO:0000154,GO:0000451,GO:0000453,GO:0001510,GO:0006139,GO:0006364,GO:0006396,GO:0006725,GO:0006807,GO:0008150,GO:0008152,GO:0009451,GO:0009987,GO:0010467,GO:0016070,GO:0016072,GO:0022613,GO:0031167,GO:0032259,GO:0034470,GO:0034641,GO:0034660,GO:0042254,GO:0043170,GO:0043412,GO:0043414,GO:0044085,GO:0044237,GO:0044238,GO:0044260,GO:0046483,GO:0071704,GO:0071840,GO:0090304,GO:1901360"
metG~~~metG_2~~~metG_1,"Anticodon_1,tRNA-synt_1g,tRNA_bind",J,metG,Is required not only for elongation of protein synthesis but also for the initiation of all mRNA translation through initiator tRNA(fMet) aminoacylation,"GO:0003674,GO:0003824,GO:0004812,GO:0004825,GO:0005575,GO:0005622,GO:0005623,GO:0005737,GO:0006082,GO:0006139,GO:0006399,GO:0006412,GO:0006418,GO:0006431,GO:0006518,GO:0006520,GO:0006725,GO:0006807,GO:0008150,GO:0008152,GO:0009058,GO:0009059,GO:0009987,GO:0010467,GO:0016070,GO:0016874,GO:0016875,GO:0019538,GO:0019752,GO:0034641,GO:0034645,GO:0034660,GO:0043038,GO:0043039,GO:0043043,GO:0043170,GO:0043436,GO:0043603,GO:0043604,GO:0044237,GO:0044238,GO:0044249,GO:0044260,GO:0044267,GO:0044271,GO:0044281,GO:0044424,GO:0044464,GO:0046483,GO:0071704,GO:0090304,GO:0140098,GO:0140101,GO:1901360,GO:1901564,GO:1901566,GO:1901576"
dtd3,TatD_DNase,L,tatD,Deoxyribonuclease,"GO:0003674,GO:0003824,GO:0004518,GO:0004536,GO:0006139,GO:0006259,GO:0006308,GO:0006725,GO:0006807,GO:0008150,GO:0008152,GO:0009056,GO:0009057,GO:0009987,GO:0016787,GO:0016788,GO:0019439,GO:0034641,GO:0034655,GO:0043170,GO:0044237,GO:0044238,GO:0044248,GO:0044260,GO:0044265,GO:0044270,GO:0046483,GO:0046700,GO:0071704,GO:0090304,GO:0090305,GO:0140097,GO:1901360,GO:1901361,GO:1901575"
veg,VEG,S,veg,Biofilm formation stimulator VEG,-
ispE~~~ispE_1~~~ispE_2,"GHMP_kinases_C,GHMP_kinases_N",I,ispE,Catalyzes the phosphorylation of the position 2 hydroxy group of 4-diphosphocytidyl-2C-methyl-D-erythritol,"GO:0003674,GO:0003824,GO:0006793,GO:0006796,GO:0008150,GO:0008152,GO:0009987,GO:0016301,GO:0016310,GO:0016740,GO:0016772,GO:0016773,GO:0044237,GO:0050515"
purR,"Pribosyltran,PuR_N",F,purR,pur operon repressor,-
glmU,"Hexapep,Hexapep_2,NTP_transf_3,NTP_transferase",M,glmU,"Catalyzes the last two sequential reactions in the de novo biosynthetic pathway for UDP-N-acetylglucosamine (UDP- GlcNAc). The C-terminal domain catalyzes the transfer of acetyl group from acetyl coenzyme A to glucosamine-1-phosphate (GlcN-1-P) to produce N-acetylglucosamine-1-phosphate (GlcNAc-1-P), which is converted into UDP-GlcNAc by the transfer of uridine 5- monophosphate (from uridine 5-triphosphate), a reaction catalyzed by the N-terminal domain","GO:0000270,GO:0000271,GO:0003674,GO:0003824,GO:0003977,GO:0005975,GO:0005976,GO:0006022,GO:0006023,GO:0006024,GO:0006629,GO:0006807,GO:0008150,GO:0008152,GO:0008610,GO:0008653,GO:0009058,GO:0009059,GO:0009103,GO:0009252,GO:0009273,GO:0009987,GO:0016051,GO:0016740,GO:0016772,GO:0016779,GO:0030203,GO:0033692,GO:0034637,GO:0034645,GO:0042546,GO:0043170,GO:0044036,GO:0044038,GO:0044085,GO:0044237,GO:0044238,GO:0044249,GO:0044255,GO:0044260,GO:0044262,GO:0044264,GO:0070569,GO:0070589,GO:0071554,GO:0071704,GO:0071840,GO:1901135,GO:1901137,GO:1901564,GO:1901566,GO:1901576,GO:1903509"
prs,"Pribosyl_synth,Pribosyltran_N",F,prs,Involved in the biosynthesis of the central metabolite phospho-alpha-D-ribosyl-1-pyrophosphate (PRPP) via the transfer of pyrophosphoryl group from ATP to 1-hydroxyl of ribose-5-phosphate (Rib-5-P),"GO:0003674,GO:0003824,GO:0004749,GO:0006139,GO:0006163,GO:0006164,GO:0006725,GO:0006753,GO:0006793,GO:0006796,GO:0006807,GO:0008150,GO:0008152,GO:0009058,GO:0009117,GO:0009150,GO:0009152,GO:0009165,GO:0009259,GO:0009260,GO:0009987,GO:0016740,GO:0016772,GO:0016778,GO:0018130,GO:0019438,GO:0019637,GO:0019693,GO:0034641,GO:0034654,GO:0044237,GO:0044238,GO:0044249,GO:0044271,GO:0044281,GO:0046390,GO:0046483,GO:0055086,GO:0071704,GO:0072521,GO:0072522,GO:0090407,GO:1901135,GO:1901137,GO:1901293,GO:1901360,GO:1901362,GO:1901564,GO:1901566,GO:1901576"
pth,Pept_tRNA_hydro,J,pth,The natural substrate for this enzyme may be peptidyl- tRNAs which drop off the ribosome during protein synthesis,"GO:0003674,GO:0003824,GO:0004045,GO:0016787,GO:0016788,GO:0052689,GO:0140098,GO:0140101"
mfd_1~~~mfd_2~~~mfd,"CarD_CdnL_TRCF,DEAD,Helicase_C,TRCF",L,mfd,"Couples transcription and DNA repair by recognizing RNA polymerase (RNAP) stalled at DNA lesions. Mediates ATP-dependent release of RNAP and its truncated transcript from the DNA, and recruitment of nucleotide excision repair machinery to the damaged site",-
group_64,"Polysacc_synt,Polysacc_synt_C",S,yabM,COG2244 Membrane protein involved in the export of O-antigen and teichoic acid,"GO:0005575,GO:0005623,GO:0005886,GO:0016020,GO:0044464,GO:0071944"
rqcP,S4,J,yabO,COG1188 Ribosome-associated heat shock protein implicated in the recycling of the 50S subunit (S4 paralog),-
divIC,DivIC,D,divIC,Cell-division initiation protein,-
pnp_2~~~pnp_1,S1,J,yabR,"RNA binding protein, contains ribosomal protein S1 domain",-
hpt,Pribosyltran,F,hpt,Belongs to the purine pyrimidine phosphoribosyltransferase family,"GO:0005575,GO:0005622,GO:0005623,GO:0005737,GO:0044424,GO:0044464"
ftsH,"AAA,FtsH_ext,Peptidase_M41",O,ftsH,"Acts as a processive, ATP-dependent zinc metallopeptidase for both cytoplasmic and membrane proteins. Plays a role in the quality control of integral membrane proteins","GO:0003674,GO:0003824,GO:0004176,GO:0005575,GO:0005623,GO:0006508,GO:0006807,GO:0008150,GO:0008152,GO:0008233,GO:0008237,GO:0009056,GO:0009057,GO:0016462,GO:0016787,GO:0016817,GO:0016818,GO:0016887,GO:0017111,GO:0019538,GO:0030163,GO:0030428,GO:0032502,GO:0042623,GO:0043170,GO:0043934,GO:0044238,GO:0044464,GO:0070011,GO:0071704,GO:0140096,GO:1901564,GO:1901565,GO:1901575"
hslO_2~~~hslO_1~~~hslO,HSP33,O,hslO,Redox regulated molecular chaperone. Protects both thermally unfolding and oxidatively damaged proteins from irreversible aggregation. Plays an important role in the bacterial defense system toward oxidative stress,-
cysK_1~~~cysK_2~~~cysK,PALP,E,cysK,Belongs to the cysteine synthase cystathionine beta- synthase family,"GO:0000096,GO:0000097,GO:0000098,GO:0003674,GO:0003824,GO:0004122,GO:0004124,GO:0005488,GO:0005515,GO:0005575,GO:0005622,GO:0005623,GO:0005737,GO:0006082,GO:0006520,GO:0006534,GO:0006535,GO:0006555,GO:0006563,GO:0006790,GO:0006807,GO:0008134,GO:0008144,GO:0008150,GO:0008152,GO:0008284,GO:0008652,GO:0009056,GO:0009058,GO:0009063,GO:0009066,GO:0009068,GO:0009069,GO:0009070,GO:0009087,GO:0009987,GO:0016043,GO:0016053,GO:0016054,GO:0016740,GO:0016765,GO:0016829,GO:0016835,GO:0016836,GO:0016846,GO:0019344,GO:0019752,GO:0019842,GO:0022607,GO:0030170,GO:0032991,GO:0032993,GO:0036094,GO:0042127,GO:0042802,GO:0042803,GO:0043167,GO:0043168,GO:0043388,GO:0043436,GO:0043933,GO:0044085,GO:0044093,GO:0044237,GO:0044238,GO:0044248,GO:0044249,GO:0044272,GO:0044273,GO:0044281,GO:0044282,GO:0044283,GO:0044424,GO:0044464,GO:0046394,GO:0046395,GO:0046983,GO:0048037,GO:0048518,GO:0048522,GO:0050662,GO:0050789,GO:0050794,GO:0051098,GO:0051099,GO:0051101,GO:0051259,GO:0051260,GO:0051262,GO:0051289,GO:0051291,GO:0065003,GO:0065007,GO:0065009,GO:0070279,GO:0071704,GO:0071840,GO:0080146,GO:0097159,GO:1901363,GO:1901564,GO:1901565,GO:1901566,GO:1901575,GO:1901576,GO:1901605,GO:1901606,GO:1901607,GO:1904796,GO:1904798,GO:2000677,GO:2000679"
folB,FolB,H,folB,"Catalyzes the conversion of 7,8-dihydroneopterin to 6- hydroxymethyl-7,8-dihydropterin",-
opuD_2~~~opuD_3~~~betL~~~opuD_1,BCCT,M,betL,Belongs to the BCCT transporter (TC 2.A.15) family,"GO:0003674,GO:0005215,GO:0006810,GO:0006811,GO:0006812,GO:0006950,GO:0006970,GO:0008150,GO:0008324,GO:0008519,GO:0009266,GO:0009409,GO:0009628,GO:0015075,GO:0015101,GO:0015199,GO:0015651,GO:0015695,GO:0015696,GO:0015697,GO:0015838,GO:0022857,GO:0031460,GO:0034220,GO:0050896,GO:0051179,GO:0051234,GO:0055085,GO:0071702,GO:0071705,GO:0072337,GO:0072349,GO:0072488,GO:0098655"
mscL,MscL,M,mscL,Channel that opens in response to stretch forces in the membrane lipid bilayer. May participate in the regulation of osmotic pressure changes within the cell,"GO:0003674,GO:0005215,GO:0005575,GO:0006810,GO:0006811,GO:0006884,GO:0008150,GO:0008361,GO:0008381,GO:0009987,GO:0009992,GO:0015267,GO:0016020,GO:0016021,GO:0016043,GO:0019725,GO:0022803,GO:0022836,GO:0022857,GO:0030104,GO:0031224,GO:0032535,GO:0042592,GO:0044425,GO:0048878,GO:0051179,GO:0051234,GO:0055082,GO:0055085,GO:0065007,GO:0065008,GO:0071840,GO:0090066"
sbcC~~~sbcC_1~~~sbcC_2,"AAA_23,AAA_29,SbcCD_C",L,sbcC,SbcCD cleaves DNA hairpin structures. These structures can inhibit DNA replication and are intermediates in certain DNA recombination reactions. The complex acts as a 3'- 5' double strand exonuclease that can open hairpins. It also has a 5' single-strand endonuclease activity (By similarity),-
sbcD~~~sbcD_1~~~sbcD_2,"Metallophos,SbcD_C",L,sbcD,SbcCD cleaves DNA hairpin structures. These structures can inhibit DNA replication and are intermediates in certain DNA recombination reactions. The complex acts as a 3'- 5' double strand exonuclease that can open hairpins. It also has a 5' single-strand endonuclease activity,-
group_2139,DUF1453,O,yneJ,COG4846 Membrane protein involved in cytochrome C biogenesis,-
group_2140,UPF0154,S,yneF,UPF0154 protein,-
tkt,"Transket_pyr,Transketolase_C,Transketolase_N",G,tkt,"Catalyzes the transfer of a two-carbon ketol group from a ketose donor to an aldose acceptor, via a covalent intermediate with the cofactor thiamine pyrophosphate",-
group_2141,DUF896,S,ynzC,UPF0291 protein,-
lexA_1~~~lexA~~~lexA_2,"LexA_DNA_bind,Peptidase_S24",K,lexA,"Represses a number of genes involved in the response to DNA damage (SOS response), including recA and lexA. In the presence of single-stranded DNA, RecA interacts with LexA causing an autocatalytic cleavage which disrupts the DNA-binding part of LexA, leading to derepression of the SOS regulon and eventually DNA repair","GO:0000976,GO:0001067,GO:0001130,GO:0001217,GO:0003674,GO:0003676,GO:0003677,GO:0003690,GO:0003700,GO:0005488,GO:0005575,GO:0006355,GO:0006950,GO:0006974,GO:0007154,GO:0008150,GO:0009432,GO:0009605,GO:0009889,GO:0009890,GO:0009892,GO:0009987,GO:0009991,GO:0010468,GO:0010556,GO:0010558,GO:0010605,GO:0010629,GO:0019219,GO:0019222,GO:0031323,GO:0031324,GO:0031326,GO:0031327,GO:0031668,GO:0032991,GO:0032993,GO:0033554,GO:0043565,GO:0044212,GO:0045892,GO:0045934,GO:0048519,GO:0048523,GO:0050789,GO:0050794,GO:0050896,GO:0051171,GO:0051172,GO:0051252,GO:0051253,GO:0051716,GO:0060255,GO:0065007,GO:0071496,GO:0080090,GO:0097159,GO:0140110,GO:1901363,GO:1902679,GO:1903506,GO:1903507,GO:1990837,GO:2000112,GO:2000113,GO:2001141"
guaC~~~guaC_1~~~guaC_2,-,S,-,purine nucleotide metabolic process,-
katA~~~katA_1~~~katA_2,"Catalase,Catalase-rel",P,katA,serves to protect cells from the toxic effects of hydrogen peroxide,"GO:0000302,GO:0003674,GO:0003824,GO:0004096,GO:0004601,GO:0005488,GO:0005575,GO:0005622,GO:0005623,GO:0005737,GO:0006950,GO:0006979,GO:0008150,GO:0008152,GO:0009056,GO:0009636,GO:0009987,GO:0010035,GO:0016209,GO:0016491,GO:0016684,GO:0016999,GO:0017001,GO:0017144,GO:0020037,GO:0042221,GO:0042493,GO:0042542,GO:0042737,GO:0042743,GO:0042744,GO:0044237,GO:0044248,GO:0044424,GO:0044464,GO:0046677,GO:0046906,GO:0048037,GO:0050896,GO:0051186,GO:0051187,GO:0051716,GO:0055114,GO:0070887,GO:0072593,GO:0097159,GO:0097237,GO:0098754,GO:0098869,GO:1901363,GO:1901700,GO:1990748"
thrC,PALP,E,thrC,Catalyzes the gamma-elimination of phosphate from L- phosphohomoserine and the beta-addition of water to produce L- threonine,-
group_2143,"ACT,Homoserine_dh,NAD_binding_3",E,hom,Homoserine dehydrogenase,-
group_2144,Aminoglyc_resit,E,-,lactoylglutathione lyase activity,-
group_2145,-,-,-,-,-
group_3018,-,-,-,-,-
ydeN,Ser_hydrolase,S,-,Serine hydrolase,-
cpfC,Ferrochelatase,H,hemH,Catalyzes the ferrous insertion into protoporphyrin IX,"GO:0003674,GO:0003824,GO:0004325,GO:0005575,GO:0005622,GO:0005623,GO:0005737,GO:0006725,GO:0006778,GO:0006779,GO:0006783,GO:0006807,GO:0008150,GO:0008152,GO:0009058,GO:0009987,GO:0016829,GO:0018130,GO:0019438,GO:0033013,GO:0033014,GO:0034641,GO:0042168,GO:0042440,GO:0044237,GO:0044249,GO:0044271,GO:0044424,GO:0044464,GO:0046148,GO:0046483,GO:0051186,GO:0051188,GO:0071704,GO:1901360,GO:1901362,GO:1901564,GO:1901566,GO:1901576"
hemE,URO-D,H,hemE,Catalyzes the decarboxylation of four acetate groups of uroporphyrinogen-III to yield coproporphyrinogen-III,"GO:0003674,GO:0003824,GO:0004853,GO:0005575,GO:0005622,GO:0005623,GO:0005737,GO:0005829,GO:0006725,GO:0006778,GO:0006779,GO:0006783,GO:0006807,GO:0008150,GO:0008152,GO:0009058,GO:0009987,GO:0016829,GO:0016830,GO:0016831,GO:0018130,GO:0019438,GO:0033013,GO:0033014,GO:0034641,GO:0042168,GO:0042440,GO:0044237,GO:0044249,GO:0044271,GO:0044424,GO:0044444,GO:0044464,GO:0046148,GO:0046483,GO:0051186,GO:0051188,GO:0071704,GO:1901360,GO:1901362,GO:1901564,GO:1901566,GO:1901576"
ecsA,ABC_tran,V,ecsA,"ABC transporter, ATP-binding protein",-
hit,HIT,FG,hit,COG0537 Diadenosine tetraphosphate (Ap4A) hydrolase and other HIT family hydrolases,-
group_118,DUF3267,S,yhaK,Putative zincin peptidase,-
prsA,"Rotamase,Rotamase_3",M,prsA,peptidyl-prolyl isomerase,-
yhaM,"HD,tRNA_anti-codon",S,yhaM,Metal dependent phosphohydrolases with conserved 'HD' motif.,"GO:0006139,GO:0006364,GO:0006396,GO:0006725,GO:0006807,GO:0008150,GO:0008152,GO:0009987,GO:0010467,GO:0016070,GO:0016072,GO:0022613,GO:0031123,GO:0031125,GO:0034470,GO:0034641,GO:0034660,GO:0042254,GO:0043170,GO:0043628,GO:0044085,GO:0044237,GO:0044238,GO:0046483,GO:0071704,GO:0071840,GO:0090304,GO:1901360"
yhaN,AAA_27,D,yhaN,AAA domain,-
yhaO,"Metallophos,Metallophos_2",L,yhaO,DNA repair exonuclease,-
group_2147,Com_YlbF,S,yheA,Belongs to the UPF0342 family,-
group_2148,"HTH_3,HTH_31",K,-,Helix-turn-helix XRE-family like proteins,-
liaR,"GerE,Response_reg",K,-,response regulator,-
liaS,"GAF_2,HATPase_c,HisKA_3",T,yhcY,Histidine kinase,-
rluD_1~~~rluD_2,PseudoU_synth_2,J,-,Pseudouridine synthase,-
fumC~~~fumC_2~~~fumC_1,"FumaraseC_C,Lyase_1",C,fumC,Involved in the TCA cycle. Catalyzes the stereospecific interconversion of fumarate to L-malate,"GO:0003674,GO:0003824,GO:0004333,GO:0006082,GO:0006091,GO:0006099,GO:0006101,GO:0006106,GO:0006108,GO:0008150,GO:0008152,GO:0009060,GO:0009987,GO:0015980,GO:0016829,GO:0016835,GO:0016836,GO:0016999,GO:0017144,GO:0019752,GO:0043436,GO:0043648,GO:0044237,GO:0044238,GO:0044281,GO:0045333,GO:0055114,GO:0071704,GO:0072350"
nagB_2~~~nagB_1,-,G,-,Glucosamine-6-phosphate isomerase,-
cspR~~~cspR_1~~~cspR_2,SpoU_methylase,J,cspR,Belongs to the class IV-like SAM-binding methyltransferase superfamily. RNA methyltransferase TrmH family. TrmL subfamily,-
tcyC_2~~~artM~~~argV~~~glnQ_2,ABC_tran,E,glnQ,"ABC transporter, ATP-binding protein",-
mltF~~~artP~~~artQ,"BPD_transp_1,SBP_bac_3",P,arpJ,ABC transporter,-
group_2149,PTS_EIIC_2,S,-,"Phosphotransferase system, EIIC",-
group_41,-,T,-,Nacht domain,-
group_243,-,-,-,-,-
group_421,Peptidase_M78,E,-,Pfam:DUF955,-
ytkD~~~ytkD_1,NUDIX,L,ytkD,Belongs to the Nudix hydrolase family,-
adhE~~~adhE_2~~~adhE_1,"Aldedh,Fe-ADH",C,adh,belongs to the iron- containing alcohol dehydrogenase family,-
ywqD_2~~~ywqD_1,AAA_31,D,capB,ATPase MipZ,-
wbpI,Epimerase_2,G,capG,UDP-N-acetylglucosamine 2-epimerase,-
group_1294,Wzy_C,M,-,O-Antigen ligase,-
group_1295,-,S,-,polysaccharide biosynthetic process,-
group_1296,"Glyco_transf_4,Glycos_transf_1",M,-,Glycosyl transferases group 1,-
epsL~~~epsL_1~~~epsL_2,Bac_transf,M,capM,Bacterial sugar transferase,-
mnaA_1~~~mnaA_2,Epimerase_2,M,capP,Belongs to the UDP-N-acetylglucosamine 2-epimerase family,-
isdI,ABM,C,isdI,"Allows bacterial pathogens to use the host heme as an iron source. Catalyzes the oxidative degradation of the heme macrocyclic porphyrin ring to the oxo-bilirubin chromophore staphylobilin (a mixture of the linear tetrapyrroles 5-oxo-delta- bilirubin and 15-oxo-beta-bilirubin) in the presence of a suitable electron donor such as ascorbate or NADPH--cytochrome P450 reductase, with subsequent release of free iron",-
ybaN,DUF454,S,-,Protein of unknown function (DUF454),-
aldA,Aldedh,C,aldA,Belongs to the aldehyde dehydrogenase family,-
group_1341,-,-,-,-,-
group_1297,DUF4242,S,-,Protein of unknown function (DUF4242),-
nrtD~~~uup_3~~~ssuB~~~uup_2~~~glnQ_2,ABC_tran,P,-,ATPases associated with a variety of cellular activities,-
group_1298,NMT1_2,P,-,NMT1-like family,-
ssuC~~~cmpB~~~ribX,BPD_transp_1,P,-,Binding-protein-dependent transport system inner membrane component,-
group_1330,Acyl-CoA_dh_N,I,-,acyl-CoA dehydrogenase,-
group_1342,ACPS,H,-,4'-phosphopantetheinyl transferase superfamily,-
argC~~~argC_1~~~argC_2,"Semialdhyde_dh,Semialdhyde_dhC",E,argC,Catalyzes the NADPH-dependent reduction of N-acetyl-5- glutamyl phosphate to yield N-acetyl-L-glutamate 5-semialdehyde,"GO:0003674,GO:0003824,GO:0003942,GO:0006082,GO:0006520,GO:0006525,GO:0006526,GO:0006807,GO:0008150,GO:0008152,GO:0008652,GO:0009058,GO:0009064,GO:0009084,GO:0009987,GO:0016053,GO:0016491,GO:0016620,GO:0016903,GO:0019752,GO:0043436,GO:0044237,GO:0044238,GO:0044249,GO:0044281,GO:0044283,GO:0046394,GO:0055114,GO:0071704,GO:1901564,GO:1901566,GO:1901576,GO:1901605,GO:1901607"
brnQ~~~brnQ_1,Branch_AA_trans,E,brnQ,Component of the transport system for branched-chain amino acids,-
ipdC~~~kdc~~~poxB,"TPP_enzyme_C,TPP_enzyme_M,TPP_enzyme_N",GH,ipdC,Belongs to the TPP enzyme family,-
group_1308,"PTS_EIIA_1,PTS_EIIB,PTS_EIIC",G,ptsG,"The phosphoenolpyruvate-dependent sugar phosphotransferase system (sugar PTS), a major carbohydrate active transport system, catalyzes the phosphorylation of incoming sugar substrates concomitantly with their translocation across the cell membrane. This system is involved in",-
murQ~~~murQ_1~~~murQ_2,"SIS,SIS_2",G,murQ,"Specifically catalyzes the cleavage of the D-lactyl ether substituent of MurNAc 6-phosphate, producing GlcNAc 6- phosphate and D-lactate",-
ybbH_2~~~ybbH_1~~~murR~~~ybbH_3,"HTH_6,SIS",K,-,"Helix-turn-helix domain, rpiR family",-
group_1243,-,-,-,-,-
hsdR~~~hsdR_1~~~hsdR_2~~~hsdR_3,"EcoR124_C,HSDR_N,ResIII",L,hsdR,"Subunit R is required for both nuclease and ATPase activities, but not for modification",-
group_1334,-,-,-,-,-
gsiA~~~btuD~~~oppD_1~~~oppF_1~~~oppD_3~~~oppF_2,"ABC_tran,oligo_HPY",P,oppF,"Oligopeptide/dipeptide transporter, C-terminal region",-
dppB~~~gsiC,BPD_transp_1,EP,-,Binding-protein-dependent transport system inner membrane component,-
group_1288,SBP_bac_5,E,-,"Bacterial extracellular solute-binding proteins, family 5 Middle",-
msmX~~~msmX_1~~~msmX_2,"ABC_tran,TOBE,TOBE_2",P,msmK,ABC transporter,-
ganP~~~ganP_1~~~ganP_2,BPD_transp_1,P,-,Binding-protein-dependent transport system inner membrane component,-
ganQ,BPD_transp_1,G,malG,Binding-protein-dependent transport system inner membrane component,-
ycjS_1~~~ycjS_2,"GFO_IDH_MocA,GFO_IDH_MocA_C",S,-,"Oxidoreductase family, C-terminal alpha/beta domain",-
ycjS_2~~~ycjS_1,"GFO_IDH_MocA,GFO_IDH_MocA_C",S,-,"Oxidoreductase family, C-terminal alpha/beta domain",-
group_1290,"AP_endonuc_2,AP_endonuc_2_N",G,-,AP endonuclease family 2 C terminus,-
group_1291,ICMT,S,-,Isoprenylcysteine carboxyl methyltransferase (ICMT) family,-
uhpT~~~uhpT_1~~~uhpT_2,MFS_1,G,uhpT,Major Facilitator Superfamily,-
hptS~~~hptS_2~~~hptS_1,"HAMP,HATPase_c,His_kinase",T,-,Member of the two-component regulatory system,-
pflB,"Gly_radical,PFL-like",C,pflB,formate C-acetyltransferase activity,"GO:0003674,GO:0003824,GO:0006082,GO:0006520,GO:0006566,GO:0006567,GO:0006807,GO:0008150,GO:0008152,GO:0008861,GO:0009056,GO:0009063,GO:0009066,GO:0009068,GO:0009987,GO:0016054,GO:0016407,GO:0016408,GO:0016453,GO:0016740,GO:0016746,GO:0016747,GO:0019752,GO:0043436,GO:0044237,GO:0044238,GO:0044248,GO:0044281,GO:0044282,GO:0046395,GO:0071704,GO:1901564,GO:1901565,GO:1901575,GO:1901605,GO:1901606"
pflA,"Fer4_12,Radical_SAM",H,pflA,"Activation of pyruvate formate-lyase under anaerobic conditions by generation of an organic free radical, using S- adenosylmethionine and reduced flavodoxin as cosubstrates to produce 5'-deoxy-adenosine","GO:0005575,GO:0005622,GO:0005623,GO:0005737,GO:0044424,GO:0044464"
group_1293,"GDPD,GPDPase_memb",C,glpQ,phosphodiesterase,-
scn_1~~~scn_3~~~scn_2,CompInhib_SCIN,S,-,Staphylococcal complement inhibitor SCIN,-
fadA,"Thiolase_C,Thiolase_N",I,fadA,Belongs to the thiolase family,-
fadN,"3HCDH,3HCDH_N,ECH_1",I,fadN,Belongs to the enoyl-CoA hydratase isomerase family,-
caiA~~~acdA,"Acyl-CoA_dh_1,Acyl-CoA_dh_M,Acyl-CoA_dh_N",I,-,"Acyl-CoA dehydrogenase, N-terminal domain",-
group_1239,-,-,-,-,-
ldh1~~~ldh1_2~~~ldh1_1,"Ldh_1_C,Ldh_1_N",C,ldh,Belongs to the LDH MDH superfamily. LDH family,-
ptsG_1~~~ptsG_2~~~glcB_2~~~ptsG_3,"PTS_EIIA_1,PTS_EIIB,PTS_EIIC",G,ptsG,"phosphotransferase system, EIIB",-
rihA~~~rihA_1~~~rihA_2~~~rihB_1,IU_nuc_hydro,F,-,inosine-uridine preferring nucleoside hydrolase,-
group_1427,"HTH_11,Mga,PRD,PTS_EIIA_2",GKT,-,Mga helix-turn-helix domain,-
gatA_1~~~gatA_2~~~fruA_2~~~fruA_1,PTS_EIIA_2,G,-,"Phosphoenolpyruvate-dependent sugar phosphotransferase system, EIIA 2",-
gatB_1~~~gatB_2,PTS_IIB,G,-,"PTS system, Lactose/Cellobiose specific IIB subunit",-
gatC_1~~~gatC_2~~~gatC_3,EIIC-GAT,G,gatC,PTS system sugar-specific permease component,-
group_1426,"ADH_N,ADH_zinc_N",E,gutB,Glucose dehydrogenase C-terminus,-
group_1425,-,-,-,-,-
gatD_1~~~gatD_2~~~tdh,"ADH_N,ADH_zinc_N",E,gatD,Glucose dehydrogenase C-terminus,-
tarI~~~tarI_2~~~tarI_1,-,I,-,Catalyzes the transfer of the cytidylyl group of CTP to D-ribitol 5-phosphate,-
tarJ~~~tarJ_1~~~tarJ_2,"ADH_N,ADH_zinc_N",E,tarJ,Catalyzes the NADPH dependent reduction of D-ribulose 5- phosphate to D-ribitol 5-phosphate,-
tarI,IspD,I,-,Catalyzes the transfer of the cytidylyl group of CTP to D-ribitol 5-phosphate,"GO:0003674,GO:0003824,GO:0016740,GO:0016772,GO:0016779,GO:0050518,GO:0070567"
tarJ,-,E,-,Catalyzes the NADPH dependent reduction of D-ribulose 5- phosphate to D-ribitol 5-phosphate,-
tarL,-,M,-,the polymerization of the main chain of the major teichoic acid by sequential transfer of ribitol phosphate units from CDP-ribitol to the second glycerol phophate attached to the disaccharide linkage unit,-
tarS_2~~~tarS_1~~~tarS,Glycos_transf_2,M,-,Glycosyltransferase like family 2,-
lytS_1~~~lytS_2~~~lytS,"5TM-5TMR_LYT,GAF_3,HATPase_c,His_kinase,SpoVT_C",T,lytS,Member of the two-component regulatory system LytR LytS that probably regulates genes involved in cell wall metabolism,-
lytR,"LytTR,Response_reg",K,lytT,Member of the two-component regulatory system LytR LytS that probably regulates genes involved in cell wall metabolism,"GO:0000156,GO:0000160,GO:0003674,GO:0005575,GO:0005622,GO:0005623,GO:0005737,GO:0007154,GO:0007165,GO:0008150,GO:0009987,GO:0023052,GO:0035556,GO:0044424,GO:0044464,GO:0050789,GO:0050794,GO:0050896,GO:0051716,GO:0060089,GO:0065007"
lrgA,LrgA,S,lrgA,LrgA family,-
lrgB,LrgB,M,lrgB,"Inhibits the expression or activity of extracellular murein hydrolases by interacting, possibly with LrgA, with the holin-like proteins CidA and or CidB. The LrgAB and CidAB proteins may affect the proton motive force of the membrane. May be involved in programmed cell death (PCD), possibly triggering PCD in response to antibiotics and environmental stresses",-
fabH,"ACP_syn_III,ACP_syn_III_C",I,fabH,Catalyzes the condensation reaction of fatty acid synthesis by the addition to an acyl acceptor of two carbons from malonyl-ACP. Catalyzes the first condensation reaction which initiates fatty acid synthesis and may therefore play a role in governing the total rate of fatty acid production. Possesses both acetoacetyl-ACP synthase and acetyl transacylase activities. Its substrate specificity determines the biosynthesis of branched- chain and or straight-chain of fatty acids,"GO:0003674,GO:0003824,GO:0004312,GO:0004315,GO:0006082,GO:0006629,GO:0006631,GO:0006633,GO:0008150,GO:0008152,GO:0008610,GO:0009058,GO:0009987,GO:0016053,GO:0016740,GO:0016746,GO:0016747,GO:0019752,GO:0032787,GO:0043436,GO:0044237,GO:0044238,GO:0044249,GO:0044255,GO:0044281,GO:0044283,GO:0046394,GO:0071704,GO:0072330,GO:1901576"
fabF,"Ketoacyl-synt_C,ketoacyl-synt",I,fabF,Catalyzes the condensation reaction of fatty acid synthesis by the addition to an acyl acceptor of two carbons from malonyl-ACP,-
oppC~~~oppC_1,"BPD_transp_1,OppC_N",EP,oppC,permease,-
oppD_2~~~oppD_1~~~oppD_3,"ABC_tran,oligo_HPY",P,oppD,Belongs to the ABC transporter superfamily,-
dppA_1~~~dppA~~~dppA_2~~~oppA~~~dppE,SBP_bac_5,E,oppA,ABC transporter substrate-binding protein,-
trpS,tRNA-synt_1b,J,trpS,Tryptophanyl-tRNA synthetase,-
spx,ArsC,K,spxA,"Interferes with activator-stimulated transcription by interaction with the RNA polymerase alpha-CTD. May function to globally reduce transcription of genes involved in growth- and development-promoting processes and to increase transcription of genes involved in thiol homeostasis, during periods of extreme stress",-
mecA_1~~~mecA,MecA,NOT,mecA,Enables the recognition and targeting of unfolded and aggregated proteins to the ClpC protease or to other proteins involved in proteolysis,-
pepF_1~~~pepF_2,"Peptidase_M3,Peptidase_M3_N",E,pepF,Oligopeptidase F,"GO:0003674,GO:0003824,GO:0004175,GO:0004222,GO:0005575,GO:0005622,GO:0005623,GO:0005737,GO:0005829,GO:0006465,GO:0006508,GO:0006518,GO:0006807,GO:0008150,GO:0008152,GO:0008233,GO:0008237,GO:0009987,GO:0010467,GO:0016485,GO:0016787,GO:0019538,GO:0034641,GO:0043170,GO:0043603,GO:0044237,GO:0044238,GO:0044260,GO:0044267,GO:0044424,GO:0044444,GO:0044464,GO:0051604,GO:0070011,GO:0071704,GO:0140096,GO:1901564"
spxH~~~spxH_1~~~spxH_2,Thioredoxin_5,Q,yjbH,Thioredoxin,-
yjbK,CYTH,S,yjbK,Adenylate cyclase,-
group_1402,-,S,yjbL,Belongs to the UPF0738 family,-
nadK,NAD_kinase,F,nadK,"Involved in the regulation of the intracellular balance of NAD and NADP, and is a key enzyme in the biosynthesis of NADP. Catalyzes specifically the phosphorylation on 2'-hydroxyl of the adenosine moiety of NAD to yield NADP","GO:0000166,GO:0003674,GO:0003824,GO:0003951,GO:0005488,GO:0005524,GO:0006139,GO:0006725,GO:0006732,GO:0006733,GO:0006739,GO:0006741,GO:0006753,GO:0006766,GO:0006767,GO:0006769,GO:0006793,GO:0006796,GO:0006807,GO:0008144,GO:0008150,GO:0008152,GO:0008976,GO:0009058,GO:0009108,GO:0009117,GO:0009165,GO:0009820,GO:0009987,GO:0016301,GO:0016310,GO:0016740,GO:0016772,GO:0016773,GO:0016776,GO:0017076,GO:0017144,GO:0018130,GO:0019359,GO:0019362,GO:0019363,GO:0019438,GO:0019637,GO:0030554,GO:0032553,GO:0032555,GO:0032559,GO:0034641,GO:0034654,GO:0035639,GO:0036094,GO:0043167,GO:0043168,GO:0043603,GO:0044237,GO:0044238,GO:0044249,GO:0044271,GO:0044281,GO:0046483,GO:0046496,GO:0048037,GO:0050662,GO:0051186,GO:0051188,GO:0051287,GO:0055086,GO:0071704,GO:0072524,GO:0072525,GO:0090407,GO:0097159,GO:0097367,GO:1901265,GO:1901293,GO:1901360,GO:1901362,GO:1901363,GO:1901564,GO:1901566,GO:1901576"
rluD_3~~~rluD_2,PseudoU_synth_2,J,rluD,Pseudouridine synthase,"GO:0000154,GO:0000455,GO:0001522,GO:0003674,GO:0003824,GO:0005575,GO:0005622,GO:0005623,GO:0005737,GO:0005829,GO:0006139,GO:0006364,GO:0006396,GO:0006725,GO:0006807,GO:0008150,GO:0008152,GO:0009451,GO:0009982,GO:0009987,GO:0010467,GO:0016070,GO:0016072,GO:0016853,GO:0016866,GO:0022613,GO:0031118,GO:0034470,GO:0034641,GO:0034660,GO:0042254,GO:0043170,GO:0043412,GO:0044085,GO:0044237,GO:0044238,GO:0044424,GO:0044444,GO:0044464,GO:0046483,GO:0071704,GO:0071840,GO:0090304,GO:1901360"
group_2020,Zn_peptidase_2,S,yugP,Putative neutral zinc metallopeptidase,-
ypjD~~~ypjD_1~~~ypjD_2,MazG,S,ypjD,MazG nucleotide pyrophosphohydrolase,-
bshA,"Glyco_transf_4,Glycos_transf_1",M,bshA,Glycosyl transferase 4-like,-
birA,"BPL_C,BPL_LplA_LipB,HTH_11",K,birA,Acts both as a biotin-- acetyl-CoA-carboxylase ligase and a repressor,-
asnS,"tRNA-synt_2,tRNA_anti-codon",J,asnS,asparaginyl-tRNA,-
dnaD,"DnaB_2,HTH_36",L,dnaD,replication protein DnaD,-
nth_1~~~nth_2,"EndIII_4Fe-2S,HhH-GPD",L,nth,"DNA repair enzyme that has both DNA N-glycosylase activity and AP-lyase activity. The DNA N-glycosylase activity releases various damaged pyrimidines from DNA by cleaving the N- glycosidic bond, leaving an AP (apurinic apyrimidinic) site. The AP-lyase activity cleaves the phosphodiester bond 3' to the AP site by a beta-elimination, leaving a 3'-terminal unsaturated sugar and a product with a terminal 5'-phosphate",-
group_15,DUF1273,S,ypsA,Belongs to the UPF0398 family,-
ypsC,"THUMP,UPF0020",L,ypsC,Belongs to the methyltransferase superfamily,"GO:0000154,GO:0001510,GO:0003674,GO:0003824,GO:0005575,GO:0005622,GO:0005623,GO:0005737,GO:0005829,GO:0006139,GO:0006364,GO:0006396,GO:0006725,GO:0006807,GO:0008150,GO:0008152,GO:0008168,GO:0008170,GO:0008173,GO:0008649,GO:0008757,GO:0008990,GO:0009451,GO:0009987,GO:0010467,GO:0016070,GO:0016072,GO:0016435,GO:0016740,GO:0016741,GO:0022613,GO:0031167,GO:0032259,GO:0034470,GO:0034641,GO:0034660,GO:0036265,GO:0042254,GO:0043170,GO:0043412,GO:0043414,GO:0044085,GO:0044237,GO:0044238,GO:0044260,GO:0044424,GO:0044444,GO:0044464,GO:0046483,GO:0070043,GO:0070475,GO:0070476,GO:0071704,GO:0071840,GO:0090304,GO:0140098,GO:0140102,GO:1901360"
repE,Rep_trans,L,-,Replication initiation factor,-
repN~~~repN_1,Rep_trans,L,-,Replication initiation factor,-
yfkN~~~cpdB~~~yfkN_1~~~yfkN_2,"5_nucleotid_C,Metallophos",F,ycjM,Belongs to the 5'-nucleotidase family,-
phnD2~~~phnD,Phosphonate-bd,P,phnD,ABC transporter,-
glnQ~~~phnC,ABC_tran,P,phnC,Part of the ABC transporter complex PhnCDE involved in phosphonates import. Responsible for energy coupling to the transport system,"GO:0006810,GO:0008150,GO:0015716,GO:0051179,GO:0051234,GO:0071702"
deoB~~~deoB_2~~~deoB_1,Metalloenzyme,G,deoB,Phosphotransfer between the C1 and C5 carbon atoms of pentose,"GO:0003674,GO:0003824,GO:0005575,GO:0005622,GO:0005623,GO:0005737,GO:0005829,GO:0008973,GO:0016853,GO:0016866,GO:0016868,GO:0044424,GO:0044444,GO:0044464"
tet38~~~tet38_1,MFS_1,EGP,-,Major Facilitator Superfamily,-
deoD~~~deoD_1~~~deoD_2,PNP_UDP_1,F,deoD,Phosphorylase superfamily,-
group_1028,GntR,K,-,helix_turn_helix gluconate operon transcriptional repressor,-
group_1205,-,-,-,-,-
sodM~~~sodM_2~~~sodM_1,"Sod_Fe_C,Sod_Fe_N",C,sodA,radicals which are normally produced within the cells and which are toxic to biological systems,-
wecA_1~~~wecA_2~~~wecA~~~tuaA_1~~~tuaA,Bac_transf,M,-,Bacterial sugar transferase,-
butA_1~~~butA~~~butA_2~~~hcaB,"adh_short,adh_short_C2",IQ,budC,reductase,-
sbnI_2~~~sbnI_1~~~sbnI,ParBc,K,-,ParB-like nuclease domain,-
sbnH_1~~~sbnH,"Orn_Arg_deC_N,Orn_DAP_Arg_deC",E,-,"Pyridoxal-dependent decarboxylase, pyridoxal binding domain",-
trxB,Pyr_redox_2,C,trxB,Belongs to the class-II pyridine nucleotide-disulfide oxidoreductase family,-
bepA,"Coatomer_E,TPR_19,TPR_8",S,-,Tetratricopeptide repeat,-
maa~~~dapH_3~~~dapH_2~~~dapH_1,"Hexapep,Hexapep_2",S,yvoF,Hexapeptide repeat of succinyl-transferase,-
lgt~~~lgt_1~~~lgt_2,LGT,M,lgt,Transfers the N-acyl diglyceride group on what will become the N-terminal cysteine of membrane lipoproteins,-
hprK,"Hpr_kinase_C,Hpr_kinase_N",F,hprK,"Catalyzes the ATP- as well as the pyrophosphate- dependent phosphorylation of a specific serine residue in HPr, a phosphocarrier protein of the phosphoenolpyruvate-dependent sugar phosphotransferase system (PTS). HprK P also catalyzes the pyrophosphate-producing, inorganic phosphate-dependent dephosphorylation (phosphorolysis) of seryl-phosphorylated HPr (P- Ser-HPr). The two antagonistic activities of HprK P are regulated by several intracellular metabolites, which change their concentration in response to the absence or presence of rapidly metabolisable carbon sources (glucose, fructose, etc.) in the growth medium. Therefore, by controlling the phosphorylation state of HPr, HPrK P is a sensor enzyme that plays a major role in the regulation of carbon metabolism and sugar transport it mediates carbon catabolite repression (CCR), and regulates PTS-catalyzed carbohydrate uptake and inducer exclusion","GO:0005575,GO:0005622,GO:0005623,GO:0005737,GO:0005829,GO:0044424,GO:0044444,GO:0044464"
uvrA,ABC_tran,L,uvrA,"The UvrABC repair system catalyzes the recognition and processing of DNA lesions. UvrA is an ATPase and a DNA-binding protein. A damage recognition complex composed of 2 UvrA and 2 UvrB subunits scans DNA for abnormalities. When the presence of a lesion has been verified by UvrB, the UvrA molecules dissociate",-
uvrB_1~~~uvrB_2,"Helicase_C,ResIII,UVR,UvrB",L,uvrB,"damaged site, the DNA wraps around one UvrB monomer. DNA wrap is dependent on ATP binding by UvrB and probably causes local melting of the DNA helix, facilitating insertion of UvrB beta-hairpin between the DNA strands. Then UvrB probes one DNA strand for the presence of a lesion. If a lesion is found the UvrA subunits dissociate and the UvrB-DNA preincision complex is formed. This complex is subsequently bound by UvrC and the second UvrB is released. If no lesion is found, the DNA wraps around the other UvrB subunit that will check the other stand for damage",-
group_2150,DUF2198,S,-,Uncharacterized protein conserved in bacteria (DUF2198),-
yfbR,HD_2,S,yfbR,HD containing hydrolase-like enzyme,-
secA1_2~~~secA1_1,"Helicase_C,SEC-C,SecA_DEAD,SecA_PP_bind,SecA_SW",U,secA,"Part of the Sec protein translocase complex. Interacts with the SecYEG preprotein conducting channel. Has a central role in coupling the hydrolysis of ATP to the transfer of proteins into and across the cell membrane, serving as an ATP-driven molecular motor driving the stepwise translocation of polypeptide chains across the membrane","GO:0000166,GO:0002790,GO:0003674,GO:0003824,GO:0005215,GO:0005488,GO:0005524,GO:0005575,GO:0005622,GO:0005623,GO:0005737,GO:0005829,GO:0005886,GO:0005887,GO:0006810,GO:0008104,GO:0008144,GO:0008150,GO:0008320,GO:0008565,GO:0009306,GO:0009987,GO:0015031,GO:0015399,GO:0015405,GO:0015440,GO:0015450,GO:0015462,GO:0015833,GO:0016020,GO:0016021,GO:0016462,GO:0016787,GO:0016817,GO:0016818,GO:0016887,GO:0017076,GO:0017111,GO:0022804,GO:0022857,GO:0022884,GO:0030554,GO:0031224,GO:0031226,GO:0031522,GO:0032553,GO:0032555,GO:0032559,GO:0032940,GO:0032991,GO:0033036,GO:0033220,GO:0035639,GO:0036094,GO:0042623,GO:0042626,GO:0042886,GO:0042887,GO:0043167,GO:0043168,GO:0043492,GO:0043952,GO:0044424,GO:0044425,GO:0044444,GO:0044459,GO:0044464,GO:0045184,GO:0046903,GO:0051179,GO:0051234,GO:0055085,GO:0071702,GO:0071705,GO:0071806,GO:0071944,GO:0097159,GO:0097367,GO:1901265,GO:1901363,GO:1904680"
hpf,"Ribosom_S30AE_C,Ribosomal_S30AE",J,hpf,Required for dimerization of active 70S ribosomes into 100S ribosomes in stationary phase,"GO:0003674,GO:0005488,GO:0005575,GO:0005622,GO:0005623,GO:0005737,GO:0005829,GO:0005840,GO:0006417,GO:0006448,GO:0008150,GO:0009889,GO:0009890,GO:0009892,GO:0010468,GO:0010556,GO:0010558,GO:0010605,GO:0010608,GO:0010629,GO:0015935,GO:0017148,GO:0019222,GO:0022626,GO:0022627,GO:0031323,GO:0031324,GO:0031326,GO:0031327,GO:0032268,GO:0032269,GO:0032991,GO:0034248,GO:0034249,GO:0043021,GO:0043022,GO:0043024,GO:0043226,GO:0043228,GO:0043229,GO:0043232,GO:0044391,GO:0044422,GO:0044424,GO:0044444,GO:0044445,GO:0044446,GO:0044464,GO:0044877,GO:0045900,GO:0048519,GO:0048523,GO:0050789,GO:0050794,GO:0051171,GO:0051172,GO:0051246,GO:0051248,GO:0060255,GO:0065007,GO:0080090,GO:1990904,GO:2000112,GO:2000113"
comFC,Pribosyltran,S,comFC,Competence protein,-
group_123,DegV,S,degV,"Uncharacterised protein, DegV family COG1307",-
yigZ,"DUF1949,UPF0029",S,yvyE,Domain of unknown function (DUF1949),-
group_366,-,-,-,-,-
epiD,Flavoprotein,H,-,Flavoprotein,-
group_443,ABC2_membrane_4,S,-,ABC-2 family transporter protein,-
rsmH,Methyltransf_5,J,rsmH,Specifically methylates the N4 position of cytidine in position 1402 (C1402) of 16S rRNA,"GO:0000154,GO:0001510,GO:0003674,GO:0003824,GO:0005575,GO:0005622,GO:0005623,GO:0005737,GO:0006139,GO:0006364,GO:0006396,GO:0006725,GO:0006807,GO:0008150,GO:0008152,GO:0008168,GO:0008170,GO:0008173,GO:0008649,GO:0008757,GO:0009451,GO:0009987,GO:0010467,GO:0016070,GO:0016072,GO:0016434,GO:0016740,GO:0016741,GO:0022613,GO:0031167,GO:0032259,GO:0034470,GO:0034641,GO:0034660,GO:0042254,GO:0043170,GO:0043412,GO:0043414,GO:0044085,GO:0044237,GO:0044238,GO:0044260,GO:0044424,GO:0044464,GO:0046483,GO:0070475,GO:0071424,GO:0071704,GO:0071840,GO:0090304,GO:0140098,GO:0140102,GO:1901360"
ftsL,DivIC,D,ftsL,Cell division protein FtsL,-
pbpB,"PASTA,PBP_dimer,Transpeptidase",M,pbpX,penicillin-binding protein,"GO:0005575,GO:0005623,GO:0005886,GO:0016020,GO:0044464,GO:0071944"
mraY,"Glycos_transf_4,MraY_sig1",M,mraY,First step of the lipid cycle reactions in the biosynthesis of the cell wall peptidoglycan,"GO:0005575,GO:0005623,GO:0005886,GO:0016020,GO:0044464,GO:0071944"
murD~~~murD_2~~~murD_1,"Mur_ligase_C,Mur_ligase_M",M,murD,Cell wall formation. Catalyzes the addition of glutamate to the nucleotide precursor UDP-N-acetylmuramoyl-L-alanine (UMA),-
ftsA_1~~~ftsA_2~~~ftsA,"DUF3484,FtsA,SHS2_FTSA",D,ftsA,Cell division protein that is involved in the assembly of the Z ring. May serve as a membrane anchor for the Z ring,"GO:0003674,GO:0003824,GO:0005575,GO:0005623,GO:0005886,GO:0008150,GO:0009898,GO:0009987,GO:0016020,GO:0016462,GO:0016787,GO:0016817,GO:0016818,GO:0016887,GO:0017111,GO:0032153,GO:0044425,GO:0044459,GO:0044464,GO:0051301,GO:0071944,GO:0098552,GO:0098562"
ftsZ,"FtsZ_C,Tubulin",D,ftsZ,Essential cell division protein that forms a contractile ring structure (Z ring) at the future cell division site. The regulation of the ring assembly controls the timing and the location of cell division. One of the functions of the FtsZ ring is to recruit other cell division proteins to the septum to produce a new cell wall between the dividing cells. Binds GTP and shows GTPase activity,"GO:0000166,GO:0001882,GO:0001883,GO:0003674,GO:0003824,GO:0003924,GO:0005488,GO:0005515,GO:0005525,GO:0005575,GO:0005622,GO:0005623,GO:0005737,GO:0008150,GO:0009987,GO:0016462,GO:0016787,GO:0016817,GO:0016818,GO:0017076,GO:0017111,GO:0019001,GO:0030428,GO:0032153,GO:0032549,GO:0032550,GO:0032553,GO:0032555,GO:0032561,GO:0035639,GO:0036094,GO:0042802,GO:0043167,GO:0043168,GO:0044424,GO:0044464,GO:0051301,GO:0097159,GO:0097367,GO:1901265,GO:1901363"
sepF,SepF,D,sepF,"Cell division protein that is part of the divisome complex and is recruited early to the Z-ring. Probably stimulates Z-ring formation, perhaps through the cross-linking of FtsZ protofilaments. Its function overlaps with FtsA","GO:0000910,GO:0003674,GO:0005488,GO:0005515,GO:0007049,GO:0008150,GO:0009987,GO:0016043,GO:0022402,GO:0022607,GO:0032506,GO:0042802,GO:0044085,GO:0051301,GO:0071840,GO:0090529"
ileS_2~~~ileS~~~ileS_1,"Anticodon_1,tRNA-synt_1,zf-FPG_IleRS",J,ileS,"amino acids such as valine, to avoid such errors it has two additional distinct tRNA(Ile)-dependent editing activities. One activity is designated as 'pretransfer' editing and involves the hydrolysis of activated Val-AMP. The other activity is designated 'posttransfer' editing and involves deacylation of mischarged Val-tRNA(Ile)",-
sdrM_1~~~sdrM_2~~~sdrM,MFS_1,EGP,bmr3_1,of the major facilitator superfamily,-
group_224,HlyIII,S,-,Hemolysin III,-
group_385,UDPGP,G,-,Uridylyltransferase,-
group_2151,bPH_5,-,-,-,-
yfiZ_2~~~yfiZ_1,FecCD,U,yfmD,Belongs to the binding-protein-dependent transport system permease family. FecCD subfamily,-
orr,Ala_racemase_N,E,-,racemase,-
recR~~~recR_1~~~recR_2,"RecR,Toprim_4",L,recR,May play a role in DNA repair. It seems to be involved in an RecBC-independent recombinational process of DNA repair. It may act with RecF and RecO,-
group_2152,YbaB_DNA_bd,S,yaaK,"Binds to DNA and alters its conformation. May be involved in regulation of gene expression, nucleoid organization and DNA protection",-
dnaX,"DNA_pol3_delta2,DNA_pol3_gamma3",L,dnaX,"DNA polymerase III is a complex, multichain enzyme responsible for most of the replicative synthesis in bacteria. This DNA polymerase also exhibits 3' to 5' exonuclease activity",-
group_2989,"Acetyltransf_1,Acetyltransf_9",S,-,(GNAT) family,-
treP_1~~~treP_3~~~treP_2,"PTS_EIIA_1,PTS_EIIB,PTS_EIIC",G,treP,PTS system,"GO:0003674,GO:0003824,GO:0005215,GO:0005575,GO:0005623,GO:0005886,GO:0006810,GO:0008150,GO:0008643,GO:0009401,GO:0015144,GO:0015766,GO:0015771,GO:0015772,GO:0016020,GO:0016740,GO:0016772,GO:0016773,GO:0022804,GO:0022857,GO:0034219,GO:0044464,GO:0051179,GO:0051234,GO:0055085,GO:0071702,GO:0071944,GO:0090563,GO:0090589"
putB~~~putB_1,Pro_dh,E,putA,Proline dehydrogenase,-
ribH_1~~~ribH,DMRL_synthase,H,ribH,"Catalyzes the formation of 6,7-dimethyl-8- ribityllumazine by condensation of 5-amino-6-(D- ribitylamino)uracil with 3,4-dihydroxy-2-butanone 4-phosphate. This is the penultimate step in the biosynthesis of riboflavin","GO:0000906,GO:0003674,GO:0003824,GO:0005575,GO:0005622,GO:0005623,GO:0005737,GO:0005829,GO:0006766,GO:0006767,GO:0006771,GO:0006807,GO:0008150,GO:0008152,GO:0009058,GO:0009110,GO:0009231,GO:0009987,GO:0016740,GO:0016765,GO:0017144,GO:0018130,GO:0034641,GO:0042364,GO:0042726,GO:0042727,GO:0044237,GO:0044249,GO:0044271,GO:0044281,GO:0044283,GO:0044424,GO:0044444,GO:0044464,GO:0046483,GO:0071704,GO:1901360,GO:1901362,GO:1901564,GO:1901566,GO:1901576"
ribBA~~~ribBA_1~~~ribA,"DHBP_synthase,GTP_cyclohydro2",H,ribBA,"Catalyzes the conversion of D-ribulose 5-phosphate to formate and 3,4-dihydroxy-2-butanone 4-phosphate","GO:0003674,GO:0003824,GO:0003933,GO:0003935,GO:0006766,GO:0006767,GO:0006771,GO:0006807,GO:0008150,GO:0008152,GO:0008686,GO:0009058,GO:0009110,GO:0009231,GO:0009987,GO:0016787,GO:0016810,GO:0016814,GO:0016829,GO:0016830,GO:0017144,GO:0018130,GO:0019238,GO:0034641,GO:0042364,GO:0042726,GO:0042727,GO:0044237,GO:0044249,GO:0044271,GO:0044281,GO:0044283,GO:0046483,GO:0071704,GO:1901360,GO:1901362,GO:1901564,GO:1901566,GO:1901576"
ribE~~~ribE_1~~~ribE_2,Lum_binding,H,ribE,riboflavin synthase alpha,"GO:0003674,GO:0003824,GO:0004746,GO:0005575,GO:0005622,GO:0005623,GO:0005737,GO:0005829,GO:0006766,GO:0006767,GO:0006771,GO:0006807,GO:0008150,GO:0008152,GO:0009058,GO:0009110,GO:0009231,GO:0009987,GO:0016740,GO:0016765,GO:0017144,GO:0018130,GO:0034641,GO:0042364,GO:0042726,GO:0042727,GO:0044237,GO:0044249,GO:0044271,GO:0044281,GO:0044283,GO:0044424,GO:0044444,GO:0044464,GO:0046483,GO:0071704,GO:1901360,GO:1901362,GO:1901564,GO:1901566,GO:1901576"
ribD~~~ribD_1~~~ribD_2,"RibD_C,dCMP_cyt_deam_1",H,ribD,"Converts 2,5-diamino-6-(ribosylamino)-4(3h)-pyrimidinone 5'-phosphate into 5-amino-6-(ribosylamino)-2,4(1h,3h)- pyrimidinedione 5'-phosphate","GO:0006139,GO:0006725,GO:0006807,GO:0008150,GO:0008152,GO:0009451,GO:0009987,GO:0016070,GO:0034641,GO:0043170,GO:0043412,GO:0044237,GO:0044238,GO:0046483,GO:0071704,GO:0090304,GO:1901360"
group_1029,-,-,-,-,-
tal~~~tal_1,TAL_FSA,H,tal,Transaldolase,-
group_1030,-,-,-,-,-
ybiT_2~~~ybiT,"ABC_tran,ABC_tran_Xtn",S,ykpA,"ABC transporter, ATP-binding protein",-
lysC_1~~~lysC~~~lysC_2~~~ask,"AA_kinase,ACT_7",E,lysC,Belongs to the aspartokinase family,-
asd_2~~~asd,"Semialdhyde_dh,Semialdhyde_dhC",E,asd,Catalyzes the NADPH-dependent formation of L-aspartate- semialdehyde (L-ASA) by the reductive dephosphorylation of L- aspartyl-4-phosphate,-
dapH_3~~~dapH_5~~~dapH_2~~~dapH_4~~~dapH_1,"DapH_N,Hexapep",E,dapH,Catalyzes the transfer of an acetyl group from acetyl- CoA to tetrahydrodipicolinate,-
sndA_3~~~scmP~~~sndA_1~~~sndA_2~~~hipO,"M20_dimer,Peptidase_M20",E,hipO,hydrolase activity,-
cspA_2~~~cspA_1,CSD,K,cspA,Cold shock protein CspA,-
group_1031,DUF1033,S,-,Protein of unknown function (DUF1033),-
acyP~~~acyP_1,Acylphosphatase,C,acyP,Belongs to the acylphosphatase family,"GO:0003674,GO:0003824,GO:0003998,GO:0016787,GO:0016817,GO:0016818"
group_1182,TelA,P,telA1,Belongs to the TelA family,-
group_3032,FRB_dom,S,-,mRNA processing,-
group_2153,Peptidase_C39_2,S,-,Peptidase_C39 like family,-
cycA_2~~~cycA_1~~~cycA_3,AA_permease,E,-,permease,-
nhaK_2~~~nhaK_1,Na_H_Exchanger,P,-,NhaP-type Na H and K H,-
kimA~~~kimA_2~~~kimA_1,AA_permease_2,E,ydaO,Amino acid permease,"GO:0003333,GO:0003674,GO:0005215,GO:0005342,GO:0005575,GO:0005623,GO:0005886,GO:0005887,GO:0006810,GO:0006811,GO:0006820,GO:0006865,GO:0008150,GO:0008509,GO:0008514,GO:0015075,GO:0015171,GO:0015179,GO:0015291,GO:0015297,GO:0015318,GO:0015711,GO:0015807,GO:0015849,GO:0016020,GO:0016021,GO:0022804,GO:0022857,GO:0031224,GO:0031226,GO:0034220,GO:0044425,GO:0044459,GO:0044464,GO:0046942,GO:0046943,GO:0051179,GO:0051234,GO:0055085,GO:0071702,GO:0071705,GO:0071944,GO:0098656,GO:1902475,GO:1903825,GO:1905039"
panE,"ApbA,ApbA_C",H,panE,Catalyzes the NADPH-dependent reduction of ketopantoate into pantoic acid,-
norB_1~~~norB_4~~~norB_2~~~norB_3,"MFS_1,Sugar_tr",EGP,-,of the major facilitator superfamily,-
opuCB,BPD_transp_1,P,opuCB,ABC transporter permease,-
aimA~~~aimA_1~~~aimA_2,AA_permease_2,E,ybeC,amino acid,-
pbuE~~~pbuE_1~~~pbuE_2,"MFS_1,Sugar_tr",EGP,-,Major facilitator family,-
fetB_2~~~fetB_1~~~fetB,UPF0014,S,ybbM,YbbM seven transmembrane helix protein,"GO:0003674,GO:0005215,GO:0005575,GO:0005623,GO:0005886,GO:0005887,GO:0006810,GO:0006811,GO:0006873,GO:0006875,GO:0006879,GO:0008150,GO:0009987,GO:0015075,GO:0016020,GO:0016021,GO:0019725,GO:0022857,GO:0030003,GO:0031224,GO:0031226,GO:0034220,GO:0042592,GO:0044425,GO:0044459,GO:0044464,GO:0046916,GO:0048878,GO:0050801,GO:0051179,GO:0051234,GO:0055065,GO:0055072,GO:0055076,GO:0055080,GO:0055082,GO:0055085,GO:0065007,GO:0065008,GO:0071944,GO:0098771"
group_107,YoeB_toxin,S,-,"ParE toxin of type II toxin-antitoxin system, parDE",-
gltB_1~~~gltB_2,Glu_synthase,E,yerD,Belongs to the glutamate synthase family,"GO:0003674,GO:0003824,GO:0005575,GO:0005622,GO:0005623,GO:0005737,GO:0006082,GO:0006520,GO:0006536,GO:0006537,GO:0006541,GO:0006807,GO:0008150,GO:0008152,GO:0008652,GO:0009058,GO:0009064,GO:0009084,GO:0009987,GO:0015930,GO:0016053,GO:0016491,GO:0016638,GO:0019676,GO:0019740,GO:0019752,GO:0043436,GO:0043648,GO:0043650,GO:0044237,GO:0044238,GO:0044249,GO:0044281,GO:0044283,GO:0044424,GO:0044464,GO:0046394,GO:0055114,GO:0071704,GO:1901564,GO:1901566,GO:1901576,GO:1901605,GO:1901607"
cntE~~~cntE_2~~~cntE_1,"MFS_1,Sugar_tr",EGP,-,COG0477 Permeases of the major facilitator superfamily,-
cntF,ABC_tran,EP,-,"ABC transporter, ATP-binding protein",-
cntC,"BPD_transp_1,OppC_N",P,-,"COG1173 ABC-type dipeptide oligopeptide nickel transport systems, permease components",-
cntB,BPD_transp_1,P,-,"COG0601 ABC-type dipeptide oligopeptide nickel transport systems, permease components",-
cntA~~~cntA_1,SBP_bac_5,E,nikA,"COG0747 ABC-type dipeptide transport system, periplasmic component",-
group_2154,-,-,-,-,-
nudG,NUDIX,L,mutT,NUDIX domain,-
group_3012,-,K,-,DNA-binding transcription factor activity,-
gtaB,NTP_transferase,M,galU,"Catalyzes the formation of UDP-glucose from glucose-1- phosphate and UTP. This is an intermediate step in the biosynthesis of diglucosyl-diacylglycerol (Glc2-DAG), i.e. a glycolipid found in the membrane, which is also used as a membrane anchor for lipoteichoic acid (LTA) (By similarity)",-
gntT~~~idnT,GntP_permease,EG,gntP,Gluconate,"GO:0003674,GO:0005215,GO:0005342,GO:0005575,GO:0005623,GO:0005886,GO:0005887,GO:0006810,GO:0006811,GO:0006820,GO:0008028,GO:0008150,GO:0008509,GO:0008514,GO:0008643,GO:0015075,GO:0015128,GO:0015144,GO:0015318,GO:0015711,GO:0015718,GO:0015849,GO:0016020,GO:0016021,GO:0022857,GO:0031224,GO:0031226,GO:0034219,GO:0034220,GO:0035429,GO:0042873,GO:0042879,GO:0044425,GO:0044459,GO:0044464,GO:0046942,GO:0046943,GO:0051179,GO:0051234,GO:0055085,GO:0071702,GO:0071944,GO:0098656,GO:1903825,GO:1905039"
gntR,"FCD,GntR",K,gntR,Gluconate operon transcriptional repressor,-
uptA,SNARE_assoc,S,apl,SNARE associated Golgi protein,-
group_72,"ABC2_membrane_2,ABC2_membrane_4",S,-,ABC-2 family transporter protein,-
fbp,FBPase_2,G,fbp,"D-fructose-1,6-bisphosphate 1-phosphohydrolase class 3",-
group_2155,-,S,yyaD,Membrane,-
ldhD_1~~~ldhD_2,"2-Hacid_dh,2-Hacid_dh_C",CH,ddh,Belongs to the D-isomer specific 2-hydroxyacid dehydrogenase family,-
group_2156,-,-,-,-,-
sdhA_2~~~sdhA_1,SDH_alpha,E,sdaAA,L-serine dehydratase,-
sdhB,"ACT,SDH_beta",E,sdhB,L-serine dehydratase,-
group_2157,PTS_EIIC_2,S,-,"COG1299 Phosphotransferase system, fructose-specific IIC component",-
group_253,4HBT_2,S,-,Thioesterase-like superfamily,-
glcB~~~glcB_1~~~glcB_2,"PTS_EIIA_1,PTS_EIIB,PTS_EIIC",G,glcB,"The phosphoenolpyruvate-dependent sugar phosphotransferase system (sugar PTS), a major carbohydrate active transport system, catalyzes the phosphorylation of incoming sugar substrates concomitantly with their translocation across the cell membrane. This system is involved in",-
cidB,LrgB,M,cidB,"Increases the activity of extracellular murein hydrolases possibly by mediating their export via hole formation. Inhibited by the antiholin-like proteins LrgAB. In an unstressed cell, the LrgAB products probably inhibit the function of the CidAB proteins. When a cell is stressed by the addition of antibiotics or by other factors in the environment, the CidAB proteins possibly oligomerize within the bacterial cell membrane, creating lesions that disrupt the proton motive force, which in turn results in loss of cell viability. These lesions are also hypothesized to regulate the subsequent cell lysis by either allowing the murein hydrolases access to the cell wall substrate and or regulating their activity by a",-
cynR,"HTH_1,LysR_substrate",K,ywbI,Transcriptional regulator,"GO:0000976,GO:0000984,GO:0000986,GO:0000987,GO:0001017,GO:0001067,GO:0003674,GO:0003676,GO:0003677,GO:0003690,GO:0005488,GO:0005575,GO:0005622,GO:0005623,GO:0005737,GO:0005829,GO:0043565,GO:0044212,GO:0044424,GO:0044444,GO:0044464,GO:0097159,GO:1901363,GO:1990837"
group_1503,YozE_SAM_like,S,-,Belongs to the UPF0346 family,-
mvaS,"HMG_CoA_synt_C,HMG_CoA_synt_N",I,mvaS,Hydroxymethylglutaryl-CoA synthase,-
group_1505,P12,S,-,Virus attachment protein p12 family,-
feoB~~~feoB_1~~~feoB_2~~~der_2,"FeoB_C,FeoB_N,Gate",P,feoB,transporter of a GTP-driven Fe(2 ) uptake system,-
group_1506,FeoA,P,-,FeoA domain,-
ydfJ~~~ydfJ_1~~~ydfJ_2,MMPL,S,-,of the RND superfamily,-
rocA~~~rocA_1~~~rocA_2,Aldedh,C,rocA,Belongs to the aldehyde dehydrogenase family,-
group_1533,-,-,-,-,-
copA~~~copA_1~~~copA_2,"E1-E2_ATPase,HMA,Hydrolase",P,copA,P-type ATPase,-
ldhD_2~~~ldhD_1~~~ldhD_3,"2-Hacid_dh,2-Hacid_dh_C",CH,-,Belongs to the D-isomer specific 2-hydroxyacid dehydrogenase family,-
crtM~~~crtM_2~~~crtM_1,SQS_PSY,I,crtM,cellular alcohol biosynthetic process,-
sarV,MarR,-,sarV,-,-
yfcJ~~~yhhS~~~yfcJ_2~~~yfcJ_1,"MFS_1,Sugar_tr",EGP,-,Major facilitator,-
group_175,Glyoxalase_3,E,-,Glyoxalase-like domain,-
femX,FemAB,V,femX,"Catalyzes the incorporation of amino acid(s) into the interchain peptide bridge of peptidoglycan, using aminoacyl-tRNA as amino acid donor",-
acrB~~~swrC~~~swrC_2~~~swrC_1~~~acrB_2~~~acrB_1,ACR_tran,V,-,Belongs to the resistance-nodulation-cell division (RND) (TC 2.A.6) family,-
group_196,-,-,-,-,-
group_5,Mem_trans,S,XK27_04815,Membrane transport protein,-
glcU_1~~~glcU_2,Sugar_transport,G,glcU,Glucose uptake protein,"GO:0003674,GO:0005215,GO:0005355,GO:0006810,GO:0008150,GO:0008643,GO:0008645,GO:0015144,GO:0015145,GO:0015149,GO:0015749,GO:0022857,GO:0034219,GO:0051119,GO:0051179,GO:0051234,GO:0055085,GO:0071702,GO:1904659"
topB_2~~~topB_1~~~topB,"Topoisom_bac,Toprim",L,topB,"Releases the supercoiling and torsional tension of DNA, which is introduced during the DNA replication and transcription, by transiently cleaving and rejoining one strand of the DNA duplex. Introduces a single-strand break via transesterification at a target site in duplex DNA. The scissile phosphodiester is attacked by the catalytic tyrosine of the enzyme, resulting in the formation of a DNA-(5'-phosphotyrosyl)-enzyme intermediate and the expulsion of a 3'-OH DNA strand. The free DNA strand then undergoes passage around the unbroken strand, thus removing DNA supercoils. Finally, in the religation step, the DNA 3'-OH attacks the covalent intermediate to expel the active-site tyrosine and restore the DNA phosphodiester backbone",-
blaI_1~~~blaI~~~blaI_2,Penicillinase_R,K,mecI,Penicillinase repressor,-
gloB_2~~~gloB~~~glpE_2~~~gloC~~~gloB_1~~~glpE_1,"Lactamase_B,Rhodanese",P,baeB,Rhodanese Homology Domain,-
glpE~~~dsrE2~~~glpE_1~~~tusA,"DrsE_2,Rhodanese,TusA",OP,yrkE,Belongs to the sulfur carrier protein TusA family,-
ricR,Trns_repr_metal,S,csoR,Metal-sensitive transcriptional repressor,-
group_1435,TauE,S,yrkJ,membrane transporter protein,-
argF_1~~~argF_2~~~argF,"OTCace,OTCace_N",E,argF,Reversibly catalyzes the transfer of the carbamoyl group from carbamoyl phosphate (CP) to the N(epsilon) atom of ornithine (ORN) to produce L-citrulline,-
arcC1~~~arcC1_2~~~arcC1_1,AA_kinase,E,arcC,Belongs to the carbamate kinase family,"GO:0003674,GO:0003824,GO:0005575,GO:0005622,GO:0005623,GO:0005737,GO:0005829,GO:0006082,GO:0006520,GO:0006525,GO:0006527,GO:0006793,GO:0006796,GO:0006807,GO:0008150,GO:0008152,GO:0008804,GO:0009056,GO:0009063,GO:0009064,GO:0009065,GO:0009987,GO:0016054,GO:0016301,GO:0016310,GO:0016740,GO:0016772,GO:0016774,GO:0019546,GO:0019752,GO:0043436,GO:0044237,GO:0044238,GO:0044248,GO:0044281,GO:0044282,GO:0044424,GO:0044444,GO:0044464,GO:0046395,GO:0071704,GO:1901564,GO:1901565,GO:1901575,GO:1901605,GO:1901606"
group_3180,DcuC,S,-,C4-dicarboxylate anaerobic carrier,-
group_3151,Staph_haemo,S,-,antibacterial protein,-
group_3090,"Acetyltransf_1,Acetyltransf_10,Acetyltransf_7",K,ylbP,N-acetyltransferase,-
arlS_2~~~arlS_1~~~arlS,"HAMP,HATPase_c,HisKA",T,arlS,Member of the two-component regulatory system ArlS ArlR. ArlS probably functions as a sensor protein kinase which is autophosphorylated at a histidine residue and transfers its phosphate group to ArlR (By similarity),"GO:0003674,GO:0003824,GO:0006508,GO:0006807,GO:0008150,GO:0008152,GO:0008233,GO:0008236,GO:0016787,GO:0017171,GO:0019538,GO:0043170,GO:0044238,GO:0070011,GO:0071704,GO:0140096,GO:1901564"
odhA~~~odhA_1~~~odhA_2,"2-oxogl_dehyd_N,E1_dh,OxoGdeHyase_C,Transket_pyr",C,odhA,"The 2-oxoglutarate dehydrogenase complex catalyzes the overall conversion of 2-oxoglutarate to succinyl-CoA and CO(2). It contains multiple copies of three enzymatic components 2- oxoglutarate dehydrogenase (E1), dihydrolipoamide succinyltransferase (E2) and lipoamide dehydrogenase (E3)","GO:0003674,GO:0003824,GO:0004591,GO:0005575,GO:0005622,GO:0005623,GO:0005737,GO:0005829,GO:0006082,GO:0006091,GO:0006099,GO:0006101,GO:0008150,GO:0008152,GO:0009060,GO:0009987,GO:0015980,GO:0016491,GO:0016624,GO:0016903,GO:0016999,GO:0017144,GO:0019752,GO:0032991,GO:0043436,GO:0044237,GO:0044238,GO:0044281,GO:0044424,GO:0044444,GO:0044464,GO:0045239,GO:0045240,GO:0045252,GO:0045333,GO:0055114,GO:0071704,GO:0072350,GO:1902494,GO:1990204,GO:1990234"
group_1032,-,-,yozC,-,-
nirQ,"AAA_5,CbbQ_C",S,yojN,ATPase activity,-
group_1033,"CobT_C,VWA",H,-,Nitric oxide reductase activation protein,-
braB~~~braB_2~~~braB_1~~~braB_3,Branch_AA_trans,E,brnQ,Component of the transport system for branched-chain amino acids,"GO:0003333,GO:0003674,GO:0005215,GO:0005304,GO:0005342,GO:0005575,GO:0005623,GO:0005886,GO:0006810,GO:0006811,GO:0006812,GO:0006820,GO:0006855,GO:0006865,GO:0008150,GO:0008324,GO:0008509,GO:0008514,GO:0015075,GO:0015171,GO:0015175,GO:0015179,GO:0015188,GO:0015190,GO:0015238,GO:0015318,GO:0015658,GO:0015711,GO:0015803,GO:0015804,GO:0015807,GO:0015818,GO:0015820,GO:0015829,GO:0015849,GO:0015893,GO:0016020,GO:0022857,GO:0034220,GO:0042221,GO:0042493,GO:0044464,GO:0046942,GO:0046943,GO:0050896,GO:0051179,GO:0051234,GO:0055085,GO:0071702,GO:0071705,GO:0071944,GO:0098655,GO:0098656,GO:1902475,GO:1903785,GO:1903825,GO:1905039"
group_1034,-,V,-,Restriction endonuclease,-
group_1035,Zip,P,-,ZIP Zinc transporter,-
czrA_2~~~czrA_1,HTH_5,K,czrA,"helix_turn_helix, Arsenical Resistance Operon Repressor",-
zosA~~~zosA_1~~~zosA_2,"E1-E2_ATPase,Hydrolase",P,cadA,E1-E2 ATPase,-
glpE_2~~~glpE_3~~~glpE_4~~~glpE_1~~~glpE,"DrsE_2,Rhodanese,TusA",OP,yrkE,Belongs to the sulfur carrier protein TusA family,-
csoR,Trns_repr_metal,S,csoR,Metal-sensitive transcriptional repressor,-
garB~~~pdhD_2~~~garB_2~~~merA_1,"Pyr_redox_2,Pyr_redox_dim",C,gshR,"Pyridine nucleotide-disulphide oxidoreductase, dimerisation domain",-
merR1_2~~~merR1,MerR_1,K,merR,"MerR, DNA binding",-
group_2158,DsbD,O,-,Cytochrome C biogenesis protein transmembrane region,-
merA~~~merA_2,"HMA,Pyr_redox_2,Pyr_redox_dim",C,merA,"Pyridine nucleotide-disulphide oxidoreductase, dimerisation domain",-
pckA~~~pckA_1~~~pckA_2,PEPCK_ATP,F,pckA,Involved in the gluconeogenesis. Catalyzes the conversion of oxaloacetate (OAA) to phosphoenolpyruvate (PEP) through direct phosphoryl transfer between the nucleoside triphosphate and OAA,"GO:0000166,GO:0003674,GO:0003824,GO:0004611,GO:0004612,GO:0005488,GO:0005524,GO:0005575,GO:0005622,GO:0005623,GO:0005737,GO:0005829,GO:0005975,GO:0005996,GO:0006006,GO:0006094,GO:0008144,GO:0008150,GO:0008152,GO:0009058,GO:0016051,GO:0016829,GO:0016830,GO:0016831,GO:0017076,GO:0019318,GO:0019319,GO:0030554,GO:0032553,GO:0032555,GO:0032559,GO:0035639,GO:0036094,GO:0043167,GO:0043168,GO:0044238,GO:0044281,GO:0044283,GO:0044424,GO:0044444,GO:0044464,GO:0046364,GO:0071704,GO:0097159,GO:0097367,GO:1901265,GO:1901363,GO:1901576"
metK,"S-AdoMet_synt_C,S-AdoMet_synt_M,S-AdoMet_synt_N",H,metK,"Catalyzes the formation of S-adenosylmethionine (AdoMet) from methionine and ATP. The overall synthetic reaction is composed of two sequential steps, AdoMet formation and the subsequent tripolyphosphate hydrolysis which occurs prior to release of AdoMet from the enzyme","GO:0003674,GO:0003824,GO:0004478,GO:0005575,GO:0005622,GO:0005623,GO:0005737,GO:0005829,GO:0016740,GO:0016765,GO:0044424,GO:0044444,GO:0044464"
group_1036,NERD,S,-,Nuclease-related domain,-
tetK_2~~~tetK~~~tetK_1~~~ribZ_1~~~tet63,MFS_1,EGP,tetL,Major Facilitator Superfamily,"GO:0003674,GO:0005215,GO:0005575,GO:0005623,GO:0005886,GO:0005887,GO:0006810,GO:0008150,GO:0016020,GO:0016021,GO:0022857,GO:0031224,GO:0031226,GO:0044425,GO:0044459,GO:0044464,GO:0051179,GO:0051234,GO:0055085,GO:0071944"
tcaA_1~~~tcaA_2~~~tcaA,"zf-ribbon_3,zinc_ribbon_2",S,tcaA,response to antibiotic,-
zntB_2~~~zntB_1~~~corA_1~~~corA~~~zntB,CorA,P,corA,Mediates influx of magnesium ions,-
fni_1~~~fni~~~fni_2,FMN_dh,C,fni,"Involved in the biosynthesis of isoprenoids. Catalyzes the 1,3-allylic rearrangement of the homoallylic substrate isopentenyl (IPP) to its allylic isomer, dimethylallyl diphosphate (DMAPP)","GO:0003674,GO:0003824,GO:0004452,GO:0006629,GO:0006720,GO:0008150,GO:0008152,GO:0008299,GO:0008610,GO:0009058,GO:0009987,GO:0016853,GO:0016860,GO:0016863,GO:0044237,GO:0044238,GO:0044249,GO:0044255,GO:0071704,GO:1901576"
clpB_2~~~clpB~~~clpB_1,"AAA,AAA_2,ClpB_D2-small,Clp_N",O,clpB,"Part of a stress-induced multi-chaperone system, it is involved in the recovery of the cell from heat-induced damage, in cooperation with DnaK, DnaJ and GrpE","GO:0006508,GO:0006807,GO:0008150,GO:0008152,GO:0019538,GO:0043170,GO:0044238,GO:0071704,GO:1901564"
sufT,FeS_assembly_P,S,yitW,Iron-sulfur cluster assembly protein,-
yitU,Hydrolase_3,S,yitU,hydrolases of the HAD superfamily,-
cdr,"Pyr_redox_2,Pyr_redox_dim",C,cdr,Catalyzes specifically the NADPH-dependent reduction of coenzyme A disulfide,-
group_1041,FAA_hydrolase,Q,yisK,"COG0179 2-keto-4-pentenoate hydratase 2-oxohepta-3-ene-1,7-dioic acid hydratase (catechol pathway)",-
addA,"PDDEXK_1,UvrD-helicase,UvrD_C",L,addA,ATP-dependent helicase nuclease subunit A,"GO:0003674,GO:0003824,GO:0004518,GO:0004527,GO:0006139,GO:0006259,GO:0006725,GO:0006807,GO:0008150,GO:0008152,GO:0009987,GO:0016787,GO:0016788,GO:0034641,GO:0043170,GO:0044237,GO:0044238,GO:0044260,GO:0046483,GO:0071704,GO:0090304,GO:0090305,GO:1901360"
addB~~~addB_1~~~addB_2,"Exonuc_V_gamma,PDDEXK_1,UvrD_C",L,rexB,"The heterodimer acts as both an ATP-dependent DNA helicase and an ATP-dependent, dual-direction single-stranded exonuclease. Recognizes the chi site generating a DNA molecule suitable for the initiation of homologous recombination. The AddB nuclease domain is not required for chi fragment generation","GO:0003674,GO:0003678,GO:0003824,GO:0004003,GO:0004386,GO:0004518,GO:0004519,GO:0004527,GO:0006139,GO:0006259,GO:0006281,GO:0006302,GO:0006310,GO:0006725,GO:0006807,GO:0006950,GO:0006974,GO:0006996,GO:0008026,GO:0008094,GO:0008150,GO:0008152,GO:0009987,GO:0016043,GO:0016462,GO:0016787,GO:0016788,GO:0016817,GO:0016818,GO:0016887,GO:0017111,GO:0032392,GO:0032508,GO:0033554,GO:0034641,GO:0042623,GO:0043170,GO:0044237,GO:0044238,GO:0044260,GO:0046483,GO:0050896,GO:0051276,GO:0051716,GO:0070035,GO:0071103,GO:0071704,GO:0071840,GO:0090304,GO:0090305,GO:0140097,GO:1901360"
ydjZ,SNARE_assoc,S,yhjE,SNARE associated Golgi protein,-
pgi~~~pgi_2~~~pgi_1,PGI,G,pgi,Belongs to the GPI family,"GO:0003674,GO:0003824,GO:0004347,GO:0005575,GO:0005622,GO:0005623,GO:0005737,GO:0005975,GO:0005996,GO:0006006,GO:0006082,GO:0006090,GO:0006091,GO:0006094,GO:0006096,GO:0006139,GO:0006163,GO:0006164,GO:0006165,GO:0006725,GO:0006732,GO:0006733,GO:0006753,GO:0006754,GO:0006757,GO:0006793,GO:0006796,GO:0006807,GO:0008150,GO:0008152,GO:0009056,GO:0009058,GO:0009108,GO:0009117,GO:0009123,GO:0009124,GO:0009126,GO:0009127,GO:0009132,GO:0009135,GO:0009141,GO:0009142,GO:0009144,GO:0009145,GO:0009150,GO:0009152,GO:0009156,GO:0009161,GO:0009165,GO:0009166,GO:0009167,GO:0009168,GO:0009179,GO:0009185,GO:0009199,GO:0009201,GO:0009205,GO:0009206,GO:0009259,GO:0009260,GO:0009987,GO:0016051,GO:0016052,GO:0016053,GO:0016310,GO:0016853,GO:0016860,GO:0016861,GO:0017144,GO:0018130,GO:0019318,GO:0019319,GO:0019359,GO:0019362,GO:0019363,GO:0019438,GO:0019439,GO:0019637,GO:0019693,GO:0019752,GO:0032787,GO:0034404,GO:0034641,GO:0034654,GO:0034655,GO:0042866,GO:0043436,GO:0044237,GO:0044238,GO:0044248,GO:0044249,GO:0044270,GO:0044271,GO:0044281,GO:0044283,GO:0044424,GO:0044464,GO:0046031,GO:0046034,GO:0046364,GO:0046390,GO:0046394,GO:0046434,GO:0046483,GO:0046496,GO:0046700,GO:0046939,GO:0051186,GO:0051188,GO:0055086,GO:0071704,GO:0072330,GO:0072521,GO:0072522,GO:0072524,GO:0072525,GO:0090407,GO:1901135,GO:1901137,GO:1901292,GO:1901293,GO:1901360,GO:1901361,GO:1901362,GO:1901564,GO:1901566,GO:1901575,GO:1901576"
argG~~~argG_1~~~argG_2,Arginosuc_synth,E,argG,Belongs to the argininosuccinate synthase family. Type 1 subfamily,"GO:0000050,GO:0000053,GO:0003674,GO:0003824,GO:0004055,GO:0005575,GO:0005622,GO:0005623,GO:0005737,GO:0006082,GO:0006520,GO:0006525,GO:0006526,GO:0006575,GO:0006807,GO:0008150,GO:0008152,GO:0008652,GO:0009058,GO:0009064,GO:0009084,GO:0009987,GO:0016053,GO:0016874,GO:0016879,GO:0019627,GO:0019752,GO:0034641,GO:0043436,GO:0043603,GO:0043604,GO:0044237,GO:0044238,GO:0044249,GO:0044271,GO:0044281,GO:0044283,GO:0044424,GO:0044464,GO:0046394,GO:0071704,GO:0071941,GO:0072350,GO:1901564,GO:1901566,GO:1901576,GO:1901605,GO:1901607"
argH~~~argH_1~~~argH_2,"ASL_C2,Lyase_1",E,argH,Argininosuccinate lyase,"GO:0003674,GO:0003824,GO:0004056,GO:0005575,GO:0005622,GO:0005623,GO:0005737,GO:0006082,GO:0006520,GO:0006525,GO:0006526,GO:0006591,GO:0006807,GO:0008150,GO:0008152,GO:0008652,GO:0009058,GO:0009064,GO:0009084,GO:0009987,GO:0016053,GO:0016829,GO:0016840,GO:0016842,GO:0019752,GO:0042450,GO:0043436,GO:0044237,GO:0044238,GO:0044249,GO:0044281,GO:0044283,GO:0044424,GO:0044464,GO:0046394,GO:0071704,GO:1901564,GO:1901566,GO:1901576,GO:1901605,GO:1901607"
gluD,"ELFV_dehydrog,ELFV_dehydrog_N",E,gluD,Belongs to the Glu Leu Phe Val dehydrogenases family,-
rocD2_2~~~rocD2_1~~~rocD2_3,Aminotran_3,E,rocD,Catalyzes the interconversion of ornithine to glutamate semialdehyde,-
yugI,S1,J,yugI,"RNA binding protein, contains ribosomal protein S1 domain",-
group_2159,Pro_isomerase,O,ppiA,PPIases accelerate the folding of proteins. It catalyzes the cis-trans isomerization of proline imidic peptide bonds in oligopeptides,"GO:0000413,GO:0003674,GO:0003755,GO:0003824,GO:0006464,GO:0006807,GO:0008150,GO:0008152,GO:0009987,GO:0016853,GO:0016859,GO:0018193,GO:0018208,GO:0019538,GO:0036211,GO:0043170,GO:0043412,GO:0044237,GO:0044238,GO:0044260,GO:0044267,GO:0071704,GO:0140096,GO:1901564"
mnhA1~~~mnhA1_2~~~mnhA1_1,"DUF4040,Proton_antipo_M,Proton_antipo_N",CP,mnhA,-antiporter subunit,-
mnhB1,MnhB,P,mrpB,) H( ) antiporter subunit,-
mnhC1_2~~~mnhC1,Oxidored_q2,P,mrpC,Na( ) H( ) antiporter subunit,-
mnhD1_2~~~mnhD1~~~mnhD1_1,Proton_antipo_M,CP,mrpD,Mnh complex is a Na( ) H( ) antiporter involved in Na( ) excretion,"GO:0003674,GO:0005215,GO:0005451,GO:0006810,GO:0006811,GO:0006812,GO:0006814,GO:0008150,GO:0008324,GO:0015075,GO:0015077,GO:0015078,GO:0015081,GO:0015291,GO:0015297,GO:0015298,GO:0015299,GO:0015318,GO:0015385,GO:0015491,GO:0015672,GO:0022804,GO:0022857,GO:0022890,GO:0030001,GO:0034220,GO:0035725,GO:0046873,GO:0051179,GO:0051234,GO:0055085,GO:0098655,GO:0098660,GO:0098662,GO:0099516,GO:1902600"
mnhE1,MNHE,P,mrpE,Na( ) H( ) antiporter subunit,-
mnhF1,MrpF_PhaF,P,mrpF,Na( ) H( ) antiporter subunit,-
mnhG1,PhaG_MnhG_YufB,P,mnhG,Mnh complex is a Na( ) H( ) antiporter involved in Na( ) excretion,-
group_2160,"Na_H_antiport_2,Na_H_antiporter",S,yuiF,Na+-H+ antiporter family,-
group_2161,Pyr_redox_2,C,yumB,oxidoreductase activity,"GO:0003674,GO:0003824,GO:0003955,GO:0006091,GO:0008150,GO:0008152,GO:0009060,GO:0009987,GO:0015980,GO:0016491,GO:0016651,GO:0016655,GO:0019646,GO:0022900,GO:0022904,GO:0044237,GO:0045333,GO:0055114"
group_3024,Fe-S_biosyn,S,erpA,Belongs to the HesB IscA family,-
group_2162,DUF1450,S,yuzB,Belongs to the UPF0349 family,-
yjlD,Pyr_redox_2,C,yutJ,NADH dehydrogenase,-
nfuA,NifU,O,yutI,NifU-like domain,-
dltC,PP-binding,IQ,dltC,"Carrier protein involved in the D-alanylation of lipoteichoic acid (LTA). The loading of thioester-linked D-alanine onto DltC is catalyzed by D-alanine--D-alanyl carrier protein ligase DltA. The DltC-carried D-alanyl group is further transferred to cell membrane phosphatidylglycerol (PG) by forming an ester bond, probably catalyzed by DltD. D-alanylation of LTA plays an important role in modulating the properties of the cell wall in Gram-positive bacteria, influencing the net charge of the cell wall","GO:0000270,GO:0003674,GO:0005215,GO:0006022,GO:0006023,GO:0006024,GO:0006807,GO:0006810,GO:0008150,GO:0008152,GO:0009058,GO:0009059,GO:0009252,GO:0009273,GO:0009987,GO:0022857,GO:0030203,GO:0034645,GO:0042546,GO:0043170,GO:0044036,GO:0044038,GO:0044085,GO:0044237,GO:0044249,GO:0044260,GO:0051179,GO:0051234,GO:0055085,GO:0070589,GO:0071554,GO:0071704,GO:0071840,GO:1901135,GO:1901137,GO:1901564,GO:1901566,GO:1901576"
dltB,MBOAT,M,dltB,membrane protein involved in D-alanine export,-
dltA_2~~~dltA~~~dltA_1,"AMP-binding,AMP-binding_C",Q,dltA,"Catalyzes the first step in the D-alanylation of lipoteichoic acid (LTA), the activation of D-alanine and its transfer onto the D-alanyl carrier protein (Dcp) DltC. In an ATP- dependent two-step reaction, forms a high energy D-alanyl-AMP intermediate, followed by transfer of the D-alanyl residue as a thiol ester to the phosphopantheinyl prosthetic group of the Dcp. D-alanylation of LTA plays an important role in modulating the properties of the cell wall in Gram-positive bacteria, influencing the net charge of the cell wall","GO:0000166,GO:0000270,GO:0003674,GO:0003824,GO:0005215,GO:0005488,GO:0006022,GO:0006023,GO:0006024,GO:0006807,GO:0006810,GO:0008144,GO:0008150,GO:0008152,GO:0009058,GO:0009059,GO:0009252,GO:0009273,GO:0009987,GO:0016208,GO:0016874,GO:0016879,GO:0016881,GO:0017076,GO:0022857,GO:0030203,GO:0030554,GO:0032553,GO:0032555,GO:0032559,GO:0034645,GO:0036094,GO:0042546,GO:0043167,GO:0043168,GO:0043169,GO:0043170,GO:0044036,GO:0044038,GO:0044085,GO:0044237,GO:0044249,GO:0044260,GO:0051179,GO:0051234,GO:0055085,GO:0070589,GO:0071554,GO:0071704,GO:0071840,GO:0097159,GO:0097367,GO:1901135,GO:1901137,GO:1901265,GO:1901363,GO:1901564,GO:1901566,GO:1901576"
group_2163,DUF3687,S,-,D-Ala-teichoic acid biosynthesis protein,-
ghrB_1~~~ghrB_2,"2-Hacid_dh,2-Hacid_dh_C",CH,gyaR,Belongs to the D-isomer specific 2-hydroxyacid dehydrogenase family,-
yutF,"Hydrolase_6,Hydrolase_like",G,nagD,Catalyzes the dephosphorylation of 2-6 carbon acid sugars in vitro,-
group_3164,DUF3055,S,-,Protein of unknown function (DUF3055),-
group_1042,DUF1027,S,yutD,Protein of unknown function (DUF1027),-
lipA_2~~~lipA_1,"LIAS_N,Radical_SAM",H,lipA,"Catalyzes the radical-mediated insertion of two sulfur atoms into the C-6 and C-8 positions of the octanoyl moiety bound to the lipoyl domains of lipoate-dependent enzymes, thereby converting the octanoylated domains into lipoylated derivatives","GO:0003674,GO:0003824,GO:0005575,GO:0005622,GO:0005623,GO:0005737,GO:0006082,GO:0006464,GO:0006629,GO:0006631,GO:0006633,GO:0006732,GO:0006790,GO:0006807,GO:0008150,GO:0008152,GO:0008610,GO:0009058,GO:0009106,GO:0009107,GO:0009108,GO:0009249,GO:0009987,GO:0010467,GO:0016053,GO:0016740,GO:0016782,GO:0016783,GO:0016992,GO:0018065,GO:0018130,GO:0018193,GO:0018205,GO:0019538,GO:0019752,GO:0032787,GO:0036211,GO:0043170,GO:0043412,GO:0043436,GO:0044237,GO:0044238,GO:0044249,GO:0044255,GO:0044260,GO:0044267,GO:0044272,GO:0044281,GO:0044283,GO:0044424,GO:0044464,GO:0046394,GO:0046483,GO:0051186,GO:0051188,GO:0051604,GO:0070283,GO:0071704,GO:0072330,GO:1901360,GO:1901362,GO:1901564,GO:1901576"
group_1043,TauE,S,-,membrane transporter protein,-
group_1046,-,-,-,-,-
group_2164,UPF0051,O,sufB,assembly protein SufB,-
sufU,NifU_N,C,nifU,NifU homolog involved in Fe-S cluster formation,"GO:0003674,GO:0003824,GO:0005488,GO:0005506,GO:0005575,GO:0005622,GO:0005623,GO:0005737,GO:0006807,GO:0006873,GO:0006875,GO:0006879,GO:0008150,GO:0008152,GO:0008198,GO:0009987,GO:0010467,GO:0016740,GO:0016782,GO:0019538,GO:0019725,GO:0030003,GO:0036455,GO:0042592,GO:0043167,GO:0043169,GO:0043170,GO:0044238,GO:0044424,GO:0044464,GO:0046872,GO:0046914,GO:0046916,GO:0048037,GO:0048878,GO:0050801,GO:0051536,GO:0051537,GO:0051539,GO:0051540,GO:0051604,GO:0055065,GO:0055072,GO:0055076,GO:0055080,GO:0055082,GO:0065007,GO:0065008,GO:0071704,GO:0097428,GO:0098771,GO:1901564"
csd,Aminotran_5,E,sufS,"Catalyzes the removal of elemental sulfur and selenium atoms from L-cysteine, L-cystine, L-selenocysteine, and L- selenocystine to produce L-alanine",-
group_2165,UPF0051,O,sufD,assembly protein SufD,-
sufC,ABC_tran,O,sufC,FeS assembly ATPase SufC,-
group_2166,DUF368,S,-,Domain of unknown function (DUF368),-
group_2167,-,S,-,Belongs to the UPF0337 (CsbD) family,-
group_1047,-,-,-,-,-
entB_2~~~entB~~~entB_1,"Stap_Strp_tox_C,Stap_Strp_toxin",S,-,"Staphylococcal/Streptococcal toxin, OB-fold domain",-
group_1627,-,-,-,-,-
group_854,HTH_3,K,-,Cro/C1-type HTH DNA-binding domain,-
group_506,-,-,-,-,-
xerD_3~~~IntTn~~~xerC_2~~~xerD_2~~~xerC_1~~~xerC_4,Phage_integrase,L,-,Phage integrase family,-
metQ_1~~~metQ_2,Lipoprotein_9,M,metQ,Belongs to the nlpA lipoprotein family,-
metP~~~metP_2~~~metP_1,BPD_transp_1,P,metI,ABC transporter permease,"GO:0000101,GO:0005575,GO:0005623,GO:0005886,GO:0006810,GO:0006811,GO:0006812,GO:0006820,GO:0006865,GO:0008150,GO:0015711,GO:0015821,GO:0015849,GO:0016020,GO:0042940,GO:0044464,GO:0046942,GO:0048473,GO:0051179,GO:0051234,GO:0071702,GO:0071705,GO:0071944,GO:0072348"
metN2,"ABC_tran,NIL",P,metN,Part of the ABC transporter complex MetNIQ involved in methionine import. Responsible for energy coupling to the transport system,"GO:0003674,GO:0003824,GO:0005215,GO:0006810,GO:0008150,GO:0015399,GO:0015405,GO:0016462,GO:0016787,GO:0016817,GO:0016818,GO:0016887,GO:0017111,GO:0022804,GO:0022857,GO:0042623,GO:0042626,GO:0043492,GO:0051179,GO:0051234,GO:0055085"
group_187,"Toprim,Toprim_4",L,yusF,TOPRIM,-
gcvH_1~~~gcvH,GCV_H,E,gcvH,Is also involved in protein lipoylation via its role as an octanoyl lipoyl carrier protein intermediate,-
mgsR,"ArsC,Glutaredoxin",P,yusI,Belongs to the ArsC family,-
group_3083,Nitroreductase,C,-,nitroreductase,-
group_2168,Acetyltransf_4,J,-,Acetyltransferase (GNAT) domain,-
argO~~~argO_1~~~argO_2,LysE,S,argO,LysE type translocator,"GO:0003333,GO:0003674,GO:0005215,GO:0005342,GO:0005575,GO:0005623,GO:0005886,GO:0006810,GO:0006811,GO:0006812,GO:0006820,GO:0006865,GO:0008150,GO:0008324,GO:0008509,GO:0008514,GO:0015075,GO:0015171,GO:0015174,GO:0015181,GO:0015318,GO:0015711,GO:0015802,GO:0015807,GO:0015809,GO:0015849,GO:0015893,GO:0016020,GO:0022857,GO:0034220,GO:0042221,GO:0042493,GO:0044464,GO:0046942,GO:0046943,GO:0050896,GO:0051179,GO:0051234,GO:0055085,GO:0071702,GO:0071705,GO:0071944,GO:0098655,GO:0098656,GO:1902023,GO:1903825,GO:1903826,GO:1905039,GO:1990822"
group_2169,-,-,-,-,-
group_2171,-,-,-,-,-
group_2172,CSD,K,cspC,COG1278 Cold shock proteins,-
nuc~~~nuc_1~~~nuc_2,"Excalibur,SNase",L,-,Staphylococcal nuclease homologues,-
group_1049,-,-,-,-,-
group_1184,Transposase_mut,L,-,"transposition, DNA-mediated",-
group_953,DHFR_1,H,dfrA,Dihydrofolate reductase,-
group_3100,-,-,-,-,-
smpB,SmpB,O,smpB,"Required for rescue of stalled ribosomes mediated by trans-translation. Binds to transfer-messenger RNA (tmRNA), required for stable association of tmRNA with ribosomes. tmRNA and SmpB together mimic tRNA shape, replacing the anticodon stem-loop with SmpB. tmRNA is encoded by the ssrA gene","GO:0006464,GO:0006807,GO:0008150,GO:0008152,GO:0009987,GO:0019538,GO:0036211,GO:0043170,GO:0043412,GO:0044237,GO:0044238,GO:0044260,GO:0044267,GO:0070930,GO:0071704,GO:1901564"
rnr~~~rnr_2~~~rnr_1,"OB_RNB,RNB,S1",J,rnr,3'-5' exoribonuclease that releases 5'-nucleoside monophosphates and is involved in maturation of structured RNAs,-
secG,SecG,U,secG,Preprotein translocase subunit SecG,"GO:0005575,GO:0005623,GO:0005886,GO:0006810,GO:0006886,GO:0008104,GO:0008150,GO:0015031,GO:0015833,GO:0016020,GO:0033036,GO:0034613,GO:0042886,GO:0043952,GO:0044464,GO:0045184,GO:0046907,GO:0051179,GO:0051234,GO:0051641,GO:0051649,GO:0055085,GO:0065002,GO:0070727,GO:0071702,GO:0071705,GO:0071806,GO:0071944"
group_2173,-,-,-,-,-
eno~~~eno_1~~~eno_2,"Enolase_C,Enolase_N",G,eno,Catalyzes the reversible conversion of 2- phosphoglycerate into phosphoenolpyruvate. It is essential for the degradation of carbohydrates via glycolysis,"GO:0001968,GO:0003674,GO:0003824,GO:0004634,GO:0005488,GO:0005515,GO:0005518,GO:0005575,GO:0005576,GO:0005618,GO:0005622,GO:0005623,GO:0005737,GO:0005975,GO:0006082,GO:0006090,GO:0006091,GO:0006096,GO:0006139,GO:0006163,GO:0006164,GO:0006165,GO:0006725,GO:0006732,GO:0006733,GO:0006753,GO:0006754,GO:0006757,GO:0006793,GO:0006796,GO:0006807,GO:0008150,GO:0008152,GO:0009056,GO:0009058,GO:0009108,GO:0009117,GO:0009123,GO:0009124,GO:0009126,GO:0009127,GO:0009132,GO:0009135,GO:0009141,GO:0009142,GO:0009144,GO:0009145,GO:0009150,GO:0009152,GO:0009156,GO:0009161,GO:0009165,GO:0009166,GO:0009167,GO:0009168,GO:0009179,GO:0009185,GO:0009199,GO:0009201,GO:0009205,GO:0009206,GO:0009259,GO:0009260,GO:0009986,GO:0009987,GO:0016052,GO:0016053,GO:0016310,GO:0016829,GO:0016835,GO:0016836,GO:0017144,GO:0018130,GO:0019359,GO:0019362,GO:0019363,GO:0019438,GO:0019439,GO:0019637,GO:0019693,GO:0019752,GO:0019899,GO:0030312,GO:0032787,GO:0034404,GO:0034641,GO:0034654,GO:0034655,GO:0035375,GO:0042866,GO:0043236,GO:0043436,GO:0044237,GO:0044238,GO:0044248,GO:0044249,GO:0044270,GO:0044271,GO:0044281,GO:0044283,GO:0044424,GO:0044464,GO:0044877,GO:0046031,GO:0046034,GO:0046390,GO:0046394,GO:0046434,GO:0046483,GO:0046496,GO:0046700,GO:0046939,GO:0050840,GO:0051186,GO:0051188,GO:0055086,GO:0071704,GO:0071944,GO:0072330,GO:0072521,GO:0072522,GO:0072524,GO:0072525,GO:0090407,GO:1901135,GO:1901137,GO:1901292,GO:1901293,GO:1901360,GO:1901361,GO:1901362,GO:1901564,GO:1901566,GO:1901575,GO:1901576"
gpmI_1~~~gpmI_2~~~gpmI,"Metalloenzyme,Phosphodiest,iPGM_N",G,gpmI,Catalyzes the interconversion of 2-phosphoglycerate and 3-phosphoglycerate,"GO:0003674,GO:0003824,GO:0004619,GO:0005488,GO:0005975,GO:0006082,GO:0006090,GO:0006091,GO:0006096,GO:0006139,GO:0006163,GO:0006164,GO:0006165,GO:0006725,GO:0006732,GO:0006733,GO:0006753,GO:0006754,GO:0006757,GO:0006793,GO:0006796,GO:0006807,GO:0008150,GO:0008152,GO:0009056,GO:0009058,GO:0009108,GO:0009117,GO:0009123,GO:0009124,GO:0009126,GO:0009127,GO:0009132,GO:0009135,GO:0009141,GO:0009142,GO:0009144,GO:0009145,GO:0009150,GO:0009152,GO:0009156,GO:0009161,GO:0009165,GO:0009166,GO:0009167,GO:0009168,GO:0009179,GO:0009185,GO:0009199,GO:0009201,GO:0009205,GO:0009206,GO:0009259,GO:0009260,GO:0009987,GO:0016052,GO:0016053,GO:0016310,GO:0016853,GO:0016866,GO:0016868,GO:0017144,GO:0018130,GO:0019359,GO:0019362,GO:0019363,GO:0019438,GO:0019439,GO:0019637,GO:0019693,GO:0019752,GO:0030145,GO:0032787,GO:0034404,GO:0034641,GO:0034654,GO:0034655,GO:0042866,GO:0043167,GO:0043169,GO:0043436,GO:0043937,GO:0044237,GO:0044238,GO:0044248,GO:0044249,GO:0044270,GO:0044271,GO:0044281,GO:0044283,GO:0046031,GO:0046034,GO:0046390,GO:0046394,GO:0046434,GO:0046483,GO:0046496,GO:0046537,GO:0046700,GO:0046872,GO:0046914,GO:0046939,GO:0050789,GO:0050793,GO:0051186,GO:0051188,GO:0055086,GO:0065007,GO:0071704,GO:0072330,GO:0072521,GO:0072522,GO:0072524,GO:0072525,GO:0090407,GO:1901135,GO:1901137,GO:1901292,GO:1901293,GO:1901360,GO:1901361,GO:1901362,GO:1901564,GO:1901566,GO:1901575,GO:1901576"
tpiA,TIM,G,tpiA,Involved in the gluconeogenesis. Catalyzes stereospecifically the conversion of dihydroxyacetone phosphate (DHAP) to D-glyceraldehyde-3-phosphate (G3P),"GO:0003674,GO:0003824,GO:0004807,GO:0005575,GO:0005622,GO:0005623,GO:0005737,GO:0005829,GO:0005975,GO:0005996,GO:0006006,GO:0006066,GO:0006071,GO:0006081,GO:0006082,GO:0006090,GO:0006091,GO:0006094,GO:0006096,GO:0006139,GO:0006163,GO:0006164,GO:0006165,GO:0006725,GO:0006732,GO:0006733,GO:0006753,GO:0006754,GO:0006757,GO:0006793,GO:0006796,GO:0006807,GO:0008150,GO:0008152,GO:0009056,GO:0009058,GO:0009108,GO:0009117,GO:0009123,GO:0009124,GO:0009126,GO:0009127,GO:0009132,GO:0009135,GO:0009141,GO:0009142,GO:0009144,GO:0009145,GO:0009150,GO:0009152,GO:0009156,GO:0009161,GO:0009165,GO:0009166,GO:0009167,GO:0009168,GO:0009179,GO:0009185,GO:0009199,GO:0009201,GO:0009205,GO:0009206,GO:0009259,GO:0009260,GO:0009987,GO:0016051,GO:0016052,GO:0016053,GO:0016310,GO:0016853,GO:0016860,GO:0016861,GO:0017144,GO:0018130,GO:0019318,GO:0019319,GO:0019359,GO:0019362,GO:0019363,GO:0019400,GO:0019405,GO:0019438,GO:0019439,GO:0019563,GO:0019637,GO:0019682,GO:0019693,GO:0019751,GO:0019752,GO:0032787,GO:0034404,GO:0034641,GO:0034654,GO:0034655,GO:0042866,GO:0043436,GO:0044237,GO:0044238,GO:0044248,GO:0044249,GO:0044262,GO:0044270,GO:0044271,GO:0044275,GO:0044281,GO:0044282,GO:0044283,GO:0044424,GO:0044444,GO:0044464,GO:0046031,GO:0046034,GO:0046164,GO:0046166,GO:0046174,GO:0046184,GO:0046364,GO:0046390,GO:0046394,GO:0046434,GO:0046483,GO:0046496,GO:0046700,GO:0046939,GO:0051186,GO:0051188,GO:0055086,GO:0071704,GO:0072330,GO:0072521,GO:0072522,GO:0072524,GO:0072525,GO:0090407,GO:1901135,GO:1901137,GO:1901292,GO:1901293,GO:1901360,GO:1901361,GO:1901362,GO:1901564,GO:1901566,GO:1901575,GO:1901576,GO:1901615,GO:1901616"
pgk,PGK,F,pgk,Belongs to the phosphoglycerate kinase family,"GO:0001871,GO:0002020,GO:0003674,GO:0003824,GO:0004618,GO:0005488,GO:0005515,GO:0005575,GO:0005618,GO:0005622,GO:0005623,GO:0005737,GO:0005975,GO:0006082,GO:0006090,GO:0006091,GO:0006096,GO:0006139,GO:0006163,GO:0006164,GO:0006165,GO:0006725,GO:0006732,GO:0006733,GO:0006753,GO:0006754,GO:0006757,GO:0006793,GO:0006796,GO:0006807,GO:0008150,GO:0008152,GO:0009056,GO:0009058,GO:0009108,GO:0009117,GO:0009123,GO:0009124,GO:0009126,GO:0009127,GO:0009132,GO:0009135,GO:0009141,GO:0009142,GO:0009144,GO:0009145,GO:0009150,GO:0009152,GO:0009156,GO:0009161,GO:0009165,GO:0009166,GO:0009167,GO:0009168,GO:0009179,GO:0009185,GO:0009199,GO:0009201,GO:0009205,GO:0009206,GO:0009259,GO:0009260,GO:0009893,GO:0009986,GO:0009987,GO:0010468,GO:0010604,GO:0010628,GO:0010755,GO:0010756,GO:0010954,GO:0016052,GO:0016053,GO:0016301,GO:0016310,GO:0016740,GO:0016772,GO:0016774,GO:0017144,GO:0018130,GO:0019222,GO:0019359,GO:0019362,GO:0019363,GO:0019438,GO:0019439,GO:0019637,GO:0019693,GO:0019752,GO:0019899,GO:0030162,GO:0030193,GO:0030195,GO:0030246,GO:0030247,GO:0030312,GO:0031323,GO:0031325,GO:0032101,GO:0032102,GO:0032268,GO:0032270,GO:0032787,GO:0034404,GO:0034641,GO:0034654,GO:0034655,GO:0042866,GO:0043436,GO:0043532,GO:0044237,GO:0044238,GO:0044248,GO:0044249,GO:0044270,GO:0044271,GO:0044281,GO:0044283,GO:0044424,GO:0044464,GO:0045862,GO:0046031,GO:0046034,GO:0046390,GO:0046394,GO:0046434,GO:0046483,GO:0046496,GO:0046700,GO:0046939,GO:0048518,GO:0048519,GO:0048522,GO:0048583,GO:0048585,GO:0050789,GO:0050794,GO:0050818,GO:0050819,GO:0050878,GO:0051171,GO:0051173,GO:0051186,GO:0051188,GO:0051239,GO:0051241,GO:0051246,GO:0051247,GO:0051917,GO:0051919,GO:0055086,GO:0060255,GO:0061041,GO:0061045,GO:0065007,GO:0065008,GO:0070613,GO:0071704,GO:0071944,GO:0072330,GO:0072521,GO:0072522,GO:0072524,GO:0072525,GO:0080090,GO:0080134,GO:0090407,GO:1900046,GO:1900047,GO:1901135,GO:1901137,GO:1901292,GO:1901293,GO:1901360,GO:1901361,GO:1901362,GO:1901564,GO:1901566,GO:1901575,GO:1901576,GO:1903034,GO:1903035,GO:1903317,GO:1903319,GO:2001065"
gapA1,"Gp_dh_C,Gp_dh_N",G,gap,Belongs to the glyceraldehyde-3-phosphate dehydrogenase family,"GO:0000166,GO:0002020,GO:0003674,GO:0003824,GO:0004365,GO:0005488,GO:0005515,GO:0005575,GO:0005622,GO:0005623,GO:0005737,GO:0006139,GO:0006725,GO:0006732,GO:0006733,GO:0006734,GO:0006735,GO:0006753,GO:0006793,GO:0006796,GO:0006807,GO:0008150,GO:0008152,GO:0009117,GO:0009987,GO:0016491,GO:0016620,GO:0016903,GO:0019362,GO:0019637,GO:0019674,GO:0019899,GO:0034641,GO:0036094,GO:0043891,GO:0044237,GO:0044238,GO:0044281,GO:0044424,GO:0044464,GO:0046483,GO:0046496,GO:0048037,GO:0050662,GO:0051186,GO:0051287,GO:0055086,GO:0055114,GO:0071704,GO:0072524,GO:0097159,GO:1901265,GO:1901360,GO:1901363,GO:1901564"
cggR,Sugar-bind,K,cggR,"COG2390 Transcriptional regulator, contains sigma factor-related N-terminal domain",-
group_3094,"DUF1731,Epimerase",S,yfhF,epimerase dehydratase family,-
clpP_1~~~clpP~~~clpP_3,CLP_protease,OU,clpP,Cleaves peptides in various proteins in a process that requires ATP hydrolysis. Has a chymotrypsin-like activity. Plays a major role in the degradation of misfolded proteins,"GO:0003674,GO:0003824,GO:0004176,GO:0005488,GO:0005515,GO:0006355,GO:0006508,GO:0006515,GO:0006807,GO:0008150,GO:0008152,GO:0008233,GO:0009056,GO:0009057,GO:0009889,GO:0009890,GO:0009892,GO:0009987,GO:0010468,GO:0010556,GO:0010558,GO:0010605,GO:0010629,GO:0016462,GO:0016787,GO:0016817,GO:0016818,GO:0016887,GO:0017111,GO:0019219,GO:0019222,GO:0019538,GO:0030163,GO:0031323,GO:0031324,GO:0031326,GO:0031327,GO:0042623,GO:0042802,GO:0043170,GO:0044237,GO:0044238,GO:0044248,GO:0044257,GO:0044260,GO:0044265,GO:0044267,GO:0045892,GO:0045934,GO:0048519,GO:0048523,GO:0050789,GO:0050794,GO:0051171,GO:0051172,GO:0051252,GO:0051253,GO:0051603,GO:0060255,GO:0065007,GO:0070011,GO:0071704,GO:0080090,GO:0140096,GO:1901564,GO:1901565,GO:1901575,GO:1902679,GO:1903506,GO:1903507,GO:2000112,GO:2000113,GO:2001141"
whiA~~~whiA_1~~~whiA_2,"HTH_WhiA,LAGLIDADG_WhiA,WhiA_N",K,whiA,May be required for sporulation,"GO:0008150,GO:0043937,GO:0050789,GO:0050793,GO:0065007"
aph2Ia_1~~~aph2Ia,"APH,Acetyltransf_8",F,-,"Involved in resistance to gentamicin, tobramycin, and kanamycin. Tobramycin and kanamycin resistance is due to the ACC activity, specified by N-terminal region. The C-terminal region is a kinase that phosphorylates several 4,6-disubstituted aminoglycosides",-
group_1185,Acetyltransf_1,K,-,FR47-like protein,-
group_423,SAUGI,S,-,Pfam:DUF950,-
group_1050,YolD,S,-,YolD-like protein,-
tcaA_2~~~tcaA_1,-,S,-,response to antibiotic,-
group_1051,-,-,-,-,-
group_2996,-,S,-,Protein conserved in bacteria,-
group_2175,Asp23,S,asp23,Alkaline shock protein 23,-
group_1623,"HTH_7,Resolvase",L,-,"Resolvase, N terminal domain",-
group_1186,RepL,K,-,Firmicute plasmid replication protein (RepL),-
lspA,Peptidase_A8,MU,lspA,This protein specifically catalyzes the removal of signal peptides from prolipoproteins,"GO:0005575,GO:0005623,GO:0005886,GO:0016020,GO:0044464,GO:0071944"
rluD_2~~~rluD_1~~~rluD,"PseudoU_synth_2,S4",J,rluD,Responsible for synthesis of pseudouridine from uracil,"GO:0000154,GO:0000455,GO:0001522,GO:0003674,GO:0003824,GO:0005575,GO:0005622,GO:0005623,GO:0005737,GO:0005829,GO:0006139,GO:0006364,GO:0006396,GO:0006725,GO:0006807,GO:0008150,GO:0008152,GO:0009451,GO:0009982,GO:0009987,GO:0010467,GO:0016070,GO:0016072,GO:0016853,GO:0016866,GO:0022613,GO:0031118,GO:0034470,GO:0034641,GO:0034660,GO:0042254,GO:0043170,GO:0043412,GO:0044085,GO:0044237,GO:0044238,GO:0044424,GO:0044444,GO:0044464,GO:0046483,GO:0071704,GO:0071840,GO:0090304,GO:1901360"
pyrR,Pribosyltran,F,pyrR,Belongs to the purine pyrimidine phosphoribosyltransferase family. PyrR subfamily,"GO:0003674,GO:0003700,GO:0006139,GO:0006220,GO:0006221,GO:0006355,GO:0006725,GO:0006753,GO:0006793,GO:0006796,GO:0006807,GO:0008150,GO:0008152,GO:0009058,GO:0009117,GO:0009165,GO:0009218,GO:0009220,GO:0009259,GO:0009260,GO:0009889,GO:0009987,GO:0010468,GO:0010556,GO:0018130,GO:0019219,GO:0019222,GO:0019438,GO:0019637,GO:0019693,GO:0031323,GO:0031326,GO:0034641,GO:0034654,GO:0044237,GO:0044238,GO:0044249,GO:0044271,GO:0044281,GO:0046390,GO:0046483,GO:0050789,GO:0050794,GO:0051171,GO:0051252,GO:0055086,GO:0060255,GO:0065007,GO:0071704,GO:0072527,GO:0072528,GO:0080090,GO:0090407,GO:0140110,GO:1901135,GO:1901137,GO:1901293,GO:1901360,GO:1901362,GO:1901564,GO:1901566,GO:1901576,GO:1903506,GO:2000112,GO:2001141"
pyrP,Xan_ur_permease,F,pyrP,Permease family,-
pyrC,Amidohydro_1,F,pyrC,Belongs to the metallo-dependent hydrolases superfamily. DHOase family. Class I DHOase subfamily,"GO:0003674,GO:0003824,GO:0004038,GO:0004151,GO:0005575,GO:0005622,GO:0005623,GO:0005737,GO:0006139,GO:0006144,GO:0006145,GO:0006220,GO:0006221,GO:0006725,GO:0006753,GO:0006793,GO:0006796,GO:0006807,GO:0008150,GO:0008152,GO:0009056,GO:0009058,GO:0009112,GO:0009117,GO:0009165,GO:0009218,GO:0009220,GO:0009259,GO:0009260,GO:0009987,GO:0016787,GO:0016810,GO:0016812,GO:0018130,GO:0019438,GO:0019439,GO:0019637,GO:0019693,GO:0034641,GO:0034654,GO:0044237,GO:0044238,GO:0044248,GO:0044249,GO:0044270,GO:0044271,GO:0044281,GO:0044424,GO:0044464,GO:0046113,GO:0046390,GO:0046483,GO:0046700,GO:0055086,GO:0071704,GO:0072521,GO:0072523,GO:0072527,GO:0072528,GO:0090407,GO:1901135,GO:1901137,GO:1901293,GO:1901360,GO:1901361,GO:1901362,GO:1901564,GO:1901565,GO:1901566,GO:1901575,GO:1901576"
carA_2~~~carA_1,"CPSase_sm_chain,GATase",F,carA,Belongs to the CarA family,"GO:0000050,GO:0005575,GO:0005622,GO:0005623,GO:0005737,GO:0005951,GO:0006082,GO:0006520,GO:0006525,GO:0006526,GO:0006807,GO:0008150,GO:0008152,GO:0008652,GO:0009058,GO:0009064,GO:0009084,GO:0009987,GO:0016053,GO:0019627,GO:0019752,GO:0032991,GO:0034641,GO:0043436,GO:0043603,GO:0043604,GO:0044237,GO:0044238,GO:0044249,GO:0044271,GO:0044281,GO:0044283,GO:0044424,GO:0044444,GO:0044464,GO:0046394,GO:0071704,GO:0071941,GO:1901564,GO:1901566,GO:1901576,GO:1901605,GO:1901607,GO:1902494"
carB~~~carB_1,"CPSase_L_D2,CPSase_L_D3,MGS",F,carB,Carbamoyl-phosphate synthetase ammonia chain,"GO:0000050,GO:0003674,GO:0003824,GO:0004087,GO:0004088,GO:0005575,GO:0005622,GO:0005623,GO:0005737,GO:0006082,GO:0006520,GO:0006525,GO:0006526,GO:0006807,GO:0008150,GO:0008152,GO:0008652,GO:0009058,GO:0009064,GO:0009084,GO:0009987,GO:0016053,GO:0016874,GO:0016879,GO:0016884,GO:0019627,GO:0019752,GO:0034641,GO:0043436,GO:0043603,GO:0043604,GO:0044237,GO:0044238,GO:0044249,GO:0044271,GO:0044281,GO:0044283,GO:0044424,GO:0044464,GO:0046394,GO:0071704,GO:0071941,GO:1901564,GO:1901566,GO:1901576,GO:1901605,GO:1901607"
pyrF,OMPdecase,F,pyrF,Catalyzes the decarboxylation of orotidine 5'- monophosphate (OMP) to uridine 5'-monophosphate (UMP),"GO:0003674,GO:0003824,GO:0004590,GO:0005488,GO:0005515,GO:0005575,GO:0005622,GO:0005623,GO:0005737,GO:0005829,GO:0006139,GO:0006206,GO:0006207,GO:0006220,GO:0006221,GO:0006725,GO:0006753,GO:0006793,GO:0006796,GO:0006807,GO:0008150,GO:0008152,GO:0009058,GO:0009112,GO:0009117,GO:0009165,GO:0009218,GO:0009220,GO:0009259,GO:0009260,GO:0009987,GO:0016829,GO:0016830,GO:0016831,GO:0018130,GO:0019438,GO:0019637,GO:0019693,GO:0019856,GO:0034641,GO:0034654,GO:0042802,GO:0044237,GO:0044238,GO:0044249,GO:0044271,GO:0044281,GO:0044424,GO:0044444,GO:0044464,GO:0046112,GO:0046390,GO:0046483,GO:0055086,GO:0071704,GO:0072527,GO:0072528,GO:0090407,GO:1901135,GO:1901137,GO:1901293,GO:1901360,GO:1901362,GO:1901564,GO:1901566,GO:1901576"
pyrE,Pribosyltran,F,pyrE,"Catalyzes the transfer of a ribosyl phosphate group from 5-phosphoribose 1-diphosphate to orotate, leading to the formation of orotidine monophosphate (OMP)",-
rqcH,"DUF814,FbpA",K,FbpA,RNA-binding protein homologous to eukaryotic snRNP,-
gmk,Guanylate_kin,F,gmk,"Essential for recycling GMP and indirectly, cGMP","GO:0003674,GO:0003824,GO:0004385,GO:0005575,GO:0005622,GO:0005623,GO:0005737,GO:0005829,GO:0006139,GO:0006163,GO:0006725,GO:0006753,GO:0006793,GO:0006796,GO:0006807,GO:0008150,GO:0008152,GO:0009058,GO:0009116,GO:0009117,GO:0009119,GO:0009123,GO:0009126,GO:0009132,GO:0009135,GO:0009150,GO:0009161,GO:0009165,GO:0009167,GO:0009179,GO:0009185,GO:0009259,GO:0009987,GO:0016301,GO:0016310,GO:0016740,GO:0016772,GO:0016776,GO:0018130,GO:0019205,GO:0019438,GO:0019637,GO:0019693,GO:0034641,GO:0034654,GO:0042278,GO:0044237,GO:0044238,GO:0044249,GO:0044271,GO:0044281,GO:0044424,GO:0044444,GO:0044464,GO:0046037,GO:0046128,GO:0046483,GO:0046710,GO:0046940,GO:0050145,GO:0055086,GO:0071704,GO:0072521,GO:0090407,GO:1901068,GO:1901135,GO:1901293,GO:1901360,GO:1901362,GO:1901564,GO:1901576,GO:1901657"
rpoZ,RNA_pol_Rpb6,K,rpoZ,Promotes RNA polymerase assembly. Latches the N- and C- terminal regions of the beta' subunit thereby facilitating its interaction with the beta and alpha subunits,-
coaBC~~~coaBC_1~~~coaBC_2,"DFP,Flavoprotein",H,coaBC,"Catalyzes two steps in the biosynthesis of coenzyme A. In the first step cysteine is conjugated to 4'-phosphopantothenate to form 4-phosphopantothenoylcysteine, in the latter compound is decarboxylated to form 4'-phosphopantotheine",-
priA,"DEAD,Helicase_C,ResIII",L,priA,"Involved in the restart of stalled replication forks. Recognizes and binds the arrested nascent DNA chain at stalled replication forks. It can open the DNA duplex, via its helicase activity, and promote assembly of the primosome and loading of the major replicative helicase DnaB onto DNA","GO:0003674,GO:0003678,GO:0003824,GO:0004003,GO:0004386,GO:0006139,GO:0006259,GO:0006260,GO:0006261,GO:0006268,GO:0006270,GO:0006281,GO:0006302,GO:0006310,GO:0006725,GO:0006807,GO:0006950,GO:0006974,GO:0006996,GO:0008026,GO:0008094,GO:0008150,GO:0008152,GO:0009058,GO:0009059,GO:0009987,GO:0016043,GO:0016462,GO:0016787,GO:0016817,GO:0016818,GO:0016887,GO:0017111,GO:0032392,GO:0032508,GO:0033554,GO:0034641,GO:0034645,GO:0042623,GO:0043138,GO:0043140,GO:0043170,GO:0044237,GO:0044238,GO:0044249,GO:0044260,GO:0046483,GO:0050896,GO:0051276,GO:0051716,GO:0070035,GO:0071103,GO:0071704,GO:0071840,GO:0090304,GO:0140097,GO:1901360,GO:1901576"
fmt,"Formyl_trans_C,Formyl_trans_N",J,fmt,Attaches a formyl group to the free amino group of methionyl-tRNA(fMet). The formyl group appears to play a dual role in the initiator identity of N-formylmethionyl-tRNA by promoting its recognition by IF2 and preventing the misappropriation of this tRNA by the elongation apparatus,"GO:0003674,GO:0003824,GO:0004479,GO:0006139,GO:0006396,GO:0006399,GO:0006400,GO:0006412,GO:0006413,GO:0006464,GO:0006518,GO:0006725,GO:0006807,GO:0008033,GO:0008150,GO:0008152,GO:0009058,GO:0009059,GO:0009451,GO:0009987,GO:0010467,GO:0016070,GO:0016740,GO:0016741,GO:0016742,GO:0019538,GO:0019988,GO:0034470,GO:0034641,GO:0034645,GO:0034660,GO:0036211,GO:0043043,GO:0043170,GO:0043412,GO:0043603,GO:0043604,GO:0044237,GO:0044238,GO:0044249,GO:0044260,GO:0044267,GO:0044271,GO:0046483,GO:0071704,GO:0071951,GO:0090304,GO:0140098,GO:0140101,GO:1901360,GO:1901564,GO:1901566,GO:1901576"
rsmB~~~nusB_1,"Methyltr_RsmB-F,Methyltr_RsmF_N,NusB",J,sun,Specifically methylates the cytosine at position 967 (m5C967) of 16S rRNA,"GO:0000154,GO:0001510,GO:0003674,GO:0003824,GO:0005575,GO:0005622,GO:0005623,GO:0005737,GO:0005829,GO:0006139,GO:0006364,GO:0006396,GO:0006725,GO:0006807,GO:0008150,GO:0008152,GO:0008168,GO:0008169,GO:0008173,GO:0008649,GO:0008757,GO:0009383,GO:0009451,GO:0009987,GO:0010467,GO:0016070,GO:0016072,GO:0016434,GO:0016740,GO:0016741,GO:0022613,GO:0031167,GO:0032259,GO:0034470,GO:0034641,GO:0034660,GO:0042254,GO:0043170,GO:0043412,GO:0043414,GO:0044085,GO:0044237,GO:0044238,GO:0044260,GO:0044424,GO:0044444,GO:0044464,GO:0046483,GO:0070475,GO:0071704,GO:0071840,GO:0090304,GO:0140098,GO:0140102,GO:1901360"
rlmN_1~~~rlmN~~~rlmN_2,"Fer4_14,Radical_SAM",J,rlmN,Specifically methylates position 2 of adenine 2503 in 23S rRNA and position 2 of adenine 37 in tRNAs,"GO:0000154,GO:0001510,GO:0003674,GO:0003824,GO:0006139,GO:0006364,GO:0006396,GO:0006399,GO:0006400,GO:0006725,GO:0006807,GO:0008033,GO:0008150,GO:0008152,GO:0008168,GO:0008173,GO:0008175,GO:0008649,GO:0008757,GO:0009451,GO:0009987,GO:0010467,GO:0016070,GO:0016072,GO:0016740,GO:0016741,GO:0022613,GO:0030488,GO:0031167,GO:0032259,GO:0034470,GO:0034641,GO:0034660,GO:0042254,GO:0043170,GO:0043412,GO:0043414,GO:0044085,GO:0044237,GO:0044238,GO:0044260,GO:0046483,GO:0070475,GO:0071704,GO:0071840,GO:0090304,GO:0140098,GO:0140101,GO:0140102,GO:1901360"
stp,"PP2C,PP2C_2",T,stp,phosphatase,-
prkC~~~prkC_1~~~prkC_2,"PASTA,Pkinase",KLT,prkC,Serine threonine protein kinase,"GO:0002237,GO:0003674,GO:0003824,GO:0004672,GO:0004674,GO:0005488,GO:0005539,GO:0005575,GO:0005623,GO:0005886,GO:0006464,GO:0006468,GO:0006793,GO:0006796,GO:0006807,GO:0007154,GO:0007165,GO:0008150,GO:0008152,GO:0009605,GO:0009607,GO:0009617,GO:0009719,GO:0009847,GO:0009987,GO:0010033,GO:0010243,GO:0016020,GO:0016301,GO:0016310,GO:0016740,GO:0016772,GO:0016773,GO:0019538,GO:0023052,GO:0032494,GO:0032502,GO:0036211,GO:0042221,GO:0042834,GO:0043170,GO:0043207,GO:0043412,GO:0044237,GO:0044238,GO:0044260,GO:0044267,GO:0044464,GO:0050789,GO:0050794,GO:0050896,GO:0051704,GO:0051707,GO:0051716,GO:0065007,GO:0070887,GO:0071216,GO:0071219,GO:0071224,GO:0071310,GO:0071417,GO:0071495,GO:0071704,GO:0071944,GO:0097367,GO:0140096,GO:1901564,GO:1901698,GO:1901699,GO:1901700,GO:1901701"
rsgA,"RsgA_GTPase,RsgA_N",S,rsgA,"One of several proteins that assist in the late maturation steps of the functional core of the 30S ribosomal subunit. Helps release RbfA from mature subunits. May play a role in the assembly of ribosomal proteins into the subunit. Circularly permuted GTPase that catalyzes slow GTP hydrolysis, GTPase activity is stimulated by the 30S ribosomal subunit",-
rpe,Ribul_P_3_epim,G,rpe,Belongs to the ribulose-phosphate 3-epimerase family,"GO:0003674,GO:0003824,GO:0004750,GO:0005488,GO:0005575,GO:0005622,GO:0005623,GO:0005737,GO:0005829,GO:0005975,GO:0005996,GO:0006081,GO:0006098,GO:0006139,GO:0006725,GO:0006732,GO:0006733,GO:0006739,GO:0006753,GO:0006793,GO:0006796,GO:0006807,GO:0008150,GO:0008152,GO:0009052,GO:0009056,GO:0009117,GO:0009987,GO:0016052,GO:0016853,GO:0016854,GO:0016857,GO:0019321,GO:0019323,GO:0019362,GO:0019637,GO:0019682,GO:0019693,GO:0034641,GO:0043167,GO:0043169,GO:0044237,GO:0044238,GO:0044262,GO:0044281,GO:0044282,GO:0044424,GO:0044444,GO:0044464,GO:0046365,GO:0046483,GO:0046496,GO:0046872,GO:0051156,GO:0051186,GO:0055086,GO:0071704,GO:0072524,GO:1901135,GO:1901360,GO:1901564,GO:1901575"
rpmB,Ribosomal_L28,J,rpmB,Belongs to the bacterial ribosomal protein bL28 family,-
group_2177,Asp23,S,yloU,"Asp23 family, cell envelope-related function",-
recG,"DEAD,Helicase_C,RecG_wedge",L,recG,Critical role in recombination and DNA repair. Helps process Holliday junction intermediates to mature products by catalyzing branch migration. Has a DNA unwinding activity characteristic of a DNA helicase with a 3'- to 5'- polarity. Unwinds branched duplex DNA (Y-DNA),"GO:0003674,GO:0003724,GO:0003824,GO:0004004,GO:0004386,GO:0005575,GO:0005622,GO:0005623,GO:0005737,GO:0006139,GO:0006725,GO:0006807,GO:0008026,GO:0008150,GO:0008152,GO:0008186,GO:0009987,GO:0010501,GO:0016070,GO:0016462,GO:0016787,GO:0016817,GO:0016818,GO:0016887,GO:0017111,GO:0034641,GO:0042623,GO:0043170,GO:0044237,GO:0044238,GO:0044424,GO:0044464,GO:0046483,GO:0070035,GO:0071704,GO:0090304,GO:0140098,GO:1901360"
plsX~~~plsX_2~~~plsX_1,FA_synthesis,I,plsX,"Catalyzes the reversible formation of acyl-phosphate (acyl-PO(4)) from acyl- acyl-carrier-protein (acyl-ACP). This enzyme utilizes acyl-ACP as fatty acyl donor, but not acyl-CoA","GO:0005575,GO:0005622,GO:0005623,GO:0005737,GO:0044424,GO:0044464"
fabD,Acyl_transf_1,I,fabD,Malonyl CoA-acyl carrier protein transacylase,-
fabG,adh_short_C2,IQ,fabG,reductase,"GO:0000166,GO:0003674,GO:0003824,GO:0004312,GO:0004316,GO:0005488,GO:0006082,GO:0006629,GO:0006631,GO:0006633,GO:0008150,GO:0008152,GO:0008610,GO:0009058,GO:0009987,GO:0016053,GO:0016491,GO:0016614,GO:0016616,GO:0016740,GO:0016746,GO:0016747,GO:0019752,GO:0030497,GO:0032787,GO:0036094,GO:0043436,GO:0044237,GO:0044238,GO:0044249,GO:0044255,GO:0044281,GO:0044283,GO:0046394,GO:0048037,GO:0050661,GO:0050662,GO:0055114,GO:0071704,GO:0072330,GO:0097159,GO:1901265,GO:1901363,GO:1901576"
acpP,PP-binding,IQ,acpP,Carrier of the growing fatty acid chain in fatty acid biosynthesis,"GO:0000035,GO:0000036,GO:0003674,GO:0005488,GO:0005575,GO:0005622,GO:0005623,GO:0005737,GO:0005829,GO:0005975,GO:0006082,GO:0006629,GO:0006631,GO:0006633,GO:0006643,GO:0006644,GO:0006664,GO:0006793,GO:0006796,GO:0008150,GO:0008152,GO:0008610,GO:0008654,GO:0009058,GO:0009245,GO:0009247,GO:0009311,GO:0009312,GO:0009987,GO:0016051,GO:0016053,GO:0019637,GO:0019752,GO:0019842,GO:0031177,GO:0032787,GO:0033218,GO:0036094,GO:0043167,GO:0043168,GO:0043436,GO:0044237,GO:0044238,GO:0044249,GO:0044255,GO:0044281,GO:0044283,GO:0044424,GO:0044444,GO:0044464,GO:0044620,GO:0046394,GO:0046467,GO:0046493,GO:0048037,GO:0051192,GO:0071704,GO:0072330,GO:0072341,GO:0090407,GO:0140104,GO:1901135,GO:1901137,GO:1901269,GO:1901271,GO:1901576,GO:1903509"
rnc~~~rnc_1~~~rnc_2,"Ribonucleas_3_3,dsrm",J,rnc,"Digests double-stranded RNA. Involved in the processing of primary rRNA transcript to yield the immediate precursors to the large and small rRNAs (23S and 16S). Processes some mRNAs, and tRNAs when they are encoded in the rRNA operon. Processes pre- crRNA and tracrRNA of type II CRISPR loci if present in the organism","GO:0003674,GO:0003676,GO:0003723,GO:0003725,GO:0003824,GO:0004518,GO:0004519,GO:0004521,GO:0004525,GO:0004540,GO:0005488,GO:0006139,GO:0006396,GO:0006725,GO:0006807,GO:0008150,GO:0008152,GO:0009987,GO:0010467,GO:0016070,GO:0016787,GO:0016788,GO:0016891,GO:0016893,GO:0032296,GO:0034641,GO:0043170,GO:0044237,GO:0044238,GO:0046483,GO:0071704,GO:0090304,GO:0090305,GO:0090501,GO:0090502,GO:0097159,GO:0140098,GO:1901360,GO:1901363"
ftsY,"SRP54,SRP54_N",U,ftsY,Involved in targeting and insertion of nascent membrane proteins into the cytoplasmic membrane. Acts as a receptor for the complex formed by the signal recognition particle (SRP) and the ribosome-nascent chain (RNC),-
group_2179,UPF0122,S,ylxM,Might take part in the signal recognition particle (SRP) pathway. This is inferred from the conservation of its genetic proximity to ftsY ffh. May be a regulatory protein,"GO:0003674,GO:0008150,GO:0030234,GO:0030695,GO:0050790,GO:0060589,GO:0065007,GO:0065009,GO:0098772"
ffh,"SRP54,SRP54_N,SRP_SPB",U,ffh,Involved in targeting and insertion of nascent membrane proteins into the cytoplasmic membrane. Binds to the hydrophobic signal sequence of the ribosome-nascent chain (RNC) as it emerges from the ribosomes. The SRP-RNC complex is then targeted to the cytoplasmic membrane where it interacts with the SRP receptor FtsY,-
trmD,tRNA_m1G_MT,J,trmD,Belongs to the RNA methyltransferase TrmD family,"GO:0001510,GO:0003674,GO:0003824,GO:0006139,GO:0006396,GO:0006399,GO:0006400,GO:0006725,GO:0006807,GO:0008033,GO:0008150,GO:0008152,GO:0008168,GO:0008173,GO:0008175,GO:0008757,GO:0009019,GO:0009451,GO:0009987,GO:0010467,GO:0016070,GO:0016423,GO:0016740,GO:0016741,GO:0016772,GO:0016779,GO:0030488,GO:0032259,GO:0034470,GO:0034641,GO:0034660,GO:0043170,GO:0043412,GO:0043414,GO:0044237,GO:0044238,GO:0044260,GO:0046483,GO:0050518,GO:0070567,GO:0071704,GO:0090304,GO:0140098,GO:0140101,GO:1901360"
rplS,Ribosomal_L19,J,rplS,This protein is located at the 30S-50S ribosomal subunit interface and may play a role in the structure and function of the aminoacyl-tRNA binding site,"GO:0003674,GO:0003735,GO:0005198,GO:0005575,GO:0005622,GO:0005623,GO:0005737,GO:0005829,GO:0005840,GO:0015934,GO:0022625,GO:0022626,GO:0032991,GO:0043226,GO:0043228,GO:0043229,GO:0043232,GO:0044391,GO:0044422,GO:0044424,GO:0044444,GO:0044445,GO:0044446,GO:0044464,GO:1990904"
sucC~~~sucC_1~~~sucC_2,"ATP-grasp_2,Ligase_CoA",F,sucC,"Succinyl-CoA synthetase functions in the citric acid cycle (TCA), coupling the hydrolysis of succinyl-CoA to the synthesis of either ATP or GTP and thus represents the only step of substrate-level phosphorylation in the TCA. The beta subunit provides nucleotide specificity of the enzyme and binds the substrate succinate, while the binding sites for coenzyme A and phosphate are found in the alpha subunit","GO:0003674,GO:0003824,GO:0004774,GO:0004775,GO:0006082,GO:0006091,GO:0006099,GO:0006101,GO:0008150,GO:0008152,GO:0009060,GO:0009987,GO:0015980,GO:0016874,GO:0016877,GO:0016878,GO:0016999,GO:0017144,GO:0019752,GO:0043436,GO:0044237,GO:0044238,GO:0044281,GO:0045333,GO:0055114,GO:0071704,GO:0072350"
sucD,"CoA_binding,Ligase_CoA",C,sucD,"Succinyl-CoA synthetase functions in the citric acid cycle (TCA), coupling the hydrolysis of succinyl-CoA to the synthesis of either ATP or GTP and thus represents the only step of substrate-level phosphorylation in the TCA. The alpha subunit of the enzyme binds the substrates coenzyme A and phosphate, while succinate binding and nucleotide specificity is provided by the beta subunit",-
femA_3~~~femB_2~~~femA_1~~~femB_1~~~femA_4~~~femA_2,FemAB,V,-,protein involved in methicillin resistance,-
topA,"Topoisom_bac,Toprim,zf-C4_Topoisom",L,topA,"Releases the supercoiling and torsional tension of DNA, which is introduced during the DNA replication and transcription, by transiently cleaving and rejoining one strand of the DNA duplex. Introduces a single-strand break via transesterification at a target site in duplex DNA. The scissile phosphodiester is attacked by the catalytic tyrosine of the enzyme, resulting in the formation of a DNA-(5'-phosphotyrosyl)-enzyme intermediate and the expulsion of a 3'-OH DNA strand. The free DNA strand then undergoes passage around the unbroken strand, thus removing DNA supercoils. Finally, in the religation step, the DNA 3'-OH attacks the covalent intermediate to expel the active-site tyrosine and restore the DNA phosphodiester backbone",-
trmFO_2~~~trmFO_1~~~trmFO,GIDA,J,trmFO,Catalyzes the folate-dependent formation of 5-methyl- uridine at position 54 (M-5-U54) in all tRNAs,"GO:0000166,GO:0001510,GO:0002097,GO:0002098,GO:0003674,GO:0005488,GO:0005575,GO:0005622,GO:0005623,GO:0005737,GO:0005829,GO:0006139,GO:0006396,GO:0006399,GO:0006400,GO:0006725,GO:0006807,GO:0008033,GO:0008150,GO:0008152,GO:0009451,GO:0009987,GO:0010467,GO:0016070,GO:0030488,GO:0032259,GO:0034470,GO:0034641,GO:0034660,GO:0036094,GO:0043167,GO:0043168,GO:0043170,GO:0043412,GO:0043414,GO:0044237,GO:0044238,GO:0044260,GO:0044424,GO:0044444,GO:0044464,GO:0046483,GO:0048037,GO:0050660,GO:0050662,GO:0071704,GO:0090304,GO:0097159,GO:1901265,GO:1901360,GO:1901363"
xerC_3~~~xerC_2~~~xerC_1~~~xerC_5~~~xerC_4,"Phage_int_SAM_1,Phage_integrase",D,xerC,"Site-specific tyrosine recombinase, which acts by catalyzing the cutting and rejoining of the recombining DNA molecules. The XerC-XerD complex is essential to convert dimers of the bacterial chromosome into monomers to permit their segregation at cell division. It also contributes to the segregational stability of plasmids",-
hslV,Proteasome,O,hslV,Protease subunit of a proteasome-like degradation complex believed to be a general protein degrading machinery,-
hslU~~~hslU_1~~~hslU_2,"AAA_2,ClpB_D2-small",O,hslU,this subunit has chaperone activity. The binding of ATP and its subsequent hydrolysis by HslU are essential for unfolding of protein substrates subsequently hydrolyzed by HslV. HslU recognizes the N-terminal part of its protein substrates and unfolds these before they are guided to HslV for hydrolysis,-
codY~~~codY_2~~~codY_1,"CodY,HTH_CodY",K,codY,DNA-binding protein that represses the expression of many genes that are induced as cells make the transition from rapid exponential growth to stationary phase. It is a GTP-binding protein that senses the intracellular GTP concentration as an indicator of nutritional limitations. At low GTP concentration it no longer binds GTP and stop to act as a transcriptional repressor,"GO:0000976,GO:0001067,GO:0001130,GO:0001216,GO:0001217,GO:0003674,GO:0003676,GO:0003677,GO:0003690,GO:0003700,GO:0005488,GO:0005575,GO:0005622,GO:0005623,GO:0005737,GO:0006355,GO:0008150,GO:0009889,GO:0009890,GO:0009891,GO:0009892,GO:0009893,GO:0010468,GO:0010556,GO:0010557,GO:0010558,GO:0010604,GO:0010605,GO:0010628,GO:0010629,GO:0019219,GO:0019222,GO:0031323,GO:0031324,GO:0031325,GO:0031326,GO:0031327,GO:0031328,GO:0032991,GO:0032993,GO:0043565,GO:0044212,GO:0044424,GO:0044464,GO:0045892,GO:0045893,GO:0045934,GO:0045935,GO:0048518,GO:0048519,GO:0048522,GO:0048523,GO:0050789,GO:0050794,GO:0051171,GO:0051172,GO:0051173,GO:0051252,GO:0051253,GO:0051254,GO:0060255,GO:0065007,GO:0080090,GO:0097159,GO:0140110,GO:1901363,GO:1902679,GO:1902680,GO:1903506,GO:1903507,GO:1903508,GO:1990837,GO:2000112,GO:2000113,GO:2001141"
rpsB,Ribosomal_S2,J,rpsB,Belongs to the universal ribosomal protein uS2 family,"GO:0003674,GO:0003735,GO:0005198,GO:0005575,GO:0005622,GO:0005623,GO:0005737,GO:0005829,GO:0005840,GO:0006412,GO:0006518,GO:0006807,GO:0008150,GO:0008152,GO:0009058,GO:0009059,GO:0009987,GO:0010467,GO:0015935,GO:0019538,GO:0022626,GO:0022627,GO:0032991,GO:0034641,GO:0034645,GO:0043043,GO:0043170,GO:0043226,GO:0043228,GO:0043229,GO:0043232,GO:0043603,GO:0043604,GO:0044237,GO:0044238,GO:0044249,GO:0044260,GO:0044267,GO:0044271,GO:0044391,GO:0044422,GO:0044424,GO:0044444,GO:0044445,GO:0044446,GO:0044464,GO:0071704,GO:1901564,GO:1901566,GO:1901576,GO:1990904"
tsf,EF_TS,J,tsf,Associates with the EF-Tu.GDP complex and induces the exchange of GDP to GTP. It remains bound to the aminoacyl-tRNA.EF- Tu.GTP complex up to the GTP hydrolysis stage on the ribosome,"GO:0001871,GO:0003674,GO:0003676,GO:0003723,GO:0003746,GO:0005488,GO:0005575,GO:0005623,GO:0006412,GO:0006414,GO:0006518,GO:0006807,GO:0008135,GO:0008150,GO:0008152,GO:0009058,GO:0009059,GO:0009986,GO:0009987,GO:0010467,GO:0019538,GO:0030246,GO:0030247,GO:0034641,GO:0034645,GO:0043043,GO:0043170,GO:0043603,GO:0043604,GO:0044237,GO:0044238,GO:0044249,GO:0044260,GO:0044267,GO:0044271,GO:0044464,GO:0071704,GO:0097159,GO:1901363,GO:1901564,GO:1901566,GO:1901576,GO:2001065"
pyrH,AA_kinase,F,pyrH,Catalyzes the reversible phosphorylation of UMP to UDP,-
frr,RRF,J,frr,Responsible for the release of ribosomes from messenger RNA at the termination of protein biosynthesis. May increase the efficiency of translation by recycling ribosomes from one round of translation to another,"GO:0002181,GO:0002184,GO:0003674,GO:0005488,GO:0005575,GO:0005622,GO:0005623,GO:0005737,GO:0006412,GO:0006415,GO:0006518,GO:0006807,GO:0008150,GO:0008152,GO:0009058,GO:0009059,GO:0009987,GO:0010467,GO:0016043,GO:0019538,GO:0022411,GO:0032984,GO:0034641,GO:0034645,GO:0043021,GO:0043023,GO:0043043,GO:0043170,GO:0043603,GO:0043604,GO:0043624,GO:0043933,GO:0044237,GO:0044238,GO:0044249,GO:0044260,GO:0044267,GO:0044271,GO:0044424,GO:0044464,GO:0044877,GO:0071704,GO:0071840,GO:1901564,GO:1901566,GO:1901576"
uppS,Prenyltransf,H,uppS,Catalyzes the condensation of isopentenyl diphosphate (IPP) with allylic pyrophosphates generating different type of terpenoids,"GO:0002094,GO:0003674,GO:0003824,GO:0004659,GO:0005575,GO:0005622,GO:0005623,GO:0005737,GO:0005829,GO:0006066,GO:0006629,GO:0006720,GO:0008150,GO:0008152,GO:0008299,GO:0008610,GO:0009058,GO:0009987,GO:0016093,GO:0016094,GO:0016740,GO:0016765,GO:0044237,GO:0044238,GO:0044249,GO:0044255,GO:0044281,GO:0044283,GO:0044424,GO:0044444,GO:0044464,GO:0046165,GO:0071704,GO:1901576,GO:1901615,GO:1901617"
group_2180,CTP_transf_1,I,cdsA,Belongs to the CDS family,"GO:0003674,GO:0003824,GO:0004605,GO:0005575,GO:0006139,GO:0006220,GO:0006221,GO:0006629,GO:0006644,GO:0006650,GO:0006655,GO:0006725,GO:0006753,GO:0006793,GO:0006796,GO:0006807,GO:0008150,GO:0008152,GO:0008610,GO:0008654,GO:0009058,GO:0009117,GO:0009165,GO:0009987,GO:0016020,GO:0016024,GO:0016740,GO:0016772,GO:0016779,GO:0018130,GO:0019438,GO:0019637,GO:0034641,GO:0034654,GO:0044237,GO:0044238,GO:0044249,GO:0044255,GO:0044271,GO:0044281,GO:0045017,GO:0046341,GO:0046471,GO:0046474,GO:0046483,GO:0046486,GO:0055086,GO:0070567,GO:0071704,GO:0072527,GO:0072528,GO:0090407,GO:1901293,GO:1901360,GO:1901362,GO:1901564,GO:1901566,GO:1901576"
proS~~~proS_1~~~proS_2,"HGTP_anticodon,tRNA-synt_2b,tRNA_edit",J,proS,"Catalyzes the attachment of proline to tRNA(Pro) in a two-step reaction proline is first activated by ATP to form Pro- AMP and then transferred to the acceptor end of tRNA(Pro). As ProRS can inadvertently accommodate and process non-cognate amino acids such as alanine and cysteine, to avoid such errors it has two additional distinct editing activities against alanine. One activity is designated as 'pretransfer' editing and involves the tRNA(Pro)-independent hydrolysis of activated Ala-AMP. The other activity is designated 'posttransfer' editing and involves deacylation of mischarged Ala-tRNA(Pro). The misacylated Cys- tRNA(Pro) is not edited by ProRS",-
polC,"DNA_pol3_a_NI,DNA_pol3_a_NII,DNA_pol3_alpha,HHH_6,PHP,RNase_T,tRNA_anti-codon",L,polC,Required for replicative DNA synthesis. This DNA polymerase also exhibits 3' to 5' exonuclease activity,"GO:0005575,GO:0005622,GO:0005623,GO:0005737,GO:0044424,GO:0044464"
rimP,"DUF150,DUF150_C",S,rimP,Required for maturation of 30S ribosomal subunits,"GO:0000028,GO:0005575,GO:0005622,GO:0005623,GO:0005737,GO:0005829,GO:0006412,GO:0006518,GO:0006807,GO:0006996,GO:0008150,GO:0008152,GO:0009058,GO:0009059,GO:0009987,GO:0010467,GO:0016043,GO:0019538,GO:0022607,GO:0022613,GO:0022618,GO:0034622,GO:0034641,GO:0034645,GO:0042254,GO:0042255,GO:0042274,GO:0043043,GO:0043170,GO:0043603,GO:0043604,GO:0043933,GO:0044085,GO:0044237,GO:0044238,GO:0044249,GO:0044260,GO:0044267,GO:0044271,GO:0044424,GO:0044444,GO:0044464,GO:0065003,GO:0070925,GO:0071704,GO:0071826,GO:0071840,GO:1901564,GO:1901566,GO:1901576"
nusA,"KH_5,NusA_N,S1",K,nusA,Participates in both transcription termination and antitermination,"GO:0005575,GO:0005622,GO:0005623,GO:0005737,GO:0005829,GO:0006355,GO:0008150,GO:0009889,GO:0010468,GO:0010556,GO:0019219,GO:0019222,GO:0031323,GO:0031326,GO:0031554,GO:0031564,GO:0043244,GO:0044424,GO:0044444,GO:0044464,GO:0050789,GO:0050794,GO:0051128,GO:0051171,GO:0051252,GO:0060255,GO:0065007,GO:0080090,GO:1903506,GO:2000112,GO:2001141"
rulQ,Ribosomal_L7Ae,J,ylxQ,ribosomal protein,-
rbfA,RBFA,J,rbfA,One of several proteins that assist in the late maturation steps of the functional core of the 30S ribosomal subunit. Associates with free 30S ribosomal subunits (but not with 30S subunits that are part of 70S ribosomes or polysomes). Required for efficient processing of 16S rRNA. May interact with the 5'-terminal helix region of 16S rRNA,-
ribCF,"FAD_syn,Flavokinase",H,ribF,Belongs to the ribF family,-
rpsO~~~rpsO_1~~~rpsO_2,Ribosomal_S15,J,rpsO,Forms an intersubunit bridge (bridge B4) with the 23S rRNA of the 50S subunit in the ribosome,"GO:0005575,GO:0005622,GO:0005623,GO:0005737,GO:0005829,GO:0005840,GO:0015935,GO:0022626,GO:0022627,GO:0032991,GO:0043226,GO:0043228,GO:0043229,GO:0043232,GO:0044391,GO:0044422,GO:0044424,GO:0044444,GO:0044445,GO:0044446,GO:0044464,GO:1990904"
pnp_1~~~pnp_2,"KH_1,PNPase,RNase_PH,RNase_PH_C,S1",J,pnp,Involved in mRNA degradation. Catalyzes the phosphorolysis of single-stranded polyribonucleotides processively in the 3'- to 5'-direction,"GO:0003674,GO:0003676,GO:0003723,GO:0003729,GO:0003824,GO:0004654,GO:0005488,GO:0005575,GO:0005622,GO:0005623,GO:0005737,GO:0006139,GO:0006401,GO:0006402,GO:0006725,GO:0006807,GO:0008150,GO:0008152,GO:0009056,GO:0009057,GO:0009892,GO:0009987,GO:0010468,GO:0010605,GO:0010629,GO:0016070,GO:0016071,GO:0016740,GO:0016772,GO:0016779,GO:0019222,GO:0019439,GO:0034641,GO:0034655,GO:0043170,GO:0044237,GO:0044238,GO:0044248,GO:0044260,GO:0044265,GO:0044270,GO:0044424,GO:0044464,GO:0046483,GO:0046700,GO:0048519,GO:0050789,GO:0060255,GO:0065007,GO:0071704,GO:0090304,GO:0097159,GO:1901360,GO:1901361,GO:1901363,GO:1901575"
rnj2~~~rnj2_1~~~rnj2_2,"Lactamase_B,RMMBL",J,rnjB,An RNase that has 5'-3' exonuclease and possibly endonuclease activity. Involved in maturation of rRNA and in some organisms also mRNA maturation and or decay,"GO:0003674,GO:0003824,GO:0004518,GO:0004519,GO:0004521,GO:0004540,GO:0006139,GO:0006396,GO:0006397,GO:0006725,GO:0006807,GO:0008150,GO:0008152,GO:0009987,GO:0010467,GO:0016070,GO:0016071,GO:0016787,GO:0016788,GO:0034641,GO:0043170,GO:0044237,GO:0044238,GO:0046483,GO:0071704,GO:0090304,GO:0090305,GO:0090501,GO:0090502,GO:0140098,GO:1901360"
gamR,"GntR,UTRA",K,ymfC,transcriptional,-
group_3169,Peptidase_M16_C,S,albE,Peptidase M16 inactive domain,-
group_2182,"Peptidase_M16,Peptidase_M16_C",S,ymfH,"Peptidase, M16",-
group_2183,DUF3388,S,ymfK,Protein of unknown function (DUF3388),-
group_2184,"DUF4115,HTH_25",S,ymfM,Helix-turn-helix domain,-
pgsA,CDP-OH_P_transf,I,pgsA,Belongs to the CDP-alcohol phosphatidyltransferase class-I family,"GO:0006629,GO:0006644,GO:0006650,GO:0006793,GO:0006796,GO:0008150,GO:0008152,GO:0008610,GO:0008654,GO:0009058,GO:0009987,GO:0019637,GO:0044237,GO:0044238,GO:0044249,GO:0044255,GO:0045017,GO:0046474,GO:0046486,GO:0071704,GO:0090407,GO:1901576"
recA,RecA,L,recA,"Can catalyze the hydrolysis of ATP in the presence of single-stranded DNA, the ATP-dependent uptake of single-stranded DNA by duplex DNA, and the ATP-dependent hybridization of homologous single-stranded DNAs. It interacts with LexA causing its activation and leading to its autocatalytic cleavage","GO:0005575,GO:0005622,GO:0005623,GO:0005737,GO:0005829,GO:0006950,GO:0006974,GO:0007154,GO:0008150,GO:0009292,GO:0009294,GO:0009432,GO:0009605,GO:0009987,GO:0009991,GO:0030420,GO:0031668,GO:0033554,GO:0044424,GO:0044444,GO:0044464,GO:0044764,GO:0050896,GO:0051704,GO:0051716,GO:0071496"
rny~~~rny_1~~~rny_2,"DUF3552,HD,KH_1",S,rny,Endoribonuclease that initiates mRNA decay,"GO:0003674,GO:0005488,GO:0005515,GO:0042802"
ymdB~~~ymdB_1~~~ymdB_2,YmdB,S,ymdB,YmdB-like protein,"GO:0003674,GO:0003824,GO:0004112,GO:0004113,GO:0008081,GO:0016787,GO:0016788,GO:0042578"
korA,"PFOR_II,POR,POR_N",C,korA,ferredoxin oxidoreductase,-
group_2185,"PFO_beta_C,TPP_enzyme_C",C,korB,"COG1013 Pyruvate ferredoxin oxidoreductase and related 2-oxoacid ferredoxin oxidoreductases, beta subunit",-
miaB_1~~~miaB_2~~~miaB,"Radical_SAM,TRAM,UPF0004",J,miaB,"Catalyzes the methylthiolation of N6- (dimethylallyl)adenosine (i(6)A), leading to the formation of 2- methylthio-N6-(dimethylallyl)adenosine (ms(2)i(6)A) at position 37 in tRNAs that read codons beginning with uridine","GO:0003674,GO:0003824,GO:0006139,GO:0006396,GO:0006399,GO:0006400,GO:0006725,GO:0006807,GO:0008033,GO:0008150,GO:0008152,GO:0009451,GO:0009987,GO:0010467,GO:0016070,GO:0016740,GO:0016782,GO:0034470,GO:0034641,GO:0034660,GO:0035596,GO:0035597,GO:0035600,GO:0043170,GO:0043412,GO:0044237,GO:0044238,GO:0046483,GO:0050497,GO:0071704,GO:0090304,GO:1901360"
group_2977,ThiW,S,thiW,Thiamine-precursor transporter protein (ThiW),-
mutS_2~~~mutS_1~~~mutS_3,"MutS_I,MutS_II,MutS_III,MutS_IV,MutS_V",L,mutS,that it carries out the mismatch recognition step. This protein has a weak ATPase activity,"GO:0003674,GO:0003676,GO:0003677,GO:0003684,GO:0003690,GO:0003824,GO:0005488,GO:0005575,GO:0005622,GO:0005623,GO:0006139,GO:0006259,GO:0006281,GO:0006298,GO:0006725,GO:0006807,GO:0006950,GO:0006974,GO:0008094,GO:0008150,GO:0008152,GO:0009987,GO:0016462,GO:0016787,GO:0016817,GO:0016818,GO:0016887,GO:0017111,GO:0030983,GO:0032300,GO:0032991,GO:0033554,GO:0034641,GO:0042623,GO:0043170,GO:0044237,GO:0044238,GO:0044260,GO:0044424,GO:0044464,GO:0046483,GO:0050896,GO:0051716,GO:0071704,GO:0090304,GO:0097159,GO:1901360,GO:1901363,GO:1990391"
mutL_2~~~mutL_1~~~mutL,"DNA_mis_repair,HATPase_c_3,MutL_C",L,mutL,"This protein is involved in the repair of mismatches in DNA. It is required for dam-dependent methyl-directed DNA mismatch repair. May act as a molecular matchmaker , a protein that promotes the formation of a stable complex between two or more DNA-binding proteins in an ATP-dependent manner without itself being part of a final effector complex","GO:0000166,GO:0003674,GO:0003676,GO:0003677,GO:0003697,GO:0003824,GO:0005488,GO:0005524,GO:0005575,GO:0005622,GO:0005623,GO:0006139,GO:0006259,GO:0006281,GO:0006298,GO:0006725,GO:0006807,GO:0006950,GO:0006974,GO:0008144,GO:0008150,GO:0008152,GO:0009987,GO:0016462,GO:0016787,GO:0016817,GO:0016818,GO:0016887,GO:0017076,GO:0017111,GO:0030554,GO:0032300,GO:0032553,GO:0032555,GO:0032559,GO:0032991,GO:0033554,GO:0034641,GO:0035639,GO:0036094,GO:0043167,GO:0043168,GO:0043170,GO:0044237,GO:0044238,GO:0044260,GO:0044424,GO:0044464,GO:0046483,GO:0050896,GO:0051716,GO:0071704,GO:0090304,GO:0097159,GO:0097367,GO:1901265,GO:1901360,GO:1901363,GO:1990391"
glpP~~~glpP_1~~~glpP_2,G3P_antiterm,K,glpP,Regulates expression of the glpD operon. In the presence of glycerol 3-phosphate (G3P) causes antitermination of transcription of glpD at the inverted repeat of the leader region to enhance its transcription. Binds and stabilizes glpD leader mRNA,"GO:0001072,GO:0001678,GO:0003674,GO:0005975,GO:0006066,GO:0006071,GO:0006355,GO:0008150,GO:0008152,GO:0009743,GO:0009746,GO:0009749,GO:0009889,GO:0009890,GO:0009891,GO:0009892,GO:0009893,GO:0009987,GO:0010033,GO:0010468,GO:0010556,GO:0010557,GO:0010558,GO:0010604,GO:0010605,GO:0010628,GO:0010629,GO:0019219,GO:0019222,GO:0019400,GO:0019725,GO:0019751,GO:0031323,GO:0031324,GO:0031325,GO:0031326,GO:0031327,GO:0031328,GO:0031554,GO:0031564,GO:0033500,GO:0034284,GO:0042221,GO:0042592,GO:0042593,GO:0043242,GO:0043244,GO:0044237,GO:0044238,GO:0044262,GO:0044281,GO:0045892,GO:0045893,GO:0045934,GO:0045935,GO:0046677,GO:0048518,GO:0048519,GO:0048522,GO:0048523,GO:0048878,GO:0050789,GO:0050794,GO:0050896,GO:0051128,GO:0051129,GO:0051171,GO:0051172,GO:0051173,GO:0051252,GO:0051253,GO:0051254,GO:0051716,GO:0055082,GO:0060255,GO:0060567,GO:0065007,GO:0065008,GO:0070887,GO:0071310,GO:0071322,GO:0071326,GO:0071331,GO:0071333,GO:0071704,GO:0080090,GO:0140110,GO:1901615,GO:1901700,GO:1901701,GO:1902679,GO:1902680,GO:1903506,GO:1903507,GO:1903508,GO:2000112,GO:2000113,GO:2001141"
glpK~~~glpK_1~~~glpK_2,"FGGY_C,FGGY_N",F,glpK,Key enzyme in the regulation of glycerol uptake and metabolism. Catalyzes the phosphorylation of glycerol to yield sn- glycerol 3-phosphate,"GO:0003674,GO:0003824,GO:0004370,GO:0005975,GO:0006066,GO:0006071,GO:0006793,GO:0006796,GO:0008150,GO:0008152,GO:0009987,GO:0016301,GO:0016310,GO:0016740,GO:0016772,GO:0016773,GO:0019400,GO:0019751,GO:0044237,GO:0044238,GO:0044262,GO:0044281,GO:0071704,GO:1901615"
glpD,"DAO,DAO_C",C,glpD,Belongs to the FAD-dependent glycerol-3-phosphate dehydrogenase family,"GO:0005575,GO:0005622,GO:0005623,GO:0005737,GO:0005886,GO:0016020,GO:0044424,GO:0044464,GO:0071944"
bsaA_2~~~bsaA_1,GSHPx,O,bsaA,Belongs to the glutathione peroxidase family,-
group_2186,Met_gamma_lyase,P,ynbB,aluminum resistance protein,"GO:0003674,GO:0003824,GO:0003962,GO:0004123,GO:0016740,GO:0016765,GO:0016829,GO:0016846"
glnR,MerR_1,K,glnR,transcriptional,"GO:0003674,GO:0005488,GO:0005515,GO:0006082,GO:0006355,GO:0006520,GO:0006541,GO:0006542,GO:0006807,GO:0008150,GO:0008152,GO:0008652,GO:0009058,GO:0009064,GO:0009084,GO:0009889,GO:0009987,GO:0010468,GO:0010556,GO:0016053,GO:0019219,GO:0019222,GO:0019752,GO:0031323,GO:0031326,GO:0042802,GO:0043436,GO:0044237,GO:0044238,GO:0044249,GO:0044281,GO:0044283,GO:0046394,GO:0050789,GO:0050794,GO:0051171,GO:0051252,GO:0060255,GO:0065007,GO:0071704,GO:0080090,GO:1901564,GO:1901566,GO:1901576,GO:1901605,GO:1901607,GO:1903506,GO:2000112,GO:2001141"
glnA,"Gln-synt_C,Gln-synt_N",E,glnA,Glutamine synthetase,-
icaB~~~icaB_2~~~icaB_1,Polysacc_deac_1,G,icaB,"Catalyzes the N-deacetylation of poly-beta-1,6-N-acetyl- D-glucosamine (PNAG, also referred to as PIA), a biofilm adhesin polysaccharide","GO:0005575,GO:0005618,GO:0005623,GO:0030312,GO:0044464,GO:0071944"
icaD,-,-,icaD,-,-
icaR~~~icaR_2~~~icaR_1,TetR_N,K,icaR,transcriptional regulator IcaR,"GO:0000976,GO:0001067,GO:0003674,GO:0003676,GO:0003677,GO:0003690,GO:0003700,GO:0005488,GO:0005575,GO:0005622,GO:0005623,GO:0005737,GO:0005829,GO:0006355,GO:0008150,GO:0009889,GO:0010468,GO:0010556,GO:0019219,GO:0019222,GO:0031323,GO:0031326,GO:0043565,GO:0044212,GO:0044424,GO:0044444,GO:0044464,GO:0050789,GO:0050794,GO:0051171,GO:0051252,GO:0060255,GO:0065007,GO:0080090,GO:0097159,GO:0140110,GO:1901363,GO:1903506,GO:1990837,GO:2000112,GO:2001141"
cap8A_1~~~cap8A_2~~~cap8A_3,Wzz,M,-,Chain length determinant protein,-
ywqD_1~~~ywqD_2,AAA_31,D,-,ATPase MipZ,-
secY_3~~~secY_1~~~secY2~~~secY_2,SecY,U,secY2,Part of the accessory SecA2 SecY2 system specifically required for export of,-
asp1~~~asp1_1~~~asp1_2,Asp1,S,asp1,Accessory Sec system protein Asp1,-
asp2~~~asp2_2~~~asp2_1,Asp2,S,asp2,Accessory Sec system GspB-transporter,-
secA~~~secA1_1~~~secA_2~~~secA_1~~~secA1_2,"SecA_DEAD,SecA_PP_bind,SecA_SW",U,secA2,"Part of the Sec protein translocase complex. Interacts with the SecYEG preprotein conducting channel. Has a central role in coupling the hydrolysis of ATP to the transfer of proteins into and across the cell membrane, serving as an ATP-driven molecular motor driving the stepwise translocation of polypeptide chains across the membrane","GO:0000166,GO:0003674,GO:0003824,GO:0005215,GO:0005488,GO:0005524,GO:0005575,GO:0005622,GO:0005623,GO:0005737,GO:0005829,GO:0005886,GO:0005887,GO:0006810,GO:0008104,GO:0008144,GO:0008150,GO:0008320,GO:0008565,GO:0015031,GO:0015399,GO:0015405,GO:0015440,GO:0015450,GO:0015462,GO:0015833,GO:0016020,GO:0016021,GO:0016462,GO:0016787,GO:0016817,GO:0016818,GO:0016887,GO:0017076,GO:0017111,GO:0022804,GO:0022857,GO:0022884,GO:0030554,GO:0031224,GO:0031226,GO:0031522,GO:0032553,GO:0032555,GO:0032559,GO:0032991,GO:0033036,GO:0033220,GO:0035639,GO:0036094,GO:0042623,GO:0042626,GO:0042886,GO:0042887,GO:0043167,GO:0043168,GO:0043492,GO:0043952,GO:0044424,GO:0044425,GO:0044444,GO:0044459,GO:0044464,GO:0045184,GO:0051179,GO:0051234,GO:0055085,GO:0071702,GO:0071705,GO:0071806,GO:0071944,GO:0097159,GO:0097367,GO:1901265,GO:1901363,GO:1904680"
gtfA_1~~~gtfA_3~~~gtfA_4~~~gtfA~~~gtfA_2,Glycos_transf_1,M,gtf1,An N-acetylglucosaminyl transferase that is part of the accessory SecA2 SecY2 system specifically required to export serine-rich repeat cell wall proteins usually encoded upstream in the same operon,-
group_2019,"ABC2_membrane,ABC2_membrane_3,DUF3533",GM,pip,Phage infection protein,-
yvyI~~~manA,PMI_typeI,G,pmi,mannose-6-phosphate isomerase,-
isaB_1~~~isaB~~~isaB_2,-,-,isaB,-,-
aur~~~aur_1~~~aur_2,"FTP,PepSY,Peptidase_M4,Peptidase_M4_C",E,mpl,COG3227 Zinc metalloprotease (elastase),"GO:0005575,GO:0005576"
argR_1~~~argR_2,"Arg_repressor,Arg_repressor_C",K,-,Regulates arginine biosynthesis genes,-
arcA~~~arcA_1,Amidinotransf,E,arcA,Arginine,-
arcB~~~arcB_2~~~arcB_1,"OTCace,OTCace_N",E,arcB,Reversibly catalyzes the transfer of the carbamoyl group from carbamoyl phosphate (CP) to the N(epsilon) atom of ornithine (ORN) to produce L-citrulline,-
arcD~~~ydgI,AA_permease_2,E,arcD,Arginine ornithine antiporter,-
arcR~~~arcR_1,"HTH_Crp_2,cNMP_binding",K,arcR,thus playing an essential role in arginine catabolism. May also control the expression of genes encoding proteins which are involved in anaerobic metabolism. Can bind cyclic AMP,"GO:0006355,GO:0008150,GO:0009889,GO:0010468,GO:0010556,GO:0019219,GO:0019222,GO:0031323,GO:0031326,GO:0050789,GO:0050794,GO:0051171,GO:0051252,GO:0060255,GO:0065007,GO:0080090,GO:1903506,GO:2000112,GO:2001141"
group_3118,Esterase,S,estA,Tributyrin esterase,-
group_2187,MarR_2,K,-,MarR family,-
phoB~~~phoA,Alk_phosphatase,P,phoB,Belongs to the alkaline phosphatase family,-
graR_3~~~graR_2~~~graR_1,"Response_reg,Trans_reg_C",K,graR,COG0745 Response regulators consisting of a CheY-like receiver domain and a winged-helix DNA-binding domain,-
nrdD,"ATP-cone,NRDD",F,nrdD,ribonucleoside-triphosphate reductase,-
group_2188,"Fer4_12,Radical_SAM",O,nrdG,"Activation of anaerobic ribonucleoside-triphosphate reductase under anaerobic conditions by generation of an organic free radical, using S-adenosylmethionine and reduced flavodoxin as cosubstrates to produce 5'-deoxy-adenosine",-
betL~~~opuD_1~~~betP~~~opuD_3~~~opuD_2,BCCT,M,cudT,Belongs to the BCCT transporter (TC 2.A.15) family,-
group_2992,Lactamase_B,S,-,Metallo-beta-lactamase superfamily,-
gbsA,Aldedh,C,gbsA,Belongs to the aldehyde dehydrogenase family,-
betA~~~betA_1~~~betA_2,"GMC_oxred_C,GMC_oxred_N",E,betA,Involved in the biosynthesis of the osmoprotectant glycine betaine. Catalyzes the oxidation of choline to betaine aldehyde and betaine aldehyde to glycine betaine at the same rate,-
group_1509,YozE_SAM_like,S,-,YozE SAM-like fold,-
acsA_2~~~acsA_1,"AMP-binding,AMP-binding_C",I,ytcI,COG0365 Acyl-coenzyme A synthetases AMP-(fatty) acid ligases,"GO:0003674,GO:0003824,GO:0003996,GO:0004321,GO:0006082,GO:0006139,GO:0006163,GO:0006629,GO:0006631,GO:0006633,GO:0006637,GO:0006725,GO:0006732,GO:0006753,GO:0006790,GO:0006793,GO:0006796,GO:0006807,GO:0008150,GO:0008152,GO:0008610,GO:0009058,GO:0009117,GO:0009150,GO:0009259,GO:0009987,GO:0015645,GO:0016053,GO:0016405,GO:0016408,GO:0016740,GO:0016746,GO:0016747,GO:0016874,GO:0016877,GO:0016878,GO:0019637,GO:0019693,GO:0019752,GO:0032787,GO:0033865,GO:0033875,GO:0034032,GO:0034641,GO:0035383,GO:0043436,GO:0043603,GO:0044237,GO:0044238,GO:0044249,GO:0044255,GO:0044281,GO:0044283,GO:0046394,GO:0046483,GO:0051186,GO:0055086,GO:0071704,GO:0072330,GO:0072521,GO:1901135,GO:1901360,GO:1901564,GO:1901576"
mqo2~~~mqo2_2~~~mqo2_1,Mqo,C,-,malate quinone oxidoreductase,-
group_257,-,-,-,-,-
group_3183,Aminotran_3,E,gabT,Belongs to the class-III pyridoxal-phosphate-dependent aminotransferase family,-
bcaP~~~bcaP_1~~~bcaP_2,AA_permease_2,E,-,amino acid,-
ldh2~~~ldh2_2~~~ldh2_1,"Ldh_1_C,Ldh_1_N",C,ldh,Belongs to the LDH MDH superfamily. LDH family,-
group_3060,-,Q,-,Alpha-acetolactate decarboxylase,-
panB,Pantoate_transf,H,panB,"Catalyzes the reversible reaction in which hydroxymethyl group from 5,10-methylenetetrahydrofolate is transferred onto alpha-ketoisovalerate to form ketopantoate",-
panC~~~panC_1~~~panC_2,Pantoate_ligase,H,panC,Catalyzes the condensation of pantoate with beta-alanine in an ATP-dependent reaction via a pantoyl-adenylate intermediate,"GO:0003674,GO:0003824,GO:0004592,GO:0005575,GO:0005622,GO:0005623,GO:0005737,GO:0005829,GO:0006082,GO:0006520,GO:0006573,GO:0006575,GO:0006732,GO:0006766,GO:0006767,GO:0006807,GO:0008150,GO:0008152,GO:0009058,GO:0009081,GO:0009108,GO:0009110,GO:0009987,GO:0015939,GO:0015940,GO:0016053,GO:0016874,GO:0016879,GO:0016881,GO:0019752,GO:0032787,GO:0033317,GO:0034641,GO:0042364,GO:0042398,GO:0043436,GO:0043603,GO:0043604,GO:0044237,GO:0044238,GO:0044249,GO:0044271,GO:0044281,GO:0044283,GO:0044424,GO:0044444,GO:0044464,GO:0046394,GO:0051186,GO:0051188,GO:0071704,GO:0072330,GO:1901564,GO:1901566,GO:1901576,GO:1901605"
panD,Asp_decarbox,H,panD,Catalyzes the pyruvoyl-dependent decarboxylation of aspartate to produce beta-alanine,-
cocE,"PepX_C,Peptidase_S15",S,-,X-Pro dipeptidyl-peptidase C-terminal non-catalytic domain,-
queH,DUF208,C,queH,"Catalyzes the conversion of epoxyqueuosine (oQ) to queuosine (Q), which is a hypermodified base found in the wobble positions of tRNA(Asp), tRNA(Asn), tRNA(His) and tRNA(Tyr)",-
group_1267,"FMO-like,Pyr_redox_3",P,trkA,Pyridine nucleotide-disulphide oxidoreductase,-
group_1269,"Abhydrolase_1,Abhydrolase_6",S,-,alpha/beta hydrolase fold,-
graF~~~rdc,Amidohydro_2,S,-,Amidohydrolase,-
cpnA~~~hcaB~~~kdsr,adh_short,IQ,-,Belongs to the short-chain dehydrogenases reductases (SDR) family,-
isaA,"DUF348,G5,LysM,SLT,Transglycosylas",M,isaA,Is able to cleave peptidoglycan,-
group_3175,Acetyltransf_1,K,-,Acetyltransferase (GNAT) domain,-
crtP~~~crtP_1~~~crtP_2,Amino_oxidase,Q,crtP,"Catalyzes the oxidation of the terminal methyl side group of 4,4'-diaponeurosporene to form 4,4'-diaponeurosporenoate (4,4'-diaponeurosporenic acid), via the aldehyde intermediate 4,4'-diaponeurosporenal. This is an intermediate step in the biosynthesis of staphyloxanthin, an orange pigment present in most staphylococci strains",-
cycA_2~~~cycA_3~~~cycA_1,AA_permease,E,cycA,permease,-
citZ,Citrate_synt,C,citZ,Belongs to the citrate synthase family,-
phoP,"Response_reg,Trans_reg_C",T,phoP,Alkaline phosphatase synthesis transcriptional regulatory protein,-
sasA_2~~~phoR~~~sasA~~~sasA_1,"HAMP,HATPase_c,HisKA,PAS,PAS_4,PAS_9,sCache_like",T,phoR,Histidine kinase,-
group_1052,-,-,-,-,-
polA~~~polA_1~~~polA_2,"5_3_exonuc,5_3_exonuc_N,DNA_pol_A",L,polA,"In addition to polymerase activity, this DNA polymerase exhibits 5'-3' exonuclease activity","GO:0003674,GO:0003824,GO:0003887,GO:0004518,GO:0004527,GO:0005575,GO:0005622,GO:0005623,GO:0005737,GO:0006139,GO:0006259,GO:0006260,GO:0006261,GO:0006281,GO:0006725,GO:0006807,GO:0006950,GO:0006974,GO:0008150,GO:0008152,GO:0008409,GO:0009058,GO:0009059,GO:0009987,GO:0016740,GO:0016772,GO:0016779,GO:0016787,GO:0016788,GO:0018130,GO:0019438,GO:0033554,GO:0034061,GO:0034641,GO:0034645,GO:0034654,GO:0043170,GO:0044237,GO:0044238,GO:0044249,GO:0044260,GO:0044271,GO:0044424,GO:0044464,GO:0046483,GO:0050896,GO:0051716,GO:0071704,GO:0071897,GO:0090304,GO:0090305,GO:0140097,GO:1901360,GO:1901362,GO:1901576"
mutM~~~mutM_1~~~mutM_2,"Fapy_DNA_glyco,H2TH,zf-FPG_IleRS",L,fpg,"Involved in base excision repair of DNA damaged by oxidation or by mutagenic agents. Acts as DNA glycosylase that recognizes and removes damaged bases. Has a preference for oxidized purines, such as 7,8-dihydro-8-oxoguanine (8-oxoG). Has AP (apurinic apyrimidinic) lyase activity and introduces nicks in the DNA strand. Cleaves the DNA backbone by beta-delta elimination to generate a single-strand break at the site of the removed base with both 3'- and 5'-phosphates",-
coaE,CoaE,F,coaE,Catalyzes the phosphorylation of the 3'-hydroxyl group of dephosphocoenzyme A to form coenzyme A,"GO:0003674,GO:0003824,GO:0004140,GO:0006139,GO:0006163,GO:0006164,GO:0006725,GO:0006732,GO:0006753,GO:0006793,GO:0006796,GO:0006807,GO:0008150,GO:0008152,GO:0009058,GO:0009108,GO:0009117,GO:0009150,GO:0009152,GO:0009165,GO:0009259,GO:0009260,GO:0009987,GO:0015936,GO:0015937,GO:0016301,GO:0016310,GO:0016740,GO:0016772,GO:0016773,GO:0018130,GO:0019438,GO:0019637,GO:0019693,GO:0033865,GO:0033866,GO:0033875,GO:0034030,GO:0034032,GO:0034033,GO:0034641,GO:0034654,GO:0044237,GO:0044238,GO:0044249,GO:0044271,GO:0044281,GO:0046390,GO:0046483,GO:0051186,GO:0051188,GO:0055086,GO:0071704,GO:0072521,GO:0072522,GO:0090407,GO:1901135,GO:1901137,GO:1901293,GO:1901360,GO:1901362,GO:1901564,GO:1901566,GO:1901576"
gapA2~~~gapA2_1~~~gapA2_2,"Gp_dh_C,Gp_dh_N",G,gapB,Belongs to the glyceraldehyde-3-phosphate dehydrogenase family,"GO:0000166,GO:0003674,GO:0003824,GO:0004365,GO:0005488,GO:0005975,GO:0005996,GO:0006006,GO:0006094,GO:0008150,GO:0008152,GO:0009058,GO:0016051,GO:0016491,GO:0016620,GO:0016903,GO:0019318,GO:0019319,GO:0036094,GO:0043891,GO:0044238,GO:0044281,GO:0044283,GO:0046364,GO:0048037,GO:0050661,GO:0050662,GO:0051287,GO:0055114,GO:0071704,GO:0097159,GO:1901265,GO:1901363,GO:1901576"
nrdR,ATP-cone,K,nrdR,Negatively regulates transcription of bacterial ribonucleotide reductase nrd genes and operons by binding to NrdR- boxes,-
dnaI~~~dnaI_2~~~dnaI_1,"DnaI_N,IstB_IS21",L,dnaI,Primosomal protein DnaI,"GO:0003674,GO:0003676,GO:0003677,GO:0003688,GO:0003690,GO:0005488,GO:0005575,GO:0005622,GO:0005623,GO:0005737,GO:0005886,GO:0006139,GO:0006259,GO:0006260,GO:0006261,GO:0006270,GO:0006725,GO:0006807,GO:0008150,GO:0008152,GO:0009058,GO:0009059,GO:0009987,GO:0016020,GO:0034641,GO:0034645,GO:0043170,GO:0043565,GO:0044237,GO:0044238,GO:0044249,GO:0044260,GO:0044424,GO:0044464,GO:0046483,GO:0071704,GO:0071944,GO:0090304,GO:0097159,GO:1901360,GO:1901363,GO:1901576,GO:1990837"
thrS~~~thrS_2~~~thrS_1,"HGTP_anticodon,TGS,tRNA-synt_2b,tRNA_SAD",J,thrS,Catalyzes the attachment of threonine to tRNA(Thr) in a two-step reaction L-threonine is first activated by ATP to form Thr-AMP and then transferred to the acceptor end of tRNA(Thr),"GO:0003674,GO:0003824,GO:0004812,GO:0004829,GO:0005575,GO:0005622,GO:0005623,GO:0005737,GO:0006082,GO:0006139,GO:0006399,GO:0006412,GO:0006418,GO:0006435,GO:0006518,GO:0006520,GO:0006725,GO:0006807,GO:0008150,GO:0008152,GO:0009058,GO:0009059,GO:0009987,GO:0010467,GO:0016070,GO:0016874,GO:0016875,GO:0019538,GO:0019752,GO:0034641,GO:0034645,GO:0034660,GO:0043038,GO:0043039,GO:0043043,GO:0043170,GO:0043436,GO:0043603,GO:0043604,GO:0044237,GO:0044238,GO:0044249,GO:0044260,GO:0044267,GO:0044271,GO:0044281,GO:0044424,GO:0044464,GO:0046483,GO:0071704,GO:0090304,GO:0140098,GO:0140101,GO:1901360,GO:1901564,GO:1901566,GO:1901576"
lysP_2~~~lysP_1~~~lysP_3,AA_permease,E,lysP,permease,-
infC,"IF3_C,IF3_N",J,infC,"IF-3 binds to the 30S ribosomal subunit and shifts the equilibrum between 70S ribosomes and their 50S and 30S subunits in favor of the free subunits, thus enhancing the availability of 30S subunits on which protein synthesis initiation begins","GO:0003674,GO:0003676,GO:0003723,GO:0003743,GO:0005488,GO:0005575,GO:0005622,GO:0005623,GO:0005737,GO:0005829,GO:0006412,GO:0006413,GO:0006518,GO:0006807,GO:0006996,GO:0008135,GO:0008150,GO:0008152,GO:0009058,GO:0009059,GO:0009987,GO:0010467,GO:0016020,GO:0016043,GO:0019538,GO:0022411,GO:0032790,GO:0032984,GO:0032988,GO:0034641,GO:0034645,GO:0043021,GO:0043022,GO:0043043,GO:0043170,GO:0043603,GO:0043604,GO:0043933,GO:0044237,GO:0044238,GO:0044249,GO:0044260,GO:0044267,GO:0044271,GO:0044424,GO:0044444,GO:0044464,GO:0044877,GO:0071704,GO:0071826,GO:0071840,GO:0097159,GO:1901363,GO:1901564,GO:1901566,GO:1901576,GO:1903008"
rpmI,Ribosomal_L35p,J,rpmI,Belongs to the bacterial ribosomal protein bL35 family,"GO:0003674,GO:0003735,GO:0005198,GO:0005575,GO:0005622,GO:0005623,GO:0005737,GO:0005829,GO:0005840,GO:0015934,GO:0022625,GO:0022626,GO:0032991,GO:0043226,GO:0043228,GO:0043229,GO:0043232,GO:0044391,GO:0044422,GO:0044424,GO:0044444,GO:0044445,GO:0044446,GO:0044464,GO:1990904"
rplT,Ribosomal_L20,J,rplT,Binds directly to 23S ribosomal RNA and is necessary for the in vitro assembly process of the 50S ribosomal subunit. It is not involved in the protein synthesizing functions of that subunit,"GO:0000027,GO:0003674,GO:0003735,GO:0005198,GO:0005575,GO:0005622,GO:0005623,GO:0005737,GO:0005829,GO:0005840,GO:0006996,GO:0008150,GO:0009987,GO:0015934,GO:0016043,GO:0022607,GO:0022613,GO:0022618,GO:0022625,GO:0022626,GO:0032991,GO:0034622,GO:0042254,GO:0042255,GO:0042273,GO:0043226,GO:0043228,GO:0043229,GO:0043232,GO:0043933,GO:0044085,GO:0044391,GO:0044422,GO:0044424,GO:0044444,GO:0044445,GO:0044446,GO:0044464,GO:0065003,GO:0070925,GO:0071826,GO:0071840,GO:1990904"
ymaB,NUDIX,S,-,NUDIX domain,-
group_1053,-,-,-,-,-
clpX,"AAA_2,ClpB_D2-small,zf-C4_ClpX",O,clpX,ATP-dependent specificity component of the Clp protease. It directs the protease to specific substrates. Can perform chaperone functions in the absence of ClpP,"GO:0000166,GO:0003674,GO:0003824,GO:0004176,GO:0005488,GO:0005524,GO:0006508,GO:0006807,GO:0008144,GO:0008150,GO:0008152,GO:0008233,GO:0009056,GO:0009057,GO:0009987,GO:0016462,GO:0016787,GO:0016817,GO:0016818,GO:0016887,GO:0017076,GO:0017111,GO:0019538,GO:0030163,GO:0030554,GO:0032553,GO:0032555,GO:0032559,GO:0035639,GO:0036094,GO:0042623,GO:0043167,GO:0043168,GO:0043170,GO:0044238,GO:0051301,GO:0070011,GO:0071704,GO:0097159,GO:0097367,GO:0140096,GO:1901265,GO:1901363,GO:1901564,GO:1901565,GO:1901575"
engB,MMR_HSR1,D,engB,Necessary for normal cell division and for the maintenance of normal septation,"GO:0005575,GO:0005622,GO:0005623,GO:0005737,GO:0005829,GO:0044424,GO:0044444,GO:0044464"
hemA,"GlutR_N,GlutR_dimer,Shikimate_DH",H,hemA,Catalyzes the NADPH-dependent reduction of glutamyl- tRNA(Glu) to glutamate 1-semialdehyde (GSA),-
hemC,"Porphobil_deam,Porphobil_deamC",H,hemC,Tetrapolymerization of the monopyrrole PBG into the hydroxymethylbilane pre-uroporphyrinogen in several discrete steps,"GO:0003674,GO:0003824,GO:0004418,GO:0005575,GO:0005622,GO:0005623,GO:0005737,GO:0006725,GO:0006778,GO:0006779,GO:0006783,GO:0006807,GO:0008150,GO:0008152,GO:0009058,GO:0009987,GO:0016740,GO:0016765,GO:0018130,GO:0019438,GO:0033013,GO:0033014,GO:0034641,GO:0042168,GO:0042440,GO:0044237,GO:0044249,GO:0044271,GO:0044424,GO:0044464,GO:0046148,GO:0046483,GO:0051186,GO:0051188,GO:0071704,GO:1901360,GO:1901362,GO:1901564,GO:1901566,GO:1901576"
group_1055,HEM4,H,hemD,Uroporphyrinogen-III synthase,-
hemB,ALAD,H,hemB,Delta-aminolevulinic acid dehydratase,"GO:0003674,GO:0003824,GO:0004655,GO:0005488,GO:0005575,GO:0005622,GO:0005623,GO:0005737,GO:0005829,GO:0006725,GO:0006778,GO:0006779,GO:0006783,GO:0006807,GO:0008150,GO:0008152,GO:0008270,GO:0009058,GO:0009987,GO:0016829,GO:0016835,GO:0016836,GO:0018130,GO:0019438,GO:0033013,GO:0033014,GO:0034641,GO:0042168,GO:0042440,GO:0043167,GO:0043169,GO:0044237,GO:0044249,GO:0044271,GO:0044424,GO:0044444,GO:0044464,GO:0046148,GO:0046483,GO:0046872,GO:0046914,GO:0051186,GO:0051188,GO:0071704,GO:1901360,GO:1901362,GO:1901564,GO:1901566,GO:1901576"
hemL1~~~hemL1_2~~~hemL1_1,Aminotran_3,H,hemL,Glutamate-1-semialdehyde aminotransferase,-
group_1056,AbrB,S,-,Transition state regulatory protein AbrB,-
tag~~~tag_1~~~tag_2,Adenine_glyco,L,tag,glycosylase,-
valS_2~~~valS~~~valS_1,"Anticodon_1,Val_tRNA-synt_C,tRNA-synt_1",J,valS,"amino acids such as threonine, to avoid such errors, it has a posttransfer editing activity that hydrolyzes mischarged Thr-tRNA(Val) in a tRNA-dependent manner","GO:0003674,GO:0003824,GO:0004812,GO:0004832,GO:0006082,GO:0006139,GO:0006399,GO:0006412,GO:0006418,GO:0006438,GO:0006518,GO:0006520,GO:0006725,GO:0006807,GO:0008150,GO:0008152,GO:0009058,GO:0009059,GO:0009987,GO:0010467,GO:0016070,GO:0016874,GO:0016875,GO:0019538,GO:0019752,GO:0034641,GO:0034645,GO:0034660,GO:0043038,GO:0043039,GO:0043043,GO:0043170,GO:0043436,GO:0043603,GO:0043604,GO:0044237,GO:0044238,GO:0044249,GO:0044260,GO:0044267,GO:0044271,GO:0044281,GO:0046483,GO:0071704,GO:0090304,GO:0140098,GO:0140101,GO:1901360,GO:1901564,GO:1901566,GO:1901576"
fpgS,"Mur_ligase_C,Mur_ligase_M",H,folC,Belongs to the folylpolyglutamate synthase family,-
group_1187,"DiS_P_DiS,Peptidase_A24",NOU,comC,"COG1989 Type II secretory pathway, prepilin signal peptidase PulO and related peptidases",-
group_1102,RadC,E,radC,Belongs to the UPF0758 family,-
group_1057,-,-,-,-,-
group_1058,DUF4930,S,-,Domain of unknown function (DUF4930),-
mreC,MreC,M,mreC,Involved in formation and maintenance of cell shape,"GO:0003674,GO:0005488,GO:0005515,GO:0005575,GO:0005623,GO:0005886,GO:0008150,GO:0008360,GO:0009273,GO:0009987,GO:0016020,GO:0022603,GO:0022604,GO:0030428,GO:0042546,GO:0043621,GO:0044085,GO:0044464,GO:0050789,GO:0050793,GO:0050794,GO:0051128,GO:0065007,GO:0065008,GO:0071554,GO:0071840,GO:0071944"
rplU,Ribosomal_L21p,J,rplU,This protein binds to 23S rRNA in the presence of protein L20,"GO:0003674,GO:0003735,GO:0005198"
prp,Peptidase_Prp,J,ysxB,Cysteine protease Prp,-
rpmA,Ribosomal_L27,J,rpmA,Belongs to the bacterial ribosomal protein bL27 family,"GO:0003674,GO:0003735,GO:0005198,GO:0005575,GO:0005622,GO:0005623,GO:0005737,GO:0005829,GO:0005840,GO:0015934,GO:0022625,GO:0022626,GO:0032991,GO:0043226,GO:0043228,GO:0043229,GO:0043232,GO:0044391,GO:0044422,GO:0044424,GO:0044444,GO:0044445,GO:0044446,GO:0044464,GO:1990904"
obg,"DUF1967,GTP1_OBG,MMR_HSR1",S,obg,"An essential GTPase which binds GTP, GDP and possibly (p)ppGpp with moderate affinity, with high nucleotide exchange rates and a fairly low GTP hydrolysis rate. Plays a role in control of the cell cycle, stress response, ribosome biogenesis and in those bacteria that undergo differentiation, in morphogenesis control","GO:0000003,GO:0000160,GO:0000166,GO:0001882,GO:0001883,GO:0003674,GO:0005488,GO:0005525,GO:0007154,GO:0007165,GO:0008150,GO:0009987,GO:0017076,GO:0019001,GO:0019954,GO:0023052,GO:0030436,GO:0032502,GO:0032549,GO:0032550,GO:0032553,GO:0032555,GO:0032561,GO:0035556,GO:0035639,GO:0036094,GO:0043167,GO:0043168,GO:0043934,GO:0050789,GO:0050794,GO:0050896,GO:0051716,GO:0065007,GO:0097159,GO:0097367,GO:1901265,GO:1901363"
ruvA,"HHH_5,RuvA_C,RuvA_N",L,ruvA,"The RuvA-RuvB complex in the presence of ATP renatures cruciform structure in supercoiled DNA with palindromic sequence, indicating that it may promote strand exchange reactions in homologous recombination. RuvAB is a helicase that mediates the Holliday junction migration by localized denaturation and reannealing. RuvA stimulates, in the presence of DNA, the weak ATPase activity of RuvB",-
ruvB~~~ruvB_2~~~ruvB_1,"RuvB_C,RuvB_N",L,ruvB,"The RuvA-RuvB complex in the presence of ATP renatures cruciform structure in supercoiled DNA with palindromic sequence, indicating that it may promote strand exchange reactions in homologous recombination. RuvAB is a helicase that mediates the Holliday junction migration by localized denaturation and reannealing",-
queA,Queuosine_synth,J,queA,Transfers and isomerizes the ribose moiety from AdoMet to the 7-aminomethyl group of 7-deazaguanine (preQ1-tRNA) to give epoxyqueuosine (oQ-tRNA),"GO:0002097,GO:0002099,GO:0003674,GO:0003824,GO:0006139,GO:0006396,GO:0006399,GO:0006400,GO:0006725,GO:0006807,GO:0008033,GO:0008150,GO:0008152,GO:0008616,GO:0009058,GO:0009116,GO:0009119,GO:0009163,GO:0009451,GO:0009987,GO:0010467,GO:0016070,GO:0016740,GO:0016853,GO:0018130,GO:0019438,GO:0034404,GO:0034470,GO:0034641,GO:0034654,GO:0034660,GO:0042455,GO:0043170,GO:0043412,GO:0044237,GO:0044238,GO:0044249,GO:0044271,GO:0044281,GO:0044283,GO:0046116,GO:0046483,GO:0051075,GO:0055086,GO:0071704,GO:0090304,GO:0140098,GO:0140101,GO:1901135,GO:1901137,GO:1901360,GO:1901362,GO:1901564,GO:1901566,GO:1901576,GO:1901657,GO:1901659"
tgt~~~tgt_1~~~tgt_2,TGT,F,tgt,"Catalyzes the base-exchange of a guanine (G) residue with the queuine precursor 7-aminomethyl-7-deazaguanine (PreQ1) at position 34 (anticodon wobble position) in tRNAs with GU(N) anticodons (tRNA-Asp, -Asn, -His and -Tyr). Catalysis occurs through a double-displacement mechanism. The nucleophile active site attacks the C1' of nucleotide 34 to detach the guanine base from the RNA, forming a covalent enzyme-RNA intermediate. The proton acceptor active site deprotonates the incoming PreQ1, allowing a nucleophilic attack on the C1' of the ribose to form the product. After dissociation, two additional enzymatic reactions on the tRNA convert PreQ1 to queuine (Q), resulting in the hypermodified nucleoside queuosine (7-(((4,5-cis-dihydroxy-2- cyclopenten-1-yl)amino)methyl)-7-deazaguanosine)","GO:0005575,GO:0005622,GO:0005623,GO:0005737,GO:0006139,GO:0006725,GO:0006807,GO:0008150,GO:0008152,GO:0008616,GO:0009058,GO:0009116,GO:0009119,GO:0009163,GO:0009987,GO:0018130,GO:0019438,GO:0034404,GO:0034641,GO:0034654,GO:0042455,GO:0044237,GO:0044238,GO:0044249,GO:0044271,GO:0044281,GO:0044283,GO:0044424,GO:0044464,GO:0046116,GO:0046483,GO:0055086,GO:0071704,GO:1901135,GO:1901137,GO:1901360,GO:1901362,GO:1901564,GO:1901566,GO:1901576,GO:1901657,GO:1901659"
yajC,YajC,U,yajC,Preprotein translocase subunit YajC,-
secDF,"SecD_SecF,Sec_GG",U,secD,Part of the Sec protein translocase complex. Interacts with the SecYEG preprotein conducting channel. SecDF uses the proton motive force (PMF) to complete protein translocation after the ATP-dependent function of SecA,"GO:0005575,GO:0005623,GO:0005886,GO:0005887,GO:0006810,GO:0008104,GO:0008150,GO:0015031,GO:0015833,GO:0016020,GO:0016021,GO:0031224,GO:0031226,GO:0033036,GO:0042886,GO:0044425,GO:0044459,GO:0044464,GO:0045184,GO:0051179,GO:0051234,GO:0071702,GO:0071705,GO:0071944"
apt,Pribosyltran,F,apt,"Catalyzes a salvage reaction resulting in the formation of AMP, that is energically less costly than de novo synthesis","GO:0003674,GO:0003824,GO:0003999,GO:0005575,GO:0005622,GO:0005623,GO:0005737,GO:0006139,GO:0006144,GO:0006168,GO:0006725,GO:0006807,GO:0008150,GO:0008152,GO:0009058,GO:0009112,GO:0009113,GO:0009987,GO:0016740,GO:0016757,GO:0016763,GO:0018130,GO:0019438,GO:0034641,GO:0034654,GO:0042440,GO:0043094,GO:0043096,GO:0043101,GO:0044237,GO:0044238,GO:0044249,GO:0044271,GO:0044281,GO:0044424,GO:0044464,GO:0046083,GO:0046084,GO:0046112,GO:0046148,GO:0046483,GO:0055086,GO:0071704,GO:0072521,GO:0072522,GO:1901360,GO:1901362,GO:1901564,GO:1901566,GO:1901576"
relA,"ACT_4,HD_4,RelA_SpoT,TGS",KT,relA,In eubacteria ppGpp (guanosine 3'-diphosphate 5-' diphosphate) is a mediator of the stringent response that coordinates a variety of cellular activities in response to changes in nutritional abundance,"GO:0003674,GO:0003824,GO:0005575,GO:0005618,GO:0005623,GO:0005886,GO:0006139,GO:0006163,GO:0006725,GO:0006753,GO:0006793,GO:0006796,GO:0006807,GO:0006950,GO:0008150,GO:0008152,GO:0008728,GO:0008893,GO:0009116,GO:0009117,GO:0009119,GO:0009150,GO:0009259,GO:0009605,GO:0009987,GO:0009991,GO:0015969,GO:0016020,GO:0016740,GO:0016772,GO:0016778,GO:0016787,GO:0016788,GO:0016794,GO:0019637,GO:0019693,GO:0030312,GO:0031667,GO:0033865,GO:0033875,GO:0034032,GO:0034035,GO:0034641,GO:0042278,GO:0042578,GO:0042594,GO:0044237,GO:0044238,GO:0044281,GO:0044464,GO:0046128,GO:0046483,GO:0050896,GO:0055086,GO:0071704,GO:0071944,GO:0072521,GO:1901068,GO:1901135,GO:1901360,GO:1901564,GO:1901657"
hisS,"HGTP_anticodon,tRNA-synt_2b,tRNA-synt_His",J,hisS,histidyl-tRNA synthetase,-
aspS,"GAD,tRNA-synt_2,tRNA_anti-codon",J,aspS,Catalyzes the attachment of L-aspartate to tRNA(Asp) in a two-step reaction L-aspartate is first activated by ATP to form Asp-AMP and then transferred to the acceptor end of tRNA(Asp),-
tcdA,ThiF,H,yrvM,COG1179 Dinucleotide-utilizing enzymes involved in molybdopterin and thiamine biosynthesis family 1,"GO:0003674,GO:0003824,GO:0006139,GO:0006396,GO:0006399,GO:0006400,GO:0006725,GO:0006807,GO:0008033,GO:0008150,GO:0008152,GO:0009451,GO:0009987,GO:0010467,GO:0016070,GO:0016829,GO:0016835,GO:0016836,GO:0034470,GO:0034641,GO:0034660,GO:0043170,GO:0043412,GO:0044237,GO:0044238,GO:0046483,GO:0061503,GO:0061504,GO:0071704,GO:0090304,GO:0140098,GO:0140101,GO:1901360"
rarA~~~rarA_1~~~rarA_2,"AAA,AAA_assoc_2,MgsA_C,RuvB_N",L,rarA,COG2256 ATPase related to the helicase subunit of the Holliday junction resolvase,-
cymR,Rrf2,K,cymR,Transcriptional regulator,"GO:0001047,GO:0001067,GO:0003674,GO:0003676,GO:0003677,GO:0005488,GO:0005515,GO:0005575,GO:0008150,GO:0009987,GO:0016043,GO:0022607,GO:0032991,GO:0032993,GO:0042802,GO:0042803,GO:0043933,GO:0044085,GO:0044212,GO:0046983,GO:0051259,GO:0051260,GO:0051262,GO:0051289,GO:0051291,GO:0065003,GO:0071840,GO:0097159,GO:1901363"
iscS_1~~~iscS_2,Aminotran_5,E,iscS,Cysteine desulfurase,-
mnmA,tRNA_Me_trans,J,mnmA,"Catalyzes the 2-thiolation of uridine at the wobble position (U34) of tRNA, leading to the formation of s(2)U34","GO:0002097,GO:0002098,GO:0002143,GO:0006139,GO:0006396,GO:0006399,GO:0006400,GO:0006725,GO:0006807,GO:0008033,GO:0008150,GO:0008152,GO:0009451,GO:0009987,GO:0010467,GO:0016070,GO:0034227,GO:0034470,GO:0034641,GO:0034660,GO:0043170,GO:0043412,GO:0044237,GO:0044238,GO:0046483,GO:0071704,GO:0090304,GO:1901360"
alaS,"DHHA1,tRNA-synt_2c,tRNA_SAD",J,alaS,Catalyzes the attachment of alanine to tRNA(Ala) in a two-step reaction alanine is first activated by ATP to form Ala- AMP and then transferred to the acceptor end of tRNA(Ala). Also edits incorrectly charged Ser-tRNA(Ala) and Gly-tRNA(Ala) via its editing domain,"GO:0003674,GO:0003824,GO:0004812,GO:0004813,GO:0005488,GO:0005575,GO:0005622,GO:0005623,GO:0005737,GO:0005829,GO:0006082,GO:0006139,GO:0006396,GO:0006399,GO:0006400,GO:0006412,GO:0006418,GO:0006419,GO:0006518,GO:0006520,GO:0006725,GO:0006807,GO:0008033,GO:0008150,GO:0008152,GO:0009058,GO:0009059,GO:0009451,GO:0009987,GO:0010467,GO:0016070,GO:0016597,GO:0016874,GO:0016875,GO:0019538,GO:0019752,GO:0031406,GO:0034470,GO:0034641,GO:0034645,GO:0034660,GO:0036094,GO:0043038,GO:0043039,GO:0043043,GO:0043167,GO:0043168,GO:0043170,GO:0043177,GO:0043412,GO:0043436,GO:0043603,GO:0043604,GO:0044237,GO:0044238,GO:0044249,GO:0044260,GO:0044267,GO:0044271,GO:0044281,GO:0044424,GO:0044444,GO:0044464,GO:0046483,GO:0071704,GO:0090304,GO:0140098,GO:0140101,GO:1901360,GO:1901564,GO:1901566,GO:1901576"
group_2189,DUF965,S,yrzL,Belongs to the UPF0297 family,-
yrrK,RuvX,J,yrrK,Could be a nuclease involved in processing of the 5'-end of pre-16S rRNA,"GO:0000966,GO:0000967,GO:0005575,GO:0005622,GO:0005623,GO:0005737,GO:0005829,GO:0006139,GO:0006364,GO:0006396,GO:0006725,GO:0006807,GO:0008150,GO:0008152,GO:0009987,GO:0010467,GO:0016070,GO:0016072,GO:0022613,GO:0034470,GO:0034471,GO:0034641,GO:0034660,GO:0042254,GO:0043170,GO:0044085,GO:0044237,GO:0044238,GO:0044424,GO:0044444,GO:0044464,GO:0046483,GO:0071704,GO:0071840,GO:0090304,GO:1901360"
group_2190,DUF1292,S,-,Belongs to the UPF0473 family,-
trmR,Methyltransf_3,S,yrrM,O-methyltransferase,-
trhP_1~~~trhP_2,Peptidase_U32,O,yrrN,Peptidase U32,-
trhP_2,"Peptidase_U32,Peptidase_U32_C",O,yrrO,Peptidase U32 family,-
udk~~~udk_1~~~udk_2,PRK,F,udk,Cytidine monophosphokinase,"GO:0003674,GO:0003824,GO:0004849,GO:0005575,GO:0005622,GO:0005623,GO:0005737,GO:0005829,GO:0006139,GO:0006206,GO:0006213,GO:0006220,GO:0006221,GO:0006222,GO:0006725,GO:0006753,GO:0006793,GO:0006796,GO:0006807,GO:0008150,GO:0008152,GO:0008655,GO:0009058,GO:0009112,GO:0009116,GO:0009117,GO:0009119,GO:0009123,GO:0009124,GO:0009129,GO:0009130,GO:0009156,GO:0009161,GO:0009163,GO:0009165,GO:0009173,GO:0009174,GO:0009218,GO:0009220,GO:0009224,GO:0009259,GO:0009260,GO:0009987,GO:0016301,GO:0016310,GO:0016740,GO:0016772,GO:0016773,GO:0018130,GO:0019205,GO:0019206,GO:0019438,GO:0019637,GO:0019693,GO:0034404,GO:0034641,GO:0034654,GO:0042455,GO:0043094,GO:0043097,GO:0043174,GO:0043771,GO:0044237,GO:0044238,GO:0044249,GO:0044271,GO:0044281,GO:0044283,GO:0044424,GO:0044444,GO:0044464,GO:0046035,GO:0046049,GO:0046131,GO:0046132,GO:0046134,GO:0046390,GO:0046483,GO:0055086,GO:0071704,GO:0072527,GO:0072528,GO:0090407,GO:1901135,GO:1901137,GO:1901293,GO:1901360,GO:1901362,GO:1901564,GO:1901566,GO:1901576,GO:1901657,GO:1901659"
greA,"GreA_GreB,GreA_GreB_N",K,greA,"Necessary for efficient RNA polymerase transcription elongation past template-encoded arresting sites. The arresting sites in DNA have the property of trapping a certain fraction of elongating RNA polymerases that pass through, resulting in locked ternary complexes. Cleavage of the nascent transcript by cleavage factors such as GreA or GreB allows the resumption of elongation from the new 3'terminus. GreA releases sequences of 2 to 3 nucleotides","GO:0006139,GO:0006351,GO:0006354,GO:0006725,GO:0006807,GO:0008150,GO:0008152,GO:0009058,GO:0009059,GO:0009987,GO:0010467,GO:0016070,GO:0018130,GO:0019438,GO:0032774,GO:0034641,GO:0034645,GO:0034654,GO:0043170,GO:0044237,GO:0044238,GO:0044249,GO:0044260,GO:0044271,GO:0046483,GO:0071704,GO:0090304,GO:0097659,GO:1901360,GO:1901362,GO:1901576"
accC~~~accC_1~~~accC_2~~~pyc,"Biotin_carb_C,Biotin_carb_N,CPSase_L_D2",I,-,Acetyl-CoA carboxylase (Biotin carboxylase subunit),-
pxpA,LamB_YcsF,S,-,Belongs to the UPF0271 (lamB) family,-
mtnN,PNP_UDP_1,F,mtnN,"Catalyzes the irreversible cleavage of the glycosidic bond in both 5'-methylthioadenosine (MTA) and S- adenosylhomocysteine (SAH AdoHcy) to adenine and the corresponding thioribose, 5'-methylthioribose and S-ribosylhomocysteine, respectively",-
group_2191,"HAD_2,Hydrolase,Hydrolase_like,PGP_phosphatase",S,yqeG,Mitochondrial PGP phosphatase,-
yqeH,MMR_HSR1,S,yqeH,GTPase YqeH,"GO:0003674,GO:0003824,GO:0003924,GO:0006275,GO:0008150,GO:0008156,GO:0009889,GO:0009890,GO:0009892,GO:0010556,GO:0010558,GO:0010605,GO:0016462,GO:0016787,GO:0016817,GO:0016818,GO:0017111,GO:0019219,GO:0019222,GO:0022613,GO:0030174,GO:0031323,GO:0031324,GO:0031326,GO:0031327,GO:0032297,GO:0042254,GO:0044085,GO:0045934,GO:0048519,GO:0048523,GO:0050789,GO:0050794,GO:0051052,GO:0051053,GO:0051171,GO:0051172,GO:0060255,GO:0065007,GO:0071840,GO:0080090,GO:0090329,GO:2000104,GO:2000112,GO:2000113"
rsfS,RsfS,J,rsfS,"Functions as a ribosomal silencing factor. Interacts with ribosomal protein L14 (rplN), blocking formation of intersubunit bridge B8. Prevents association of the 30S and 50S ribosomal subunits and the formation of functional ribosomes, thus repressing translation","GO:0003674,GO:0005488,GO:0006417,GO:0008150,GO:0009889,GO:0009890,GO:0009892,GO:0010468,GO:0010556,GO:0010558,GO:0010605,GO:0010608,GO:0010629,GO:0017148,GO:0019222,GO:0031323,GO:0031324,GO:0031326,GO:0031327,GO:0032268,GO:0032269,GO:0034248,GO:0034249,GO:0043021,GO:0043023,GO:0044087,GO:0044877,GO:0048519,GO:0048523,GO:0050789,GO:0050794,GO:0051171,GO:0051172,GO:0051246,GO:0051248,GO:0060255,GO:0065007,GO:0080090,GO:0090069,GO:0090071,GO:2000112,GO:2000113"
bioC~~~bioC_1,Methyltransf_25,Q,yqeM,Methyltransferase,-
tadA_1~~~tadA_2,dCMP_cyt_deam_1,F,comEB,ComE operon protein 2,-
holA,DNA_pol3_delta,L,holA,DNA polymerase III delta' subunit,-
rpsT,Ribosomal_S20p,J,rpsT,Binds directly to 16S ribosomal RNA,-
group_1060,-,S,-,PVL ORF-50-like family,-
group_1062,-,S,-,DNA polymerase family A,"GO:0003674,GO:0003824,GO:0003887,GO:0004518,GO:0004527,GO:0006139,GO:0006259,GO:0006725,GO:0006807,GO:0008150,GO:0008152,GO:0008408,GO:0009058,GO:0009059,GO:0009987,GO:0016740,GO:0016772,GO:0016779,GO:0016787,GO:0016788,GO:0018130,GO:0019438,GO:0034061,GO:0034641,GO:0034645,GO:0034654,GO:0043170,GO:0044237,GO:0044238,GO:0044249,GO:0044260,GO:0044271,GO:0046483,GO:0071704,GO:0071897,GO:0090304,GO:0090305,GO:0140097,GO:1901360,GO:1901362,GO:1901576"
group_1064,-,S,-,Protein of unknown function (DUF2800),-
group_1579,-,-,-,-,-
group_1066,HTH_3,K,-,Helix-turn-helix XRE-family like proteins,-
group_767,HTH_3,K,-,Cro/C1-type HTH DNA-binding domain,-
srrB,"HAMP,HATPase_c,HisKA,PAS,PAS_4",T,resE,Histidine kinase,-
srrA,"Response_reg,Trans_reg_C",T,resD,COG0745 Response regulators consisting of a CheY-like receiver domain and a winged-helix DNA-binding domain,-
rluB~~~rluB_2~~~rluB_1,"PseudoU_synth_2,S4",J,rluB,Belongs to the pseudouridine synthase RsuA family,-
scpA,SMC_ScpA,D,scpA,Participates in chromosomal partition during cell division. May act via the formation of a condensin-like complex containing Smc and ScpB that pull DNA away from mid-cell into both cell halves,"GO:0003674,GO:0005488,GO:0005515,GO:0042802"
xerD_1~~~xerD_4~~~xerD_2,"Phage_int_SAM_1,Phage_integrase",D,xerD,"Site-specific tyrosine recombinase, which acts by catalyzing the cutting and rejoining of the recombining DNA molecules. The XerC-XerD complex is essential to convert dimers of the bacterial chromosome into monomers to permit their segregation at cell division. It also contributes to the segregational stability of plasmids",-
fur,FUR,P,fur,Belongs to the Fur family,"GO:0000976,GO:0001067,GO:0001130,GO:0001217,GO:0003674,GO:0003676,GO:0003677,GO:0003690,GO:0003700,GO:0005488,GO:0005575,GO:0006355,GO:0008150,GO:0009889,GO:0009890,GO:0009892,GO:0010468,GO:0010556,GO:0010558,GO:0010605,GO:0010629,GO:0019219,GO:0019222,GO:0031323,GO:0031324,GO:0031326,GO:0031327,GO:0032991,GO:0032993,GO:0043565,GO:0044212,GO:0045892,GO:0045934,GO:0048519,GO:0048523,GO:0050789,GO:0050794,GO:0051171,GO:0051172,GO:0051252,GO:0051253,GO:0060255,GO:0065007,GO:0080090,GO:0097159,GO:0140110,GO:1901363,GO:1902679,GO:1903506,GO:1903507,GO:1990837,GO:2000112,GO:2000113,GO:2001141"
nudF,NUDIX,L,nudF,Belongs to the Nudix hydrolase family,-
proC_1~~~proC_2~~~proC,"F420_oxidored,P5CR_dimer",E,proC,Catalyzes the reduction of 1-pyrroline-5-carboxylate (PCA) to L-proline,-
rnz,"Lactamase_B,Lactamase_B_2",J,rnz,"Zinc phosphodiesterase, which displays some tRNA 3'- processing endonuclease activity. Probably involved in tRNA maturation, by removing a 3'-trailer from precursor tRNA","GO:0003674,GO:0003824,GO:0004518,GO:0004519,GO:0004521,GO:0004540,GO:0006139,GO:0006396,GO:0006399,GO:0006725,GO:0006807,GO:0008033,GO:0008150,GO:0008152,GO:0009987,GO:0010467,GO:0016070,GO:0016787,GO:0016788,GO:0016891,GO:0016893,GO:0031123,GO:0034414,GO:0034470,GO:0034641,GO:0034660,GO:0042779,GO:0042780,GO:0042781,GO:0043170,GO:0043628,GO:0044237,GO:0044238,GO:0046483,GO:0071704,GO:0090304,GO:0090305,GO:0090501,GO:0090502,GO:0140098,GO:1901360,GO:1905267"
zwf,"G6PD_C,G6PD_N",G,zwf,Catalyzes the oxidation of glucose 6-phosphate to 6- phosphogluconolactone,-
group_3002,"Cass2,HTH_18",K,-,Transcriptional regulator,-
malL_2~~~malL_1~~~malL,"Alpha-amylase,Malt_amylase_C",G,yugT,Alpha-amylase domain,-
gnd,"6PGD,NAD_binding_2",G,gnd,"Catalyzes the oxidative decarboxylation of 6- phosphogluconate to ribulose 5-phosphate and CO(2), with concomitant reduction of NADP to NADPH",-
group_3,"ArAE_1,ArAE_1_C",S,yqjA,Putative aromatic acid exporter C-terminal domain,-
group_2192,Disulph_isomer,S,yqiW,Belongs to the UPF0403 family,-
lpdG~~~lpd,"Pyr_redox_2,Pyr_redox_dim",C,bfmBC,"COG1249 Pyruvate 2-oxoglutarate dehydrogenase complex, dihydrolipoamide dehydrogenase (E3) component, and related enzymes",-
recN,"AAA_23,SMC_N",L,recN,May be involved in recombinational repair of damaged DNA,"GO:0005575,GO:0005622,GO:0005623,GO:0006139,GO:0006259,GO:0006281,GO:0006302,GO:0006725,GO:0006807,GO:0006950,GO:0006974,GO:0008150,GO:0008152,GO:0009295,GO:0009987,GO:0033554,GO:0034641,GO:0043170,GO:0043226,GO:0043228,GO:0043229,GO:0043232,GO:0043590,GO:0044237,GO:0044238,GO:0044260,GO:0044424,GO:0044464,GO:0046483,GO:0050896,GO:0051716,GO:0071704,GO:0090304,GO:1901360"
group_2991,"Arg_repressor,Arg_repressor_C",K,argR,Regulates arginine biosynthesis genes,"GO:0005575,GO:0005622,GO:0005623,GO:0005737,GO:0006082,GO:0006355,GO:0006520,GO:0006525,GO:0006807,GO:0008150,GO:0008152,GO:0009064,GO:0009889,GO:0009987,GO:0010468,GO:0010556,GO:0019219,GO:0019222,GO:0019752,GO:0031323,GO:0031326,GO:0043436,GO:0044237,GO:0044238,GO:0044281,GO:0044424,GO:0044464,GO:0050789,GO:0050794,GO:0051171,GO:0051252,GO:0060255,GO:0065007,GO:0071704,GO:0080090,GO:1901564,GO:1901605,GO:1903506,GO:2000112,GO:2001141"
xseB,Exonuc_VII_S,L,xseB,"Bidirectionally degrades single-stranded DNA into large acid-insoluble oligonucleotides, which are then degraded further into small acid-soluble oligonucleotides",-
xseA_1~~~xseA_2~~~xseA,"Exonuc_VII_L,tRNA_anti_2",L,xseA,"Bidirectionally degrades single-stranded DNA into large acid-insoluble oligonucleotides, which are then degraded further into small acid-soluble oligonucleotides",-
group_2194,Asp23,S,yqhY,protein conserved in bacteria,-
cfiB,"Biotin_carb_C,Biotin_carb_N,CPSase_L_D2",I,accC,Biotin carboxylase,-
accB_2~~~accB_1,Biotin_lipoyl,I,accB,"first, biotin carboxylase catalyzes the carboxylation of the carrier protein and then the transcarboxylase transfers the carboxyl group to form malonyl-CoA",-
efp,"EFP,EFP_N,Elong-fact-P_C",J,efp,"Involved in peptide bond synthesis. Stimulates efficient translation and peptide-bond synthesis on native or reconstituted 70S ribosomes in vitro. Probably functions indirectly by altering the affinity of the ribosome for aminoacyl-tRNA, thus increasing their reactivity as acceptors for peptidyl transferase","GO:0003674,GO:0003676,GO:0003723,GO:0003746,GO:0005488,GO:0005575,GO:0005622,GO:0005623,GO:0005737,GO:0006412,GO:0006414,GO:0006518,GO:0006807,GO:0008135,GO:0008150,GO:0008152,GO:0009058,GO:0009059,GO:0009987,GO:0010467,GO:0019538,GO:0034641,GO:0034645,GO:0043043,GO:0043170,GO:0043603,GO:0043604,GO:0044237,GO:0044238,GO:0044249,GO:0044260,GO:0044267,GO:0044271,GO:0044424,GO:0044464,GO:0071704,GO:0097159,GO:1901363,GO:1901564,GO:1901566,GO:1901576"
ypdF~~~ypdF_1~~~ypdF_2,"Creatinase_N,Peptidase_M24",E,pepP,Belongs to the peptidase M24B family,-
group_7,-,-,-,-,-
lipM,BPL_LplA_LipB,H,lipM,"Catalyzes the transfer of endogenously produced octanoic acid from octanoyl-acyl-carrier-protein onto the lipoyl domain of GcvH, an intermediate carrier during protein lipoylation","GO:0003674,GO:0003824,GO:0006082,GO:0006464,GO:0006629,GO:0006631,GO:0006633,GO:0006732,GO:0006790,GO:0006807,GO:0008150,GO:0008152,GO:0008610,GO:0009058,GO:0009106,GO:0009107,GO:0009108,GO:0009249,GO:0009987,GO:0010467,GO:0016053,GO:0016415,GO:0016740,GO:0016746,GO:0016747,GO:0018065,GO:0018130,GO:0018193,GO:0018205,GO:0019538,GO:0019752,GO:0032787,GO:0036211,GO:0043170,GO:0043412,GO:0043436,GO:0044237,GO:0044238,GO:0044249,GO:0044255,GO:0044260,GO:0044267,GO:0044272,GO:0044281,GO:0044283,GO:0046394,GO:0046483,GO:0051186,GO:0051188,GO:0051604,GO:0071704,GO:0072330,GO:1901360,GO:1901362,GO:1901564,GO:1901576"
yibN,Rhodanese,P,yqhL,Rhodanese Homology Domain,-
gcvPB~~~gcvPB_2~~~gcvPB_1,GDC-P,E,gcvPB,The glycine cleavage system catalyzes the degradation of glycine. The P protein binds the alpha-amino group of glycine through its pyridoxal phosphate cofactor,-
gcvPA~~~gcvPA_1~~~gcvPA_2,GDC-P,E,gcvPA,The glycine cleavage system catalyzes the degradation of glycine. The P protein binds the alpha-amino group of glycine through its pyridoxal phosphate cofactor,-
gcvT~~~gcvT_1~~~gcvT_2,"GCV_T,GCV_T_C",E,gcvT,The glycine cleavage system catalyzes the degradation of glycine,-
group_48,-,-,-,-,-
comGC,N_methyl,U,comGC,Required for transformation and DNA binding,"GO:0005575,GO:0005623,GO:0005886,GO:0009986,GO:0016020,GO:0044464,GO:0071944"
pilC,T2SSF,NU,comGB,"Late competence protein ComGB, access of DNA to ComEA",-
comGA~~~pilB,"T2SSE,T2SSE_N",NU,comGA,competence protein comGA,-
group_1512,Lactamase_B,S,yqgX,metallo-beta-lactamase superfamily protein,-
gluP~~~glpG,"Rhomboid,TPR_2,TPR_8",S,gluP,Rhomboid family,-
rpmG2,Ribosomal_L33,J,rpmG1,Belongs to the bacterial ribosomal protein bL33 family,-
pbpA,"PBP_dimer,Transpeptidase",M,pbp2b,penicillin-binding protein,-
sodA,"Sod_Fe_C,Sod_Fe_N",C,sodA,radicals which are normally produced within the cells and which are toxic to biological systems,-
zur,FUR,P,zur,Belongs to the Fur family,-
znuB~~~mntB_1,ABC-3,P,zurM,ABC transporter,-
uup_1~~~uup_3~~~uup_2,ABC_tran,P,zurA,"ABC transporter, ATP-binding protein",-
nfo,AP_endonuc_2,L,nfo,Endonuclease IV plays a role in DNA repair. It cleaves phosphodiester bonds at apurinic or apyrimidinic sites (AP sites) to produce new 5'-ends that are base-free deoxyribose 5-phosphate residues. It preferentially attacks modified AP sites created by bleomycin and neocarzinostatin,"GO:0003674,GO:0003824,GO:0003906,GO:0006139,GO:0006259,GO:0006281,GO:0006284,GO:0006725,GO:0006807,GO:0006950,GO:0006974,GO:0008081,GO:0008150,GO:0008152,GO:0009987,GO:0016787,GO:0016788,GO:0033554,GO:0034641,GO:0042578,GO:0043170,GO:0044237,GO:0044238,GO:0044260,GO:0046483,GO:0050896,GO:0051716,GO:0071704,GO:0090304,GO:0140097,GO:1901360"
cshB,"DEAD,Helicase_C",JKL,cshB,DEAD-box RNA helicase. May work in conjunction with the cold shock proteins to ensure proper initiation of transcription at low and optimal temperatures,"GO:0000166,GO:0003674,GO:0003676,GO:0003723,GO:0003724,GO:0003824,GO:0004004,GO:0004386,GO:0005488,GO:0005524,GO:0005575,GO:0005622,GO:0005623,GO:0005737,GO:0006139,GO:0006725,GO:0006807,GO:0006950,GO:0008026,GO:0008144,GO:0008150,GO:0008152,GO:0008186,GO:0009266,GO:0009295,GO:0009409,GO:0009628,GO:0009987,GO:0010501,GO:0016070,GO:0016462,GO:0016787,GO:0016817,GO:0016818,GO:0016887,GO:0017076,GO:0017111,GO:0030554,GO:0032553,GO:0032555,GO:0032559,GO:0034641,GO:0035639,GO:0036094,GO:0042623,GO:0043167,GO:0043168,GO:0043170,GO:0043226,GO:0043228,GO:0043229,GO:0043232,GO:0043590,GO:0044237,GO:0044238,GO:0044424,GO:0044464,GO:0046483,GO:0050896,GO:0070035,GO:0071704,GO:0090304,GO:0097159,GO:0097367,GO:0140098,GO:1901265,GO:1901360,GO:1901363"
sigA,"Sigma70_r1_1,Sigma70_r1_2,Sigma70_r2,Sigma70_r3,Sigma70_r4",K,sigA,Sigma factors are initiation factors that promote the attachment of RNA polymerase to specific initiation sites and are then released. This sigma factor is the primary sigma factor during exponential growth,-
dnaG,"DnaB,DnaB_bind,Toprim_2,Toprim_4,Toprim_N,zf-CHC2",L,dnaG,RNA polymerase that catalyzes the synthesis of short RNA molecules used as primers for DNA polymerase during DNA replication,-
yqfL~~~yqfL_1~~~yqfL_2,Kinase-PPPase,F,yqfL,"Bifunctional serine threonine kinase and phosphorylase involved in the regulation of the pyruvate, phosphate dikinase (PPDK) by catalyzing its phosphorylation dephosphorylation",-
ccpN,"CBS,HTH_11",K,ccpN,CBS domain,"GO:0006355,GO:0007154,GO:0007584,GO:0008150,GO:0009605,GO:0009889,GO:0009890,GO:0009892,GO:0009987,GO:0009991,GO:0010468,GO:0010556,GO:0010558,GO:0010605,GO:0010629,GO:0019219,GO:0019222,GO:0031323,GO:0031324,GO:0031326,GO:0031327,GO:0031667,GO:0031668,GO:0031669,GO:0031670,GO:0042221,GO:0045013,GO:0045892,GO:0045934,GO:0045990,GO:0048519,GO:0048523,GO:0050789,GO:0050794,GO:0050896,GO:0051171,GO:0051172,GO:0051252,GO:0051253,GO:0051716,GO:0060255,GO:0061984,GO:0061985,GO:0065007,GO:0070887,GO:0071496,GO:0080090,GO:1902679,GO:1903506,GO:1903507,GO:2000112,GO:2000113,GO:2001141"
glyQS,"HGTP_anticodon,tRNA-synt_2b",J,glyQS,Belongs to the class-II aminoacyl-tRNA synthetase family,"GO:0003674,GO:0003824,GO:0004812,GO:0004820,GO:0005488,GO:0005515,GO:0005575,GO:0005622,GO:0005623,GO:0005737,GO:0006082,GO:0006139,GO:0006399,GO:0006412,GO:0006418,GO:0006426,GO:0006518,GO:0006520,GO:0006725,GO:0006807,GO:0008150,GO:0008152,GO:0009058,GO:0009059,GO:0009987,GO:0010467,GO:0016070,GO:0016874,GO:0016875,GO:0019538,GO:0019752,GO:0034641,GO:0034645,GO:0034660,GO:0043038,GO:0043039,GO:0043043,GO:0043170,GO:0043436,GO:0043603,GO:0043604,GO:0044237,GO:0044238,GO:0044249,GO:0044260,GO:0044267,GO:0044271,GO:0044281,GO:0044424,GO:0044464,GO:0046483,GO:0046983,GO:0071704,GO:0090304,GO:0140098,GO:0140101,GO:1901360,GO:1901564,GO:1901566,GO:1901576"
era,"KH_2,MMR_HSR1",S,era,"An essential GTPase that binds both GDP and GTP, with rapid nucleotide exchange. Plays a role in 16S rRNA processing and 30S ribosomal subunit biogenesis and possibly also in cell cycle regulation and energy metabolism","GO:0000166,GO:0001882,GO:0001883,GO:0003674,GO:0003824,GO:0003924,GO:0005488,GO:0005525,GO:0005575,GO:0005622,GO:0005623,GO:0005737,GO:0005886,GO:0006275,GO:0008150,GO:0008156,GO:0009889,GO:0009890,GO:0009892,GO:0010556,GO:0010558,GO:0010605,GO:0016020,GO:0016462,GO:0016787,GO:0016817,GO:0016818,GO:0017076,GO:0017111,GO:0019001,GO:0019003,GO:0019219,GO:0019222,GO:0030174,GO:0031323,GO:0031324,GO:0031326,GO:0031327,GO:0032297,GO:0032549,GO:0032550,GO:0032553,GO:0032555,GO:0032561,GO:0035639,GO:0036094,GO:0043167,GO:0043168,GO:0044424,GO:0044464,GO:0045934,GO:0048518,GO:0048519,GO:0048522,GO:0048523,GO:0050789,GO:0050794,GO:0051052,GO:0051053,GO:0051171,GO:0051172,GO:0051302,GO:0051781,GO:0060255,GO:0065007,GO:0071944,GO:0080090,GO:0090329,GO:0097159,GO:0097367,GO:1901265,GO:1901363,GO:2000104,GO:2000112,GO:2000113"
dgkA,DAGK_prokar,M,dgkA,Diacylglycerol kinase,-
ybeY,UPF0054,J,ybeY,Single strand-specific metallo-endoribonuclease involved in late-stage 70S ribosome quality control and in maturation of the 3' terminus of the 16S rRNA,-
group_2195,PhoH,T,phoH,Phosphate starvation-inducible protein PhoH,-
floA,YdfA_immunity,S,yqfA,UPF0365 protein,-
group_3047,"NfeD,SDH_sah",O,yqeZ,COG1030 Membrane-bound serine protease (ClpP class),-
rpsU,Ribosomal_S21,J,rpsU,Belongs to the bacterial ribosomal protein bS21 family,"GO:0005575,GO:0005622,GO:0005623,GO:0005737,GO:0005840,GO:0032991,GO:0043226,GO:0043228,GO:0043229,GO:0043232,GO:0044391,GO:0044422,GO:0044424,GO:0044444,GO:0044446,GO:0044464,GO:1990904"
mtaB~~~mtaB_1~~~mtaB_2,"Radical_SAM,TRAM,UPF0004",J,yqeV,Uncharacterized protein family UPF0004,"GO:0003674,GO:0003824,GO:0006139,GO:0006396,GO:0006399,GO:0006400,GO:0006725,GO:0006807,GO:0008033,GO:0008150,GO:0008152,GO:0009451,GO:0009987,GO:0010467,GO:0016070,GO:0016740,GO:0016782,GO:0034470,GO:0034641,GO:0034660,GO:0035596,GO:0035598,GO:0035600,GO:0043170,GO:0043412,GO:0044237,GO:0044238,GO:0046483,GO:0050497,GO:0071704,GO:0090304,GO:1901360"
rsmE,Methyltrans_RNA,J,rsmE,Specifically methylates the N3 position of the uracil ring of uridine 1498 (m3U1498) in 16S rRNA. Acts on the fully assembled 30S ribosomal subunit,"GO:0000154,GO:0001510,GO:0003674,GO:0003824,GO:0006139,GO:0006364,GO:0006396,GO:0006725,GO:0006807,GO:0008150,GO:0008152,GO:0008168,GO:0008170,GO:0008173,GO:0008649,GO:0008757,GO:0009451,GO:0009987,GO:0010467,GO:0016070,GO:0016072,GO:0016436,GO:0016740,GO:0016741,GO:0022613,GO:0031167,GO:0032259,GO:0034470,GO:0034641,GO:0034660,GO:0042254,GO:0043170,GO:0043412,GO:0043414,GO:0044085,GO:0044237,GO:0044238,GO:0044260,GO:0046483,GO:0070042,GO:0070475,GO:0071704,GO:0071840,GO:0090304,GO:0140098,GO:0140102,GO:1901360"
prmA_1~~~prmA_2~~~prmA,PrmA,J,prmA,Ribosomal protein L11 methyltransferase,-
dnaJ~~~dnaJ_1~~~dnaJ_2,"DnaJ,DnaJ_C,DnaJ_CXXCXGXG",O,dnaJ,"ATP binding to DnaK triggers the release of the substrate protein, thus completing the reaction cycle. Several rounds of ATP-dependent interactions between DnaJ, DnaK and GrpE are required for fully efficient folding. Also involved, together with DnaK and GrpE, in the DNA replication of plasmids through activation of initiation proteins",-
dnaK,HSP70,O,dnaK,Heat shock 70 kDa protein,"GO:0001871,GO:0003674,GO:0005488,GO:0005575,GO:0005623,GO:0008150,GO:0009986,GO:0030246,GO:0030247,GO:0044464,GO:0051704,GO:0098630,GO:0098743,GO:2001065"
grpE,GrpE,O,grpE,"Participates actively in the response to hyperosmotic and heat shock by preventing the aggregation of stress-denatured proteins, in association with DnaK and GrpE. It is the nucleotide exchange factor for DnaK and may function as a thermosensor. Unfolded proteins bind initially to DnaJ","GO:0000166,GO:0000774,GO:0001871,GO:0003674,GO:0005488,GO:0005515,GO:0005575,GO:0005623,GO:0008150,GO:0009986,GO:0017076,GO:0030234,GO:0030246,GO:0030247,GO:0030554,GO:0036094,GO:0044464,GO:0050790,GO:0051082,GO:0060589,GO:0060590,GO:0065007,GO:0065009,GO:0097159,GO:0098772,GO:1901265,GO:1901363,GO:2001065"
hrcA_2~~~hrcA_1~~~hrcA,"HrcA,HrcA_DNA-bdg",K,hrcA,Negative regulator of class I heat shock genes (grpE- dnaK-dnaJ and groELS operons). Prevents heat-shock induction of these operons,"GO:0006355,GO:0008150,GO:0009889,GO:0009890,GO:0009892,GO:0010468,GO:0010556,GO:0010558,GO:0010605,GO:0010629,GO:0019219,GO:0019222,GO:0031323,GO:0031324,GO:0031326,GO:0031327,GO:0045892,GO:0045934,GO:0048519,GO:0048523,GO:0050789,GO:0050794,GO:0051171,GO:0051172,GO:0051252,GO:0051253,GO:0060255,GO:0065007,GO:0080090,GO:1902679,GO:1903506,GO:1903507,GO:2000112,GO:2000113,GO:2001141"
lepA_2~~~lepA~~~lepA_1,"EFG_C,EFG_II,GTP_EFTU,GTP_EFTU_D2,LepA_C",M,lepA,"Required for accurate and efficient protein synthesis under certain stress conditions. May act as a fidelity factor of the translation reaction, by catalyzing a one-codon backward translocation of tRNAs on improperly translocated ribosomes. Back- translocation proceeds from a post-translocation (POST) complex to a pre-translocation (PRE) complex, thus giving elongation factor G a second chance to translocate the tRNAs correctly. Binds to ribosomes in a GTP-dependent manner",-
group_147,DUF1405,S,ypjA,Protein of unknown function (DUF1405),-
dynA~~~dynA_1~~~dynA_2,Dynamin_N,S,-,Dynamin family,-
group_297,"Amidase_2,CHAP,PG_binding_1",M,-,N-Acetylmuramoyl-L-alanine amidase,-
group_2197,Phage_holin_4_1,S,-,Bacteriophage holin family,-
group_2199,DUF1617,-,-,-,-
group_1477,"Gp58,Peptidase_S74,Prophage_tail",S,-,Phage minor structural protein,-
group_2200,-,-,-,-,-
group_209,"Peptidase_M23,PhageMin_Tail",S,-,Phage-related minor tail protein,-
group_2203,-,-,-,-,-
group_2204,-,-,-,-,-
group_2206,-,-,-,-,-
group_2207,Phage_connect_1,-,-,-,-
group_2208,Phage_capsid,S,-,Phage capsid family,-
clpP_1~~~clpP1,CLP_protease,OU,-,Serine dehydrogenase proteinase,-
group_2209,Phage_portal,S,-,portal protein,-
group_2210,Terminase_1,S,-,Terminase,-
group_2211,-,-,-,-,-
group_2212,-,-,-,-,-
group_223,Sigma70_r4_2,K,-,"Sigma-70, region 4",-
group_2214,DUF4145,S,-,Domain of unknown function (DUF4145),-
group_2216,-,S,-,Uncharacterized protein conserved in bacteria (DUF2321),-
group_2217,Peptidase_S24,K,-,Peptidase S24-like,-
xerC_3~~~xerC_6~~~xerD_1~~~xerC_2~~~xerC_1,"Arm-DNA-bind_4,Phage_int_SAM_3,Phage_int_SAM_5,Phage_integrase",L,-,Phage integrase family,-
mraZ,MraZ,K,mraZ,Belongs to the MraZ family,"GO:0000976,GO:0001067,GO:0003674,GO:0003676,GO:0003677,GO:0003690,GO:0003700,GO:0005488,GO:0006355,GO:0008150,GO:0009889,GO:0009890,GO:0009892,GO:0010468,GO:0010556,GO:0010558,GO:0010605,GO:0010629,GO:0019219,GO:0019222,GO:0031323,GO:0031324,GO:0031326,GO:0031327,GO:0031333,GO:0043254,GO:0043565,GO:0044087,GO:0044212,GO:0045892,GO:0045934,GO:0048519,GO:0048523,GO:0050789,GO:0050794,GO:0051128,GO:0051129,GO:0051171,GO:0051172,GO:0051252,GO:0051253,GO:0060255,GO:0065007,GO:0080090,GO:0097159,GO:0140110,GO:1901363,GO:1902679,GO:1903506,GO:1903507,GO:1990837,GO:2000112,GO:2000113,GO:2000142,GO:2000143,GO:2001141"
hly_1~~~hly~~~hly_3~~~hly_2,Leukocidin,M,-,cell killing,"GO:0008150,GO:0009405,GO:0044419,GO:0051704"
group_1418,-,-,-,-,-
group_160,DUF1430,S,-,Protein of unknown function (DUF1430),-
group_1394,HhH-GPD,L,yfjP,endonuclease III,"GO:0003674,GO:0003676,GO:0003677,GO:0003684,GO:0003824,GO:0003905,GO:0005488,GO:0005575,GO:0005622,GO:0005623,GO:0005737,GO:0006139,GO:0006259,GO:0006281,GO:0006284,GO:0006285,GO:0006304,GO:0006307,GO:0006725,GO:0006807,GO:0006950,GO:0006974,GO:0008150,GO:0008152,GO:0008725,GO:0009987,GO:0016787,GO:0016798,GO:0016799,GO:0019104,GO:0032131,GO:0032991,GO:0032993,GO:0033554,GO:0034641,GO:0035510,GO:0043170,GO:0043412,GO:0043733,GO:0043916,GO:0044237,GO:0044238,GO:0044260,GO:0044424,GO:0044464,GO:0046483,GO:0050896,GO:0051716,GO:0071704,GO:0090304,GO:0097159,GO:0140097,GO:1901360,GO:1901363"
kefB~~~gerN,"Na_H_Exchanger,TrkA_C,TrkA_N",P,yjbQ,Belongs to the monovalent cation proton antiporter 2 (CPA2) transporter (TC 2.A.37) family,-
coiA,CoiA,S,coiA,Competence protein,-
spsB_2~~~spsB_1,Peptidase_S24,U,spsA,Belongs to the peptidase S26 family,-
pnoA~~~nmoA,NMO,S,npd,2-nitropropane dioxygenase,-
est_2~~~est_3~~~est_1,Hydrolase_4,S,est,Carboxylesterase,"GO:0003674,GO:0003824,GO:0005575,GO:0006629,GO:0008150,GO:0008152,GO:0016020,GO:0016298,GO:0016787,GO:0016788,GO:0044238,GO:0071704"
group_4,ATP_bind_2,S,yvcJ,Displays ATPase and GTPase activities,-
group_487,ADPrib_exo_Tox,S,-,ADP-ribosyltransferase exoenzyme,-
group_79,AAA_19,L,-,UvrD/REP helicase N-terminal domain,-
group_723,"AAA_15,AAA_21",L,-,AAA ATPase domain,-
pbuG,Xan_ur_permease,S,pbuG,permease,-
group_1198,-,-,-,-,-
group_897,"MFS_1,MFS_3",G,-,Major Facilitator Superfamily,-
cysG~~~sumT,TP_methylase,H,cobA,Belongs to the precorrin methyltransferase family,-
srmB~~~uvrB_2~~~deaD~~~uvrB_1,"DUF3427,Helicase_C,PLDc_2,ResIII",L,-,helicase,-
azoB,"NAD_binding_10,NmrA",GM,-,NmrA-like family,-
icaC_1~~~icaC_2~~~icaC,Acyl_transf_3,G,icaC,"transferase activity, transferring acyl groups other than amino-acyl groups",-
salL,SAM_adeno_trans,K,XK27_10120,S-adenosyl-l-methionine hydroxide adenosyltransferase,-
trhO,"Rhodanese,Rhodanese_C",S,ybfQ,Belongs to the UPF0176 family,-
group_1531,-,-,-,-,-
group_1453,Pyr_redox_2,S,-,Pyridine nucleotide-disulphide oxidoreductase,-
gltR~~~hdfR_3~~~hdfR_2,"HTH_1,LysR_substrate",K,-,"Bacterial regulatory helix-turn-helix protein, lysR family",-
group_188,DUF4865,S,-,Domain of unknown function (DUF4865),-
ycjY~~~ycjY_2~~~ycjY_1,DLH,S,-,X-Pro dipeptidyl-peptidase (S15 family),-
group_946,"TetR_C_8,TetR_N",K,-,"Bacterial regulatory proteins, tetR family",-
sndA_3~~~sndA_2~~~sndA_1,"M20_dimer,Peptidase_M20",E,amd,Metal-dependent amidase aminoacylase carboxypeptidase,-
rocD2_2~~~rocD2_1~~~rocD2_3~~~rocD,Aminotran_3,E,argD,Catalyzes the interconversion of ornithine to glutamate semialdehyde,-
brnQ_1~~~brnQ_2~~~braB_2~~~braB_1~~~brnQ_3,Branch_AA_trans,U,brnQ,Component of the transport system for branched-chain amino acids,-
cmoO_2~~~cmoO_1,Bac_luciferase,C,-,Luciferase-like monooxygenase,-
tatAy~~~tatA,MttA_Hcf106,U,tatA,Part of the twin-arginine translocation (Tat) system that transports large folded proteins containing a characteristic twin-arginine motif in their signal peptide across membranes. TatA could form the protein-conducting channel of the Tat system,-
group_3125,Abi_2,V,-,Abi-like protein,-
group_2220,-,-,-,-,-
group_17,"AlbA_2,DUF262",U,-,Protein of unknown function DUF262,-
group_2222,-,-,-,-,-
group_2223,NYN,S,-,NYN domain,-
group_3154,-,-,-,-,-
yvgN~~~yvgN_1~~~yvgN_2~~~ytbE~~~yvgN_3,Aldo_ket_red,S,ytbE,aldo keto reductase,-
fluC2~~~fluC2_1,CRCB,D,crcB2,"Important for reducing fluoride concentration in the cell, thus reducing its toxicity","GO:0003674,GO:0005215,GO:0005575,GO:0005623,GO:0005886,GO:0005887,GO:0006810,GO:0006811,GO:0006820,GO:0008150,GO:0008509,GO:0015075,GO:0015103,GO:0015318,GO:0015698,GO:0016020,GO:0016021,GO:0022857,GO:0031224,GO:0031226,GO:0034220,GO:0044425,GO:0044459,GO:0044464,GO:0051179,GO:0051234,GO:0055085,GO:0071944,GO:0098656,GO:0098660,GO:0098661,GO:1903424,GO:1903425"
pyk,"PEP-utilizers,PK,PK_C",F,pyk,Belongs to the pyruvate kinase family,"GO:0001871,GO:0003674,GO:0003824,GO:0004743,GO:0005488,GO:0005575,GO:0005622,GO:0005623,GO:0005737,GO:0005829,GO:0005975,GO:0006082,GO:0006090,GO:0006091,GO:0006096,GO:0006116,GO:0006139,GO:0006163,GO:0006164,GO:0006165,GO:0006725,GO:0006732,GO:0006733,GO:0006734,GO:0006753,GO:0006754,GO:0006757,GO:0006793,GO:0006796,GO:0006807,GO:0008150,GO:0008152,GO:0009056,GO:0009058,GO:0009108,GO:0009117,GO:0009123,GO:0009124,GO:0009126,GO:0009127,GO:0009132,GO:0009135,GO:0009141,GO:0009142,GO:0009144,GO:0009145,GO:0009150,GO:0009152,GO:0009156,GO:0009161,GO:0009165,GO:0009166,GO:0009167,GO:0009168,GO:0009179,GO:0009185,GO:0009199,GO:0009201,GO:0009205,GO:0009206,GO:0009259,GO:0009260,GO:0009986,GO:0009987,GO:0016052,GO:0016053,GO:0016310,GO:0016740,GO:0016772,GO:0016773,GO:0017144,GO:0018130,GO:0019359,GO:0019362,GO:0019363,GO:0019438,GO:0019439,GO:0019637,GO:0019674,GO:0019693,GO:0019752,GO:0030246,GO:0030247,GO:0032787,GO:0034404,GO:0034641,GO:0034654,GO:0034655,GO:0042866,GO:0043436,GO:0044237,GO:0044238,GO:0044248,GO:0044249,GO:0044270,GO:0044271,GO:0044281,GO:0044283,GO:0044424,GO:0044444,GO:0044464,GO:0046031,GO:0046034,GO:0046390,GO:0046394,GO:0046434,GO:0046483,GO:0046496,GO:0046700,GO:0046939,GO:0051186,GO:0051188,GO:0055086,GO:0055114,GO:0071704,GO:0072330,GO:0072521,GO:0072522,GO:0072524,GO:0072525,GO:0090407,GO:1901135,GO:1901137,GO:1901292,GO:1901293,GO:1901360,GO:1901361,GO:1901362,GO:1901564,GO:1901566,GO:1901575,GO:1901576,GO:2001065"
ilvA~~~ilvA_2~~~ilvA_1,"PALP,Thr_dehydrat_C",E,ilvA,"Catalyzes the anaerobic formation of alpha-ketobutyrate and ammonia from threonine in a two-step reaction. The first step involved a dehydration of threonine and a production of enamine intermediates (aminocrotonate), which tautomerizes to its imine form (iminobutyrate). Both intermediates are unstable and short- lived. The second step is the nonenzymatic hydrolysis of the enamine imine intermediates to form 2-ketobutyrate and free ammonia. In the low water environment of the cell, the second step is accelerated by RidA","GO:0006082,GO:0006520,GO:0006566,GO:0006807,GO:0008150,GO:0008152,GO:0009066,GO:0009987,GO:0019752,GO:0043436,GO:0044237,GO:0044238,GO:0044281,GO:0071704,GO:1901564,GO:1901605"
mutS_2~~~mutS_1,MutS_V,L,-,ATPase domain of DNA mismatch repair MUTS family,-
group_2224,AgrD,S,agrD,Staphylococcal AgrD protein,-
xerC_3~~~xerC_2~~~xerC_1~~~xerC_4~~~xerC_6~~~xerC_5~~~xerC_7,-,S,-,Phage integrase family,"GO:0006139,GO:0006259,GO:0006725,GO:0006807,GO:0008150,GO:0008152,GO:0009987,GO:0015074,GO:0034641,GO:0043170,GO:0044237,GO:0044238,GO:0044260,GO:0046483,GO:0071704,GO:0090304,GO:1901360"
lexA_3~~~lexA_1~~~lexA_2~~~lexA_4~~~lexA_5,-,S,-,sequence-specific DNA binding,"GO:0001047,GO:0001067,GO:0003674,GO:0003676,GO:0003677,GO:0005488,GO:0005515,GO:0005575,GO:0006355,GO:0008150,GO:0009889,GO:0009890,GO:0009892,GO:0010468,GO:0010556,GO:0010558,GO:0010605,GO:0010629,GO:0010944,GO:0016032,GO:0019012,GO:0019042,GO:0019044,GO:0019219,GO:0019222,GO:0031323,GO:0031324,GO:0031326,GO:0031327,GO:0042802,GO:0043900,GO:0043902,GO:0043903,GO:0044212,GO:0044403,GO:0044419,GO:0045892,GO:0045934,GO:0046782,GO:0048518,GO:0048519,GO:0048523,GO:0048524,GO:0050434,GO:0050789,GO:0050792,GO:0050794,GO:0051171,GO:0051172,GO:0051252,GO:0051253,GO:0051704,GO:0060255,GO:0065007,GO:0080090,GO:0097159,GO:1901363,GO:1902679,GO:1903506,GO:1903507,GO:2000112,GO:2000113,GO:2001141"
group_1317,-,S,-,Protein of unknown function (DUF739),-
group_2225,DUF2513,S,-,Hypothetical protein (DUF2513),-
group_1258,-,-,-,-,-
group_1256,-,S,-,"Phage terminase, small subunit",-
group_1255,-,S,-,Phage Terminase,-
group_862,-,S,-,peptidase activity,"GO:0005575,GO:0019012,GO:0044423,GO:0098015,GO:0098026"
group_863,-,-,-,-,-
group_1252,Phage_H_T_join,S,-,Phage head-tail joining protein,-
group_865,-,-,-,-,-
group_1250,-,-,-,-,-
sak_2~~~sak~~~sak_1~~~sak_4,Staphylokinase,M,-,Staphylokinase/Streptokinase family,-
group_1556,AAT,S,-,Acyl-coenzyme A:6-aminopenicillanic acid acyl-transferase,-
group_3170,-,S,-,Protein of unknown function (DUF443),-
group_46,DUF443,S,-,Protein of unknown function (DUF443),-
sceD~~~sceD_2~~~sceD_1,Transglycosylas,M,sceD,Is able to cleave peptidoglycan and affects clumping and separation of bacterial cells,-
group_484,"SSL_OB,Stap_Strp_tox_C",S,-,Staphylococcal superantigen-like OB-fold domain,-
gltB_2~~~gltB~~~gltB_1,"Fer4_20,Pyr_redox_2",C,gltD,glutamate synthase,-
group_446,-,-,-,-,-
sfnaD~~~sfnaD_1~~~sfnaD_2,"FhuF,IucA_IucC",Q,-,Siderophore biosynthesis protein,-
salA,"FeS_assembly_P,ParA",D,mrp,Binds and transfers iron-sulfur (Fe-S) clusters to target apoproteins. Can hydrolyze ATP,"GO:0006355,GO:0008150,GO:0009889,GO:0009890,GO:0009892,GO:0010468,GO:0010556,GO:0010558,GO:0010605,GO:0010629,GO:0019219,GO:0019222,GO:0031323,GO:0031324,GO:0031326,GO:0031327,GO:0045892,GO:0045934,GO:0048519,GO:0048523,GO:0050789,GO:0050794,GO:0051171,GO:0051172,GO:0051252,GO:0051253,GO:0060255,GO:0065007,GO:0080090,GO:1902679,GO:1903506,GO:1903507,GO:2000112,GO:2000113,GO:2001141"
group_1071,DUF536,S,-,"Protein of unknown function, DUF536",-
group_1097,RepA_N,S,-,Replication initiator protein A (RepA) N-terminus,-
group_1223,ABC2_membrane_4,S,-,ABC-2 family transporter protein,-
bcrA_3~~~bcrA_4~~~bcrA_1,ABC_tran,V,-,"AAA domain, putative AbiEii toxin, Type IV TA system",-
msrA~~~msrD~~~msrA_1~~~vmlR_1,"ABC_tran,ABC_tran_Xtn",S,yheS_2,ABC transporter,-
group_1072,"EF-G-binding_N,FBP_C",S,-,"Elongation factor G-binding protein, N-terminal",-
group_1439,Mob_Pre,D,-,Plasmid recombination enzyme,-
ble~~~ble_1,-,E,-,Glyoxalase-like domain,-
knt~~~knt_1,KNTase_C,S,-,KNTase C-terminal domain,-
tdcB~~~tdcB_2~~~tdcB_1,PALP,E,tdcB,"Catalyzes the anaerobic formation of alpha-ketobutyrate and ammonia from threonine in a two-step reaction. The first step involved a dehydration of threonine and a production of enamine intermediates (aminocrotonate), which tautomerizes to its imine form (iminobutyrate). Both intermediates are unstable and short- lived. The second step is the nonenzymatic hydrolysis of the enamine imine intermediates to form 2-ketobutyrate and free ammonia. In the low water environment of the cell, the second step is accelerated by RidA",-
group_384,-,S,-,this gene contains a nucleotide ambiguity which may be the result of a sequencing error,-
trmK,TrmK,S,trmK,tRNA (adenine(22)-N(1))-methyltransferase,"GO:0001510,GO:0003674,GO:0003824,GO:0006139,GO:0006396,GO:0006399,GO:0006400,GO:0006725,GO:0006807,GO:0008033,GO:0008150,GO:0008152,GO:0008168,GO:0008173,GO:0008175,GO:0008757,GO:0009451,GO:0009987,GO:0010467,GO:0016070,GO:0016426,GO:0016429,GO:0016740,GO:0016741,GO:0030488,GO:0032259,GO:0034470,GO:0034641,GO:0034660,GO:0043170,GO:0043412,GO:0043414,GO:0044237,GO:0044238,GO:0044260,GO:0046483,GO:0071704,GO:0090304,GO:0140098,GO:0140101,GO:1901360"
yhbY,CRS1_YhbY,J,yhbY,RNA-binding protein,-
group_349,Lactamase_B_2,S,-,Beta-lactamase superfamily domain,-
group_1073,DUF2268,O,-,Predicted Zn-dependent protease (DUF2268),-
ydaG~~~ydaG_1,"Putative_PNPOx,Pyrid_ox_like",S,ydaG,General stress protein 26,-
group_2227,-,-,-,-,-
group_2228,-,L,-,Integrase core domain,-
group_3016,"DUF262,HNH",V,-,Protein of unknown function DUF262,-
ret,RVT_1,L,-,RNA-directed DNA polymerase,-
group_1074,Peptidase_M23,M,-,Peptidase family M23,-
lacC_1~~~lacC~~~lacC_2,PfkB,F,lacC,Belongs to the carbohydrate kinase PfkB family. LacC subfamily,"GO:0003674,GO:0003824,GO:0005575,GO:0005622,GO:0005623,GO:0005737,GO:0005829,GO:0005975,GO:0006793,GO:0006796,GO:0008150,GO:0008152,GO:0009024,GO:0009987,GO:0016301,GO:0016310,GO:0016740,GO:0016772,GO:0016773,GO:0019200,GO:0044237,GO:0044238,GO:0044262,GO:0044424,GO:0044444,GO:0044464,GO:0046835,GO:0071704"
group_1447,HTH_28,L,-,Helix-turn-helix domain,-
group_855,DcuC,S,-,C4-dicarboxylate anaerobic carrier,-
kdpA2_1~~~kdpA2_2,KdpA,P,kdpA,"Part of the high-affinity ATP-driven potassium transport (or Kdp) system, which catalyzes the hydrolysis of ATP coupled with the electrogenic transport of potassium into the cytoplasm. This subunit binds and transports the potassium across the cytoplasmic membrane","GO:0003674,GO:0003824,GO:0005215,GO:0005488,GO:0005575,GO:0005623,GO:0005886,GO:0006810,GO:0006811,GO:0006812,GO:0006813,GO:0008150,GO:0008324,GO:0008556,GO:0009987,GO:0015075,GO:0015077,GO:0015079,GO:0015318,GO:0015399,GO:0015405,GO:0015662,GO:0015672,GO:0016020,GO:0016462,GO:0016787,GO:0016817,GO:0016818,GO:0016887,GO:0017111,GO:0019829,GO:0022804,GO:0022853,GO:0022857,GO:0022890,GO:0030001,GO:0030955,GO:0031420,GO:0034220,GO:0042623,GO:0042625,GO:0042626,GO:0043167,GO:0043169,GO:0043492,GO:0044464,GO:0046872,GO:0046873,GO:0051179,GO:0051234,GO:0055085,GO:0071804,GO:0071805,GO:0071944,GO:0090662,GO:0098655,GO:0098660,GO:0098662,GO:0099131,GO:0099132"
kdpB1_1~~~kdpB1_2,"E1-E2_ATPase,Hydrolase",P,kdpB,"Part of the high-affinity ATP-driven potassium transport (or Kdp) system, which catalyzes the hydrolysis of ATP coupled with the electrogenic transport of potassium into the cytoplasm. This subunit is responsible for energy coupling to the transport system",-
group_1529,-,L,-,Domain of unknown function (DUF927),-
group_856,-,L,-,Domain of unknown function (DUF927),-
group_1530,-,-,-,-,-
pknD_1~~~pknD,-,L,-,serine threonine protein kinase,-
group_1309,"2-Hacid_dh,2-Hacid_dh_C",C,-,Belongs to the D-isomer specific 2-hydroxyacid dehydrogenase family,-
group_2975,Yip1,S,yknW,Yip1 domain,-
group_151,HlyD_3,M,-,Belongs to the membrane fusion protein (MFP) (TC 8.A.1) family,-
yknY,ABC_tran,V,-,ABC transporter,-
syfD,"FtsX,MacB_PCD",V,yknZ,MacB-like periplasmic core domain,-
btuD~~~opuBA_2~~~natA,"ABC_tran,ABC_tran_Xtn",S,-,ABC transporter,-
group_2994,HTH_3,K,ygzD,transcriptional,-
esxB,WXG100,S,-,Proteins of 100 residues with WXG,-
group_1572,-,-,-,-,-
group_1600,-,-,-,-,-
group_289,"CW_binding_1,Trypsin,Trypsin_2",E,mpr,Trypsin-like serine protease,"GO:0005575,GO:0005576"
group_3003,DUF2648,S,-,Protein of unknown function (DUF2648),-
group_325,YceI,S,-,Belongs to the UPF0312 family,-
group_438,DUF1801,S,XK27_02315,Domain of unknown function (DU1801),-
group_1444,-,-,-,-,-
group_1075,-,-,-,-,-
group_1604,-,-,-,-,-
group_2231,-,-,-,-,-
group_2232,DUF739,K,-,Protein of unknown function (DUF739),-
group_2233,HTH_3,K,-,Helix-turn-helix XRE-family like proteins,-
group_2234,-,S,-,Pfam:PemK_toxin,-
group_2235,-,S,-,recombinase activity,-
group_265,"DUF1828,DUF1829",S,-,Domain of unknown function DUF1829,-
group_1076,-,-,-,-,-
group_294,-,-,-,-,-
group_54,DUF2829,S,-,Protein of unknown function (DUF2829),-
lytO_3~~~lytO_2~~~lytO~~~lytO_1,"Amidase_2,CHAP,CW_7,SH3_5",M,-,Ami_2,-
group_1077,-,-,-,-,-
group_1078,Phage_TAC_12,S,-,"Phage tail assembly chaperone protein, TAC",-
group_1079,-,S,-,Phage gp6-like head-tail connector protein,-
group_1641,-,S,-,"DNA-dependent transcription, termination",-
group_1639,-,S,-,peptidase activity,"GO:0005575,GO:0019012,GO:0044423,GO:0098015,GO:0098026"
group_1495,-,S,-,extracellular region,"GO:0005575,GO:0019012,GO:0019028,GO:0044423,GO:0046729"
group_1080,"5_nucleotid_C,Metallophos",F,yunD,Belongs to the 5'-nucleotidase family,-
group_1557,Abi_2,V,-,Abi-like protein,-
group_2237,HTH_26,K,-,Cro/C1-type HTH DNA-binding domain,-
group_2238,HTH_3,K,-,Helix-turn-helix XRE-family like proteins,-
group_1598,MarR,K,-,"PFAM regulatory protein, MarR",-
acuI~~~acuI_1~~~yhfP_2,"ADH_N,ADH_zinc_N",C,yhfP,COG0604 NADPH quinone reductase and related Zn-dependent oxidoreductases,-
group_2239,-,-,-,-,-
group_1081,-,S,-,Protein conserved in bacteria,-
bin3_1~~~bin3~~~bin3_2~~~bin3_3,"HTH_7,Resolvase",L,-,DNA-invertase Bin3,-
group_331,-,-,-,-,-
group_479,HTH_3,K,-,Helix-turn-helix XRE-family like proteins,-
group_2241,-,K,-,TRANSCRIPTIONal,-
group_2242,HTH_3,K,-,sequence-specific DNA binding,-
group_3041,-,S,-,Pfam:PemK_toxin,-
ugpQ_2~~~ugpQ_1~~~ugpQ,GDPD,C,-,glycerophosphoryl diester phosphodiesterase,-
group_1082,MaoC_dehydratas,I,-,N-terminal half of MaoC dehydratase,-
mecA_2~~~mecC_1~~~mecA_1~~~mecA_4~~~pbp,"MecA_N,PBP_dimer,Transpeptidase",M,pbpC,NTF2-like N-terminal transpeptidase domain,-
mecR1_1~~~mecR1_2~~~mecR1,"Peptidase_M56,Transpeptidase",KTV,mecR1,Regulatory protein BlaR1,-
mecI_1~~~mecI,Penicillinase_R,K,-,Penicillinase repressor,-
nagC~~~nagC_1~~~nagK,"HTH_24,MarR,ROK",K,xylR,ROK family,-
glpE_1~~~glpE_2~~~glpE_3,"Lactamase_B,Rhodanese",P,baeB,Rhodanese Homology Domain,-
linA_1~~~linA,Aminoglyc_resit,J,-,Aminoglycoside-2''-adenylyltransferase,-
group_1313,"DUF1700,HTH_3,HTH_31",K,-,Helix-turn-helix XRE-family like proteins,-
group_1084,-,-,-,-,-
qacA_1~~~qacA,MFS_1,EGP,-,Major Facilitator Superfamily,-
group_1620,-,-,-,-,-
ermA1_1~~~ermA1,RrnaAD,J,ermA,Belongs to the class I-like SAM-binding methyltransferase superfamily. rRNA adenine N(6)-methyltransferase family,-
lagD_1~~~lagD,"ABC_membrane,ABC_tran,Peptidase_C39",V,-,"Bacteriocin ABC transporter, ATP-binding permease",-
qacR_1~~~qacR,"TetR_C_5,TetR_N",K,-,"QacR-like protein, C-terminal region",-
group_1054,Cytochrom_C_asm,O,hemX,"COG0755 ABC-type transport system involved in cytochrome c biogenesis, permease component","GO:0005575,GO:0005623,GO:0005886,GO:0006810,GO:0008150,GO:0008152,GO:0015886,GO:0016020,GO:0044464,GO:0051179,GO:0051181,GO:0051234,GO:0055114,GO:0071702,GO:0071705,GO:0071944,GO:1901678"
group_1312,-,-,-,-,-
group_2245,HTH_3,K,-,Cro/C1-type HTH DNA-binding domain,-
group_3772,-,-,-,-,-
group_1493,DUF722,S,-,"Transcriptional regulator, RinA family",-
group_2247,-,S,-,this gene contains a nucleotide ambiguity which may be the result of a sequencing error,-
dprA,DNA_processg_A,LU,dprA,Rossmann fold nucleotide-binding protein involved in DNA uptake,"GO:0005575,GO:0005622,GO:0005623,GO:0005737,GO:0007154,GO:0008150,GO:0009292,GO:0009294,GO:0009605,GO:0009987,GO:0009991,GO:0030420,GO:0031668,GO:0044424,GO:0044464,GO:0044764,GO:0050896,GO:0051704,GO:0051716,GO:0071496"
sarT,-,K,-,DNA-binding transcription factor activity,-
zitR~~~pchR,MarR,K,rmaD,helix_turn_helix multiple antibiotic resistance protein,-
group_370,PadR,K,padR,Transcriptional regulator PadR-like family,-
group_684,HTH_3,K,-,Helix-turn-helix domain,-
recD2_1~~~recD2_2,"AAA_30,UvrD_C_2,Viral_helicase1",L,-,"Psort location Cytoplasmic, score 8.87",-
group_2976,-,-,-,-,-
group_3173,HIT,FG,-,adenosine 5'-monophosphoramidase activity,-
group_1499,"HTH_3,Peptidase_M78",K,-,Pfam:DUF955,-
IntTn~~~xerC_6~~~xerC_3~~~xerC_2~~~xerC_1~~~xerC_5,"Arm-DNA-bind_4,Phage_int_SAM_3,Phage_integrase",L,-,Arm DNA-binding domain,-
group_2248,-,-,-,-,-
lexA_2~~~lexA_1,-,S,-,sequence-specific DNA binding,"GO:0001047,GO:0001067,GO:0003674,GO:0003676,GO:0003677,GO:0005488,GO:0005515,GO:0005575,GO:0006355,GO:0008150,GO:0009889,GO:0009890,GO:0009892,GO:0010468,GO:0010556,GO:0010558,GO:0010605,GO:0010629,GO:0010944,GO:0016032,GO:0019012,GO:0019042,GO:0019044,GO:0019219,GO:0019222,GO:0031323,GO:0031324,GO:0031326,GO:0031327,GO:0042802,GO:0043900,GO:0043902,GO:0043903,GO:0044212,GO:0044403,GO:0044419,GO:0045892,GO:0045934,GO:0046782,GO:0048518,GO:0048519,GO:0048523,GO:0048524,GO:0050434,GO:0050789,GO:0050792,GO:0050794,GO:0051171,GO:0051172,GO:0051252,GO:0051253,GO:0051704,GO:0060255,GO:0065007,GO:0080090,GO:0097159,GO:1901363,GO:1902679,GO:1903506,GO:1903507,GO:2000112,GO:2000113,GO:2001141"
group_1171,-,-,-,-,-
group_1532,-,S,-,Siphovirus Gp157,-
group_3193,-,-,-,-,-
group_1345,-,-,-,-,-
group_828,-,S,-,DNA packaging,-
group_2250,Phage_prot_Gp6,S,-,"Phage portal protein, SPP1 Gp6-like",-
group_345,Phage_capsid,S,-,Phage capsid family,-
group_2252,-,-,-,-,-
group_302,Phage_H_T_join,-,-,-,-
group_1302,Sipho_tail,S,-,Phage tail protein,-
group_2253,-,-,-,-,-
group_2254,DNA_methylase,H,nlaXM,C-5 cytosine-specific DNA methylase,-
group_2255,AIPR,S,-,AIPR protein,-
group_182,DAGK_cat,F,-,May catalyze the ATP-dependent phosphorylation of lipids other than diacylglycerol (DAG),-
group_378,-,L,-,COG3666 Transposase and inactivated derivatives,-
group_1292,"SBP_bac_11,SBP_bac_6",P,-,Bacterial extracellular solute-binding protein,-
group_3157,AgrB,KOT,agrB,"Essential for the production of a quorum sensing system signal molecule, the autoinducing peptide (AIP). This quorum sensing system is responsible for the regulation of the expression of virulence factor genes. Involved in the proteolytic processing of AgrD, the precursor of AIP",-
dapE~~~dapE_2~~~dapE_1,"M20_dimer,Peptidase_M20,Peptidase_M28",E,dapE,succinyl-diaminopimelate desuccinylase,-
essC~~~essC_2~~~essC_1,"FHA,FtsK_SpoIIIE,FtsK_SpoIIIE_N",D,essC,the current gene model (or a revised gene model) may contain a frame shift,-
group_2973,DUF5344,S,-,Family of unknown function (DUF5344),-
group_163,LXG,S,-,LXG domain of WXG superfamily,-
group_2257,DUF5085,S,-,Domain of unknown function (DUF5085),-
group_3119,DUF5085,S,-,Domain of unknown function (DUF5085),-
group_386,PemK_toxin,T,-,"PemK-like, MazF-like toxin of type II toxin-antitoxin system",-
group_769,"DUF739,HTH_26,HTH_3",K,-,Transcriptional regulator,-
group_770,HTH_3,K,-,Helix-turn-helix XRE-family like proteins,-
group_771,-,-,-,-,-
group_773,DUF1474,S,-,Protein of unknown function (DUF1474),-
group_774,DUF1474,S,-,Protein of unknown function (DUF1474),-
group_775,PriCT_1,S,-,Primase C terminal 1 (PriCT-1),-
group_776,DUF927,L,-,Domain of unknown function (DUF927),-
group_777,-,-,-,-,-
group_778,SAPI,S,-,Putative mobile pathogenicity island,-
group_779,-,-,-,-,-
group_784,-,M,-,sporulation resulting in formation of a cellular spore,-
group_786,-,-,-,-,-
group_788,Terminase_2,L,-,terminase small subunit,-
group_789,Glyphos_transf,M,-,CDP-Glycerol:Poly(glycerophosphate) glycerophosphotransferase,-
group_790,DUF218,S,-,DUF218 domain,-
ywiB,DUF1934,S,ywiB,Domain of unknown function (DUF1934),-
group_1221,-,S,-,Protein of unknown function (DUF443),-
group_792,-,L,-,COG3316 Transposase and inactivated derivatives,-
group_794,"FtsX,MacB_PCD",V,-,ABC transporter (permease),-
hrtA_3,ABC_tran,V,-,"ABC transporter, ATP-binding protein",-
rsmA~~~rsmA_1~~~rsmA_2,RrnaAD,J,ksgA,Specifically dimethylates two adjacent adenosines (A1518 and A1519) in the loop of a conserved hairpin near the 3'-end of 16S rRNA in the 30S particle. May play a critical role in biogenesis of 30S subunits,"GO:0000154,GO:0000179,GO:0001510,GO:0003674,GO:0003824,GO:0005575,GO:0005622,GO:0005623,GO:0005737,GO:0006139,GO:0006364,GO:0006396,GO:0006725,GO:0006807,GO:0008150,GO:0008152,GO:0008168,GO:0008170,GO:0008173,GO:0008649,GO:0008757,GO:0009451,GO:0009987,GO:0010467,GO:0016070,GO:0016072,GO:0016433,GO:0016740,GO:0016741,GO:0022613,GO:0031167,GO:0032259,GO:0034470,GO:0034641,GO:0034660,GO:0042254,GO:0043170,GO:0043412,GO:0043414,GO:0044085,GO:0044237,GO:0044238,GO:0044260,GO:0044424,GO:0044464,GO:0046483,GO:0071704,GO:0071840,GO:0090304,GO:0140098,GO:0140102,GO:1901360"
group_1576,AAA_22,S,-,AAA domain,-
desK,"HATPase_c,HisKA_3",T,desK,Histidine kinase,"GO:0003674,GO:0003824,GO:0004721,GO:0005488,GO:0005515,GO:0006464,GO:0006470,GO:0006793,GO:0006796,GO:0006807,GO:0008150,GO:0008152,GO:0009987,GO:0016311,GO:0016787,GO:0016788,GO:0016791,GO:0019538,GO:0036211,GO:0042578,GO:0042802,GO:0043170,GO:0043412,GO:0044237,GO:0044238,GO:0044260,GO:0044267,GO:0071704,GO:0140096,GO:1901564"
thrB,"GHMP_kinases_C,GHMP_kinases_N",F,thrB,Catalyzes the ATP-dependent phosphorylation of L- homoserine to L-homoserine phosphate,"GO:0000096,GO:0000097,GO:0003674,GO:0003824,GO:0004413,GO:0005575,GO:0005622,GO:0005623,GO:0005737,GO:0005829,GO:0006082,GO:0006520,GO:0006555,GO:0006566,GO:0006790,GO:0006793,GO:0006796,GO:0006807,GO:0008150,GO:0008152,GO:0008652,GO:0009058,GO:0009066,GO:0009067,GO:0009069,GO:0009086,GO:0009088,GO:0009092,GO:0009987,GO:0016053,GO:0016301,GO:0016310,GO:0016740,GO:0016772,GO:0016773,GO:0019202,GO:0019752,GO:0043436,GO:0044237,GO:0044238,GO:0044249,GO:0044272,GO:0044281,GO:0044283,GO:0044424,GO:0044444,GO:0044464,GO:0046394,GO:0071704,GO:1901564,GO:1901566,GO:1901576,GO:1901605,GO:1901607"
mprF,"DUF2156,LPG_synthase_TM",S,mprF,"Catalyzes the transfer of a lysyl group from L-lysyl- tRNA(Lys) to membrane-bound phosphatidylglycerol (PG), which produces lysylphosphatidylglycerol (LPG), a major component of the bacterial membrane with a positive net charge. LPG synthesis contributes to bacterial virulence as it is involved in the resistance mechanism against cationic antimicrobial peptides (CAMP) produces by the host's immune system (defensins, cathelicidins) and by the competing microorganisms","GO:0005575,GO:0005623,GO:0005886,GO:0016020,GO:0044464,GO:0071944"
group_429,SWIM,S,-,SWIM zinc finger,-
paiB~~~paiB_1,FMN_bind_2,O,-,protease,-
group_1086,SAP,S,-,SAP domain,-
odhB~~~odhB_1,"2-oxoacid_dh,Biotin_lipoyl,E3_binding",C,odhB,The 2-oxoglutarate dehydrogenase complex catalyzes the overall conversion of 2-oxoglutarate to succinyl-CoA and CO(2),-
rnhA~~~rnhA_1,RVT_3,L,rnhA,Cell wall enzyme EbsB,-
group_3194,"DUF1542,FIVAR,GA,Rib,YSIRK_signal",D,ebh,interspecies interaction between organisms,-
group_3031,-,-,-,-,-
recJ,"DHH,DHHA1,ssDNA-exonuc_C",L,recJ,single-stranded-DNA-specific exonuclease recJ,-
group_750,-,-,-,-,-
group_1088,Rhodanese,P,ytwF,Rhodanese Homology Domain,-
group_1089,ComK,S,-,ComK protein,-
lipR,Abhydrolase_3,I,-,Steryl acetyl hydrolase,-
opuCC,OpuAC,M,opuCC,Amino acid ABC transporter amino acid-binding protein,-
lnrL_3~~~lnrL_2~~~ybhF~~~lnrL_1~~~lnrL_4,ABC_tran,V,-,"ABC transporter, ATP-binding protein",-
group_860,"TetR_C_8,TetR_N",K,-,"Bacterial regulatory proteins, tetR family",-
group_1638,DUF1641,S,-,Protein of unknown function (DUF1641),-
moaC,MoaC,H,moaC,"Catalyzes the conversion of (8S)-3',8-cyclo-7,8- dihydroguanosine 5'-triphosphate to cyclic pyranopterin monophosphate (cPMP)",-
ecfA1,ABC_tran,P,ecfA1,ATP-binding (A) component of a common energy-coupling factor (ECF) ABC-transporter complex. Unlike classic ABC transporters this ECF transporter provides the energy necessary to transport a number of different substrates,"GO:0003674,GO:0005215,GO:0005575,GO:0005623,GO:0005886,GO:0006810,GO:0006811,GO:0006820,GO:0006855,GO:0008150,GO:0008509,GO:0008514,GO:0015075,GO:0015238,GO:0015711,GO:0015893,GO:0016020,GO:0022857,GO:0032217,GO:0032218,GO:0034220,GO:0035461,GO:0042221,GO:0042493,GO:0044464,GO:0050896,GO:0051179,GO:0051180,GO:0051234,GO:0055085,GO:0071702,GO:0071705,GO:0071944,GO:0090482,GO:0098656"
group_3148,HATPase_c_4,K,-,Putative ATP-dependent DNA helicase recG C-terminal,-
group_255,"ADH_N,ADH_zinc_N,ADH_zinc_N_2",C,qor,Belongs to the zinc-containing alcohol dehydrogenase family. Quinone oxidoreductase subfamily,-
yfmC_2~~~yfmC_1~~~yfmC,Peripla_BP_2,P,yfmC,ABC transporter,"GO:0005575,GO:0005623,GO:0030288,GO:0030313,GO:0031975,GO:0042597,GO:0044464"
sepA,SepA,U,sepA,Multidrug resistance efflux pump SepA,-
sle1,"CHAP,LysM",M,sle1,Peptidoglycan hydrolase involved in the splitting of the septum during cell division,-
yciC_1~~~yciC_2~~~yciC_3,"CobW_C,cobW",S,yciC,Cobalamin synthesis protein cobW C-terminal domain,-
group_332,-,-,-,-,-
group_796,Methylase_S,V,-,Type I restriction modification DNA specificity domain,-
ssl4~~~ssl4_3~~~ssl4_2~~~ssl4_1~~~ssl1_2~~~ssl3_2~~~ssl1_1,-,S,-,Staphylococcal superantigen-like OB-fold domain,-
uup_4~~~uup_3~~~uup_2~~~uup_1~~~ytrB~~~uup_5~~~ecfA2_1~~~btuD,ABC_tran,V,-,"ABC transporter, ATP-binding protein",-
ulaC~~~cmtB,PTS_EIIA_2,G,-,"Phosphoenolpyruvate-dependent sugar phosphotransferase system, EIIA 2",-
group_285,GCV_H,E,-,Glycine cleavage H-protein,-
group_426,Oxidored_FMN,C,-,flavin oxidoreductase,-
group_436,Abhydrolase_3,I,-,alpha/beta hydrolase fold,-
group_30,DUF4467,S,-,Domain of unknown function with cystatin-like fold (DUF4467),-
group_708,DUF5079,S,-,Domain of unknown function (DUF5079),-
yydK~~~yydK_2~~~yydK_1,"GntR,UTRA",K,yydK,UTRA,-
group_3001,"DLH,Peptidase_S15",L,-,Alpha Beta,-
group_165,NAD_binding_10,GM,-,NmrA-like family,-
group_369,TetR_N,K,-,"Bacterial regulatory proteins, tetR family",-
group_1307,-,-,-,-,-
group_866,Phage_Mu_F,S,-,"head morphogenesis protein, SPP1 gp7 family",-
group_21,"Terminase_3,Terminase_3C",S,-,Terminase RNAseH like domain,-
group_222,-,-,-,-,-
group_489,Phage_Orf51,S,-,Phage Conserved Open Reading Frame 51,-
group_2264,"Arm-DNA-bind_4,Phage_int_SAM_3,Phage_int_SAM_5,Phage_integrase",L,-,Belongs to the 'phage' integrase family,-
miaA,IPPT,J,miaA,"Catalyzes the transfer of a dimethylallyl group onto the adenine at position 37 in tRNAs that read codons beginning with uridine, leading to the formation of N6-(dimethylallyl)adenosine (i(6)A)","GO:0003674,GO:0003824,GO:0006139,GO:0006396,GO:0006399,GO:0006400,GO:0006725,GO:0006807,GO:0008033,GO:0008150,GO:0008152,GO:0009451,GO:0009987,GO:0010467,GO:0016070,GO:0016740,GO:0016765,GO:0034470,GO:0034641,GO:0034660,GO:0043170,GO:0043412,GO:0044237,GO:0044238,GO:0046483,GO:0052381,GO:0071704,GO:0090304,GO:0140098,GO:0140101,GO:1901360"
lytN_2~~~lytN~~~lytN_1,"CHAP,LysM",M,-,CHAP domain,-
group_3129,YfhO,S,yfhO,overlaps another CDS with the same product name,-
group_393,SLAC1,P,ydiA,Voltage-dependent anion channel,-
group_1420,-,-,-,-,-
zapA,ZapA,D,zapA,"Activator of cell division through the inhibition of FtsZ GTPase activity, therefore promoting FtsZ assembly into bundles of protofilaments necessary for the formation of the division Z ring. It is recruited early at mid-cell but it is not essential for cell division",-
group_3067,-,-,-,-,-
bceA_1~~~bceA_2,ABC_tran,V,vraF,"ABC transporter, ATP-binding protein",-
mleS~~~mleS_2~~~mleS_1,"Malic_M,malic",C,sfcA,"Malic enzyme, N-terminal domain",-
group_2265,HTH_3,K,-,Helix-turn-helix XRE-family like proteins,-
group_2266,-,K,-,TRANSCRIPTIONal,-
pcp~~~pcp_2~~~pcp_1,Peptidase_C15,O,pcp,Removes 5-oxoproline from various penultimate amino acid residues except L-proline,"GO:0006508,GO:0006807,GO:0008150,GO:0008152,GO:0019538,GO:0043170,GO:0044238,GO:0071704,GO:1901564"
hisH~~~hisH_2~~~hisH_1,GATase,E,hisH,"IGPS catalyzes the conversion of PRFAR and glutamine to IGP, AICAR and glutamate. The HisH subunit provides the glutamine amidotransferase activity that produces the ammonia necessary to HisF for the synthesis of IGP and AICAR","GO:0000105,GO:0000107,GO:0003674,GO:0003824,GO:0006082,GO:0006520,GO:0006547,GO:0006725,GO:0006807,GO:0008150,GO:0008152,GO:0008652,GO:0009058,GO:0009987,GO:0016053,GO:0016740,GO:0016757,GO:0016763,GO:0018130,GO:0019438,GO:0019752,GO:0034641,GO:0043436,GO:0044237,GO:0044238,GO:0044249,GO:0044281,GO:0044283,GO:0046394,GO:0046483,GO:0052803,GO:0071704,GO:1901360,GO:1901362,GO:1901564,GO:1901566,GO:1901576,GO:1901605,GO:1901607"
sirC,"NAD_binding_7,Sirohm_synth_M",H,sirC,COG1648 Siroheme synthase (precorrin-2 oxidase ferrochelatase domain),-
group_142,-,-,-,-,-
copZ,HMA,P,copZ,Chaperone that serves for the intracellular sequestration and transport of Cu( ). Delivers Cu( ) to the copper-exporting P-type ATPase A (CopA) (By similarity),-
yknY~~~ettA_1~~~ettA_2~~~yknY_2,ABC_tran,V,-,ATPases associated with a variety of cellular activities,-
group_3053,DUF2929,S,-,Protein of unknown function (DUF2929),-
group_1090,DUF1516,S,-,UPF0344 protein,-
lytO,"Amidase_3,CHAP,LysM,Peptidase_M23,SH3_5",M,-,N-acetylmuramoyl-L-alanine amidase,-
rpoE,HARE-HTH,K,rpoE,"Participates in both the initiation and recycling phases of transcription. In the presence of the delta subunit, RNAP displays an increased specificity of transcription, a decreased affinity for nucleic acids, and an increased efficiency of RNA synthesis because of enhanced recycling","GO:0003674,GO:0003824,GO:0003899,GO:0006139,GO:0006351,GO:0006725,GO:0006807,GO:0008150,GO:0008152,GO:0009058,GO:0009059,GO:0009987,GO:0010467,GO:0016070,GO:0016740,GO:0016772,GO:0016779,GO:0018130,GO:0019438,GO:0032774,GO:0034062,GO:0034641,GO:0034645,GO:0034654,GO:0043170,GO:0044237,GO:0044238,GO:0044249,GO:0044260,GO:0044271,GO:0046483,GO:0071704,GO:0090304,GO:0097659,GO:0097747,GO:0140098,GO:1901360,GO:1901362,GO:1901576"
prmC,MTS,J,prmC,Methylates the class 1 translation termination release factors RF1 PrfA and RF2 PrfB on the glutamine residue of the universally conserved GGQ motif,"GO:0003674,GO:0003824,GO:0005575,GO:0005622,GO:0005623,GO:0005737,GO:0005829,GO:0008150,GO:0008152,GO:0008168,GO:0008757,GO:0016740,GO:0016741,GO:0032259,GO:0044424,GO:0044444,GO:0044464"
thiM,HK,H,thiM,Catalyzes the phosphorylation of the hydroxyl group of 4-methyl-5-beta-hydroxyethylthiazole (THZ),"GO:0003674,GO:0003824,GO:0006725,GO:0006766,GO:0006767,GO:0006772,GO:0006790,GO:0006793,GO:0006796,GO:0006807,GO:0008150,GO:0008152,GO:0008972,GO:0009058,GO:0009110,GO:0009228,GO:0009987,GO:0016301,GO:0016310,GO:0016740,GO:0016772,GO:0016776,GO:0017144,GO:0018130,GO:0019438,GO:0034641,GO:0042364,GO:0042723,GO:0042724,GO:0044237,GO:0044249,GO:0044271,GO:0044272,GO:0044281,GO:0044283,GO:0046483,GO:0071704,GO:0072527,GO:0072528,GO:1901360,GO:1901362,GO:1901564,GO:1901566,GO:1901576"
acpS,ACPS,I,acpS,Transfers the 4'-phosphopantetheine moiety from coenzyme A to a Ser of acyl-carrier-protein,-
group_918,-,-,-,-,-
group_1092,-,-,-,-,-
group_1222,-,-,-,-,-
group_1626,-,-,-,-,-
group_204,Polysacc_synt_3,S,-,COG2244 Membrane protein involved in the export of O-antigen and teichoic acid,-
dapH_1~~~dapH_3~~~maa~~~dapH_2,Hexapep,S,-,Hexapeptide repeat of succinyl-transferase,-
group_3115,SpoIIM,S,-,Stage II sporulation protein M,-
gpmA_3~~~pspB~~~gpmA_2,His_Phos_1,G,gpmB,Belongs to the phosphoglycerate mutase family,-
ydbP,Thioredoxin,CO,ydbP,Thioredoxin,"GO:0003674,GO:0003824,GO:0004791,GO:0005575,GO:0005622,GO:0005623,GO:0005737,GO:0005829,GO:0006950,GO:0006979,GO:0008150,GO:0008152,GO:0009636,GO:0009987,GO:0015035,GO:0015036,GO:0016209,GO:0016491,GO:0016651,GO:0016667,GO:0016668,GO:0016671,GO:0019725,GO:0033554,GO:0034599,GO:0042221,GO:0042592,GO:0044424,GO:0044444,GO:0044464,GO:0045454,GO:0047134,GO:0050789,GO:0050794,GO:0050896,GO:0051716,GO:0055114,GO:0065007,GO:0065008,GO:0070887,GO:0097237,GO:0098754,GO:0098869,GO:1990748"
group_448,-,-,-,-,-
group_1601,-,-,-,-,-
group_924,Phage_Mu_Gam,S,-,Bacteriophage Mu Gam like protein,-
group_1220,-,S,-,ERF superfamily,-
ssbA_3~~~ssbA_2~~~ssbA_1~~~ssbA_4,-,L,-,Single-strand binding protein family,-
group_1094,-,-,-,-,-
bceB_3~~~bceB_1~~~bceB_2~~~bceB_4,FtsX,V,vraE,ABC transporter (permease),-
group_342,AzlD,S,azlD,Branched-chain amino acid transport protein (AzlD),-
vldH~~~indB_2~~~indB_1~~~gph~~~ppaX,HAD_2,S,-,HAD-hyrolase-like,-
group_1392,-,M,-,cell killing,-
group_2267,-,-,-,-,-
dinG_2,RNase_T,L,-,Exonuclease,-
group_3131,DUF2829,S,-,Protein of unknown function (DUF2829),-
group_94,-,-,-,-,-
group_1619,-,S,-,Hypothetical protein (DUF2513),-
group_1580,DUF771,S,-,Domain of unknown function (DUF771),-
entG~~~entG_1~~~entG_2,"Stap_Strp_tox_C,Stap_Strp_toxin",S,-,"Staphylococcal/Streptococcal toxin, OB-fold domain",-
tilS,"ATP_bind_3,TilS,TilS_C",D,tilS,"Ligates lysine onto the cytidine present at position 34 of the AUA codon-specific tRNA(Ile) that contains the anticodon CAU, in an ATP-dependent manner. Cytidine is converted to lysidine, thus changing the amino acid specificity of the tRNA from methionine to isoleucine",-
group_171,-,V,-,type I restriction modification DNA specificity domain,-
group_3159,-,L,-,Uncharacterized conserved protein (DUF2075),-
group_37,DUF4811,S,-,Domain of unknown function (DUF4811),-
emrB,MFS_1,P,lmrB,Major Facilitator Superfamily,-
group_2270,"TetR_C_8,TetR_N",K,-,transcriptional regulator,-
purD_2,ATP-grasp_4,F,-,ATP-grasp domain,-
aptB,-,G,-,"Transketolase, pyrimidine binding domain",-
aptA,Transketolase_N,G,-,"Transketolase, thiamine diphosphate binding domain",-
lysK~~~lysK_1~~~lysK_2,"AA_kinase,Peptidase_M20",E,lysZ,succinyl-diaminopimelate desuccinylase activity,"GO:0003674,GO:0003824,GO:0003991,GO:0005488,GO:0006082,GO:0006520,GO:0006525,GO:0006526,GO:0006793,GO:0006796,GO:0006807,GO:0008150,GO:0008152,GO:0008652,GO:0009058,GO:0009064,GO:0009084,GO:0009987,GO:0016053,GO:0016301,GO:0016310,GO:0016597,GO:0016740,GO:0016772,GO:0016774,GO:0019752,GO:0031406,GO:0034618,GO:0036094,GO:0043167,GO:0043168,GO:0043169,GO:0043177,GO:0043436,GO:0044237,GO:0044238,GO:0044249,GO:0044281,GO:0044283,GO:0046394,GO:0071704,GO:1901564,GO:1901566,GO:1901576,GO:1901605,GO:1901607"
argC_2~~~argC_3,"Semialdhyde_dh,Semialdhyde_dhC",E,argC,Catalyzes the NADPH-dependent reduction of N-acetyl-5- glutamyl phosphate to yield N-acetyl-L-glutamate 5-semialdehyde,-
group_2271,DegT_DnrJ_EryC1,-,-,-,-
rimK~~~lysX,RimK,HJ,-,COG0189 Glutathione synthase Ribosomal protein S6 modification enzyme (glutaminyl transferase),-
group_2272,-,-,-,-,-
group_2273,HTH_19,K,-,Helix-turn-helix XRE-family like proteins,-
group_173,-,-,-,-,-
group_1588,Phage_prot_Gp6,S,-,"Phage portal protein, SPP1 Gp6-like",-
group_1644,-,S,-,exonuclease activity,-
group_1622,DUF4062,T,-,Domain of unknown function (DUF4062),-
ssbA_3~~~ssbA_1~~~ssbA_2~~~ssbA_4~~~ssbA_5,-,S,-,Single-strand binding protein family,-
group_2274,-,-,-,-,-
aroE_1~~~aroE_2~~~aroE,"Shikimate_DH,Shikimate_dh_N",E,aroE,"Involved in the biosynthesis of the chorismate, which leads to the biosynthesis of aromatic amino acids. Catalyzes the reversible NADPH linked reduction of 3-dehydroshikimate (DHSA) to yield shikimate (SA)","GO:0000166,GO:0003674,GO:0003824,GO:0004764,GO:0005488,GO:0005575,GO:0005622,GO:0005623,GO:0005737,GO:0005829,GO:0006082,GO:0008150,GO:0008152,GO:0009058,GO:0009423,GO:0009987,GO:0016053,GO:0016491,GO:0016614,GO:0016616,GO:0019632,GO:0019752,GO:0032787,GO:0036094,GO:0043436,GO:0043648,GO:0043650,GO:0044237,GO:0044249,GO:0044281,GO:0044283,GO:0044424,GO:0044444,GO:0044464,GO:0046394,GO:0046417,GO:0048037,GO:0050661,GO:0050662,GO:0055114,GO:0071704,GO:0097159,GO:1901265,GO:1901363,GO:1901576,GO:1901615"
pepT_2~~~pepT_1~~~dapE_1~~~argE,"M20_dimer,Peptidase_M20,Peptidase_M28",E,yqjE,Peptidase T-like protein,-
ebpS~~~ebpS_1~~~ebpS_2,LysM,M,ebpS,Lysin motif,-
group_316,DUF697,S,-,protein domain associated with,-
purC~~~purK~~~purC_1~~~purC_2,"2-Hacid_dh_C,ATP-grasp",F,purK,Catalyzes the ATP-dependent conversion of 5- aminoimidazole ribonucleotide (AIR) and HCO(3)(-) to N5- carboxyaminoimidazole ribonucleotide (N5-CAIR),"GO:0005575,GO:0005622,GO:0005623,GO:0005737,GO:0005829,GO:0044424,GO:0044444,GO:0044464"
yydI~~~yydI_2~~~yydI_1,ABC_tran,V,-,ABC transporter,-
yydJ~~~yydJ_2~~~yydJ_1,-,S,-,ABC-2 family transporter protein,-
group_82,Fructosamin_kin,G,-,Fructosamine kinase,-
group_2275,-,-,-,-,-
group_858,-,-,-,-,-
group_275,-,-,-,-,-
group_1438,DUF2483,S,-,Hypothetical protein of unknown function (DUF2483),-
group_859,-,-,-,-,-
group_2277,-,-,-,-,-
group_843,DUF739,K,-,Protein of unknown function (DUF739),-
psuG,Indigoidine_A,Q,psuG,"Catalyzes the reversible cleavage of pseudouridine 5'- phosphate (PsiMP) to ribose 5-phosphate and uracil. Functions biologically in the cleavage direction, as part of a pseudouridine degradation pathway",-
ptsG_3~~~ptsG_1~~~ptsG_2,"PTS_EIIA_1,PTS_EIIB",G,-,"phosphotransferase system, EIIB",-
fcl_1~~~fcl~~~galE~~~gnu~~~hldD,"Epimerase,RmlD_sub_bind",GM,capN,NAD-dependent epimerase,-
aaeA~~~aaeA_1~~~emrA_1~~~emrA,"Biotin_lipoyl_2,HlyD_3,HlyD_D23",V,emrA,COG1566 Multidrug resistance efflux pump,-
ybhR_1~~~ybhR,ABC2_membrane_3,V,-,ABC-2 family transporter protein,-
flp~~~flp_1~~~flp_2,Beta-lactamase,V,flp,Beta-lactamase,-
bacC~~~budC,adh_short_C2,IQ,yxbG,Short chain dehydrogenase,-
group_3138,-,-,-,-,-
group_3059,"Acetyltransf_1,Acetyltransf_10,Acetyltransf_4",K,-,(GNAT) family,-
group_3109,DUF2273,S,-,Small integral membrane protein (DUF2273),-
group_244,DUF1474,S,-,Protein of unknown function (DUF1474),-
group_2280,-,S,-,Helix-turn-helix XRE-family like proteins,-
group_2281,"HTH_19,HTH_3",K,-,sequence-specific DNA binding,-
group_2282,"Phage_int_SAM_3,Phage_integrase",L,-,Phage integrase family,-
group_833,-,-,-,-,-
group_444,DUF1433,S,-,Protein of unknown function (DUF1433),-
group_1635,-,S,-,Domain of unknown function (DUF927),-
group_2283,HTH_3,K,-,Helix-turn-helix XRE-family like proteins,-
group_2284,DUF3800,S,-,Protein of unknown function (DUF3800),-
group_2285,-,-,-,-,-
group_202,"BPL_LplA_LipB,Lip_prot_lig_C",H,lplA,Bacterial lipoate protein ligase C-terminus,-
group_2286,-,-,-,-,-
group_1007,-,S,-,Phage Terminase,-
group_913,-,M,-,sporulation resulting in formation of a cellular spore,-
group_2287,Abi,S,-,CAAX protease self-immunity,-
hemA_2~~~hemA_1~~~hemA_3,Aminotran_1_2,E,-,Cys/Met metabolism PLP-dependent enzyme,-
group_3186,EamA,EG,-,of the drug metabolite transporter (DMT) superfamily,-
purB,"ADSL_C,Lyase_1",F,purB,Belongs to the lyase 1 family. Adenylosuccinate lyase subfamily,"GO:0003674,GO:0003824,GO:0004018,GO:0006139,GO:0006163,GO:0006164,GO:0006167,GO:0006725,GO:0006753,GO:0006793,GO:0006796,GO:0006807,GO:0008150,GO:0008152,GO:0009058,GO:0009117,GO:0009123,GO:0009124,GO:0009126,GO:0009127,GO:0009150,GO:0009152,GO:0009156,GO:0009161,GO:0009165,GO:0009167,GO:0009168,GO:0009259,GO:0009260,GO:0009987,GO:0016829,GO:0016840,GO:0016842,GO:0017144,GO:0018130,GO:0019438,GO:0019637,GO:0019693,GO:0034641,GO:0034654,GO:0044208,GO:0044237,GO:0044238,GO:0044249,GO:0044271,GO:0044281,GO:0046033,GO:0046390,GO:0046483,GO:0055086,GO:0070626,GO:0071704,GO:0072521,GO:0072522,GO:0090407,GO:1901135,GO:1901137,GO:1901293,GO:1901360,GO:1901362,GO:1901564,GO:1901566,GO:1901576"
guaB_2~~~guaB_1,NMO,S,-,Nitronate monooxygenase,-
group_1316,HxlR,K,-,HxlR-like helix-turn-helix,-
group_260,DUF1128,L,yfkK,Belongs to the UPF0435 family,-
group_2288,DUF3644,S,-,Protein of unknown function (DUF3644),-
group_1100,-,-,-,-,-
nisC,LANC_like,V,-,Lanthionine synthetase C-like protein,-
bcrA_1~~~bcrA_2~~~bcrA_3~~~uup_4,ABC_tran,V,mutF,"AAA domain, putative AbiEii toxin, Type IV TA system",-
group_807,Methylase_S,V,-,Type I restriction modification DNA specificity domain protein,-
group_1474,DUF1433,S,-,Protein of unknown function (DUF1433),-
group_496,-,L,-,Transposase,-
uup_5~~~uup_6~~~uup_3~~~uup_4~~~uup_2,ABC_tran,V,-,ABC transporter ATP-binding,-
group_102,ATP-synt_I,S,-,ATP synthase I chain,-
group_3072,-,-,-,-,-
group_2291,AAA_15,L,-,ATP-dependent endonuclease of the OLD family,-
yjcD,"UvrD-helicase,UvrD_C,UvrD_C_2",L,-,Superfamily I DNA and RNA helicases,-
group_0,-,-,-,-,-
group_2292,HTH_3,K,-,Helix-turn-helix XRE-family like proteins,-
group_2293,HTH_19,K,-,Helix-turn-helix domain,-
agrB,AgrB,KOT,agrB,"Essential for the production of a quorum sensing system signal molecule, the autoinducing peptide (AIP). This quorum sensing system is responsible for the regulation of the expression of virulence factor genes. Involved in the proteolytic processing of AgrD, the precursor of AIP",-
leuD_2~~~leuD~~~leuD_1,Aconitase_C,E,leuD,"Catalyzes the isomerization between 2-isopropylmalate and 3-isopropylmalate, via the formation of 2-isopropylmaleate",-
group_45,-,-,-,-,-
bcgIB,Methylase_S,V,-,Type I restriction modification DNA specificity domain,-
ghrB_1~~~tkrA~~~ghrB_2~~~yoaD,"2-Hacid_dh,2-Hacid_dh_C",EH,ghrA,Belongs to the D-isomer specific 2-hydroxyacid dehydrogenase family,-
group_1204,TfoX_N,K,-,TfoX N-terminal domain,-
group_2294,PIN,S,-,Large family of predicted nucleotide-binding domains,-
group_2295,DUF4325,S,-,STAS-like domain of unknown function (DUF4325),-
group_2296,-,T,-,Histidine kinase-like ATPases,-
group_2297,"Helicase_C,Mrr_cat_2,N6_Mtase,ResIII",L,-,Restriction endonuclease,-
group_1001,-,-,-,-,-
irtA~~~irtA_2~~~irtA_1,"ABC_membrane,ABC_tran",V,lmrA2,ABC transporter transmembrane region,-
group_33,-,M,-,UDP-N-acetylmuramoyl-tripeptide-D-alanyl-D-alanine ligase activity,-
sdrF~~~sdrE_1~~~sdrE~~~bbp~~~bbp_1,-,M,-,protein which possibly mediates interactions of S.aureus with components of the extracellular matrix of higher eukaryotes,-
sarU,-,K,-,DNA-binding transcription factor activity,-
manR~~~manR_1~~~manR_2,"HTH_11,Mga,PRD,PTS_EIIA_2,PTS_IIB",GKT,-,"Phosphoenolpyruvate-dependent sugar phosphotransferase system, EIIA 2",-
group_2298,-,-,-,-,-
menG_2~~~menG_1~~~ubiE_1,Methyltransf_31,Q,-,Nodulation protein S (NodS),-
group_945,-,-,-,-,-
uup_3~~~uup_2~~~uup_5~~~uup_1,ABC_tran,V,-,ABC transporter,-
group_2300,"ABC2_membrane,ABC2_membrane_3",V,-,Transport permease protein,-
group_2301,-,-,-,-,-
group_2302,Nitroreductase,C,sagB,coenzyme F420-1:gamma-L-glutamate ligase activity,-
group_2303,-,-,-,-,-
group_2304,YcaO,S,sagD,"YcaO cyclodehydratase, ATP-ad Mg2+-binding",-
group_3095,DUF443,S,-,Protein of unknown function (DUF443),-
group_2307,LXG,S,-,LXG domain of WXG superfamily,-
entE~~~entA_1~~~entA_4~~~entA_2,-,S,-,"Staphylococcal/Streptococcal toxin, OB-fold domain",-
group_765,-,S,-,Phage tail tube protein,-
group_481,-,S,-,peptidase activity,"GO:0005575,GO:0019012,GO:0019028,GO:0032991,GO:0044423,GO:0046806"
group_1570,-,-,-,-,-
group_1391,PemK_toxin,T,-,Toxic component of a toxin-antitoxin (TA) module,-
group_134,DUF4064,S,-,Protein of unknown function (DUF4064),-
ssl4_1~~~ssl3_2~~~ssl7_4~~~ssl4_2~~~ssl4_4~~~ssl4_3,-,S,-,Staphylococcal superantigen-like OB-fold domain,-
group_2309,"DUF4041,T5orf172",J,-,T5orf172,-
hilB,2OG-Fe_Oxy_2,S,-,2OG-Fe dioxygenase,-
group_69,-,-,-,-,-
tarK_2~~~tarK~~~tarK_1~~~tarL_1,-,M,-,the polymerization of the main chain of the major teichoic acid by sequential transfer of ribitol phosphate units from CDP-ribitol to the second glycerol phophate attached to the disaccharide linkage unit,-
arnB_1~~~arnB~~~arnB_2,DegT_DnrJ_EryC1,E,-,Belongs to the DegT DnrJ EryC1 family,-
kdpC2_1~~~kdpC2_2,KdpC,P,kdpC,"Part of the high-affinity ATP-driven potassium transport (or Kdp) system, which catalyzes the hydrolysis of ATP coupled with the electrogenic transport of potassium into the cytoplasm. This subunit acts as a catalytic chaperone that increases the ATP- binding affinity of the ATP-hydrolyzing subunit KdpB by the formation of a transient KdpB KdpC ATP ternary complex","GO:0003674,GO:0003824,GO:0005215,GO:0005575,GO:0006810,GO:0006811,GO:0006812,GO:0006813,GO:0008150,GO:0008324,GO:0008556,GO:0009987,GO:0015075,GO:0015077,GO:0015079,GO:0015318,GO:0015399,GO:0015405,GO:0015662,GO:0015672,GO:0016020,GO:0016021,GO:0016462,GO:0016787,GO:0016817,GO:0016818,GO:0016887,GO:0017111,GO:0019829,GO:0022804,GO:0022853,GO:0022857,GO:0022890,GO:0030001,GO:0031224,GO:0034220,GO:0042623,GO:0042625,GO:0042626,GO:0043492,GO:0044425,GO:0046873,GO:0051179,GO:0051234,GO:0055085,GO:0071804,GO:0071805,GO:0090662,GO:0098655,GO:0098660,GO:0098662,GO:0099131,GO:0099132"
group_292,-,-,-,-,-
clpP_2~~~clpP_1,-,S,-,Clp protease,-
pstS~~~pstS_1~~~pstS_2,PBP_like_2,P,pstS,Part of the ABC transporter complex PstSACB involved in phosphate import,"GO:0003674,GO:0005488,GO:0006810,GO:0006811,GO:0006817,GO:0006820,GO:0008150,GO:0015698,GO:0042301,GO:0043167,GO:0043168,GO:0051179,GO:0051234"
group_3184,-,S,-,Pfam:PemK_toxin,-
group_1542,Staphostatin_A,S,-,Staphostatin A,-
group_910,"Sigma70_r2,Sigma70_r3,Sigma70_r4",K,-,Sigma factors are initiation factors that promote the attachment of RNA polymerase to specific initiation sites and are then released. This sigma factor is the primary sigma factor during exponential growth,-
group_1645,-,-,-,-,-
group_245,DUF445,S,yheB,Belongs to the UPF0754 family,-
dnaC,-,S,-,IstB-like ATP binding protein,-
group_1610,AAA_24,S,-,AAA domain,-
group_1594,-,-,-,-,-
group_2312,-,-,-,-,-
group_466,-,-,-,-,-
group_26,AAA_13,S,-,AAA domain,-
group_2313,"Peptidase_S8,SLH",O,-,Subtilase family,-
group_12,Ntox21,S,-,Novel toxin 21,-
opcR,-,K,yuaC,Belongs to the GbsR family,-
group_1328,-,M,crtO,"Catalyzes the acylation of glycosyl-4,4'- diaponeurosporenoate, i.e. the esterification of glucose at the C6'' position with the carboxyl group of the C(15) fatty acid 12- methyltetradecanoic acid, to yield staphyloxanthin. This is the last step in the biosynthesis of this orange pigment, present in most staphylococci strains (By similarity)",-
crtQ~~~crtQ_1~~~crtQ_2,Glycos_transf_2,M,crtQ,"Catalyzes the glycosylation of 4,4'- diaponeurosporenoate, i.e. the esterification of glucose at the C1'' position with the carboxyl group of 4,4'-diaponeurosporenic acid, to form glycosyl-4,4'-diaponeurosporenoate. This is a step in the biosynthesis of staphyloxanthin, an orange pigment present in most staphylococci strains (By similarity)","GO:0003674,GO:0003824,GO:0006464,GO:0006486,GO:0006487,GO:0006807,GO:0008150,GO:0008152,GO:0009058,GO:0009059,GO:0009100,GO:0009101,GO:0009987,GO:0016740,GO:0019538,GO:0034645,GO:0036211,GO:0043170,GO:0043412,GO:0043413,GO:0044237,GO:0044238,GO:0044249,GO:0044260,GO:0044267,GO:0070085,GO:0071704,GO:1901135,GO:1901137,GO:1901564,GO:1901566,GO:1901576"
crtN~~~crtN_2~~~crtN_1,Amino_oxidase,Q,crtN,"Catalyzes three successive dehydrogenation reactions that lead to the introduction of three double bonds into dehydrosqualene (4,4'-diapophytoene), with 4,4'-diapophytofluene and 4,4'-diapo-zeta-carotene as intermediates, and 4,4'- diaponeurosporene (the major deep-yellow pigment in staphylococci strains) as the end product. Those are initial steps in the biosynthesis of staphyloxanthin, an orange carotenoid present in most staphylococci strains (By similarity)",-
argB~~~argB_2~~~argB_1,AA_kinase,E,argB,Belongs to the acetylglutamate kinase family. ArgB subfamily,"GO:0003674,GO:0003824,GO:0003991,GO:0005488,GO:0006082,GO:0006520,GO:0006525,GO:0006526,GO:0006793,GO:0006796,GO:0006807,GO:0008150,GO:0008152,GO:0008652,GO:0009058,GO:0009064,GO:0009084,GO:0009987,GO:0016053,GO:0016301,GO:0016310,GO:0016597,GO:0016740,GO:0016772,GO:0016774,GO:0019752,GO:0031406,GO:0034618,GO:0036094,GO:0043167,GO:0043168,GO:0043169,GO:0043177,GO:0043436,GO:0044237,GO:0044238,GO:0044249,GO:0044281,GO:0044283,GO:0046394,GO:0071704,GO:1901564,GO:1901566,GO:1901576,GO:1901605,GO:1901607"
group_2990,DUF5082,S,-,Domain of unknown function (DUF5082),-
group_249,DUF5079,S,-,Domain of unknown function (DUF5079),-
bioW~~~bioW_2~~~bioW_1,BioW,H,bioW,Catalyzes the transformation of pimelate into pimeloyl- CoA with concomitant hydrolysis of ATP to AMP,-
abgT_1~~~abgT_2~~~abgT,ABG_transport,H,ydaH,transporter,-
norG,"Aminotran_1_2,GntR",K,-,helix_turn_helix gluconate operon transcriptional repressor,-
mdtD~~~mdtD_1~~~emrB,MFS_1,EGP,yhcA,the major facilitator superfamily,-
moaB,MoCF_biosynth,H,moaB,May be involved in the biosynthesis of molybdopterin,-
group_89,"PDZ_2,Trypsin_2",O,htrA,"COG0265 Trypsin-like serine proteases, typically periplasmic, contain C-terminal PDZ domain",-
fmtA~~~fmtA_1~~~fmtA_2,"Beta-lactamase,Cu_amine_oxidN1",V,pbpX,Autolysis and methicillin resistant-related protein,-
group_111,-,-,-,-,-
aes,Abhydrolase_3,I,-,Carboxylesterase family,-
group_381,DUF2922,S,-,Protein of unknown function (DUF2922),-
group_412,-,UW,-,nuclease activity,-
group_3182,DUF5327,S,-,Family of unknown function (DUF5327),-
norA~~~norA_2~~~norA_1,"MFS_1,MFS_1_like,Sugar_tr",EGP,norA,Quinolone resistance protein norA,"GO:0005575,GO:0005623,GO:0005886,GO:0016020,GO:0044464,GO:0071944"
group_1225,"Amidase_5,CHAP,Glucosaminidase",M,-,Mannosyl-glycoprotein endo-beta-N-acetylglucosaminidase,-
group_1347,-,-,-,-,-
hfq,Hfq,J,hfq,"RNA chaperone that binds small regulatory RNA (sRNAs) and mRNAs to facilitate mRNA translational regulation in response to envelope stress, environmental stress and changes in metabolite concentrations. Also binds with high specificity to tRNAs",-
group_2998,Thiamine_BP,S,M1-594,Thiamine-binding protein,-
mcrB,"AAA_5,DUF3578,EVE",V,-,AAA domain (dynein-related subfamily),-
group_1355,-,-,-,-,-
group_2970,Amidohydro_2,S,-,Amidohydrolase,-
group_27,DoxX_2,S,-,DoxX-like family,-
farB~~~mdtD_1~~~mdtD_2,MFS_1,EGP,-,the major facilitator superfamily,-
group_1500,-,-,-,-,-
group_113,-,-,-,-,-
dinG_1~~~dinG_2,-,-,-,-,-
rsuA~~~rsuA_1~~~rluB_1,"PseudoU_synth_2,S4",J,rsuA,Belongs to the pseudouridine synthase RsuA family,-
mnmM_1~~~mnmM~~~mnmM_2,rRNA_methylase,M,ytqB,Putative rRNA methylase,-
arsB~~~arsB_1~~~arsB_2,ArsB,P,arsB,Involved in arsenical resistance. Thought to form the channel of an arsenite pump,-
group_1106,-,-,-,-,-
group_1107,Abi,S,-,CAAX protease self-immunity,-
menC_1~~~menC,MR_MLE_C,M,menC,"Converts 2-succinyl-6-hydroxy-2,4-cyclohexadiene-1- carboxylate (SHCHC) to 2-succinylbenzoate (OSB)",-
group_1109,-,-,-,-,-
group_1110,DUF3969,S,-,Protein of unknown function (DUF3969),-
group_193,TM2,S,-,TM2 domain,-
cgoX,Amino_oxidase,H,hemY,Catalyzes the 6-electron oxidation of protoporphyrinogen-IX to form protoporphyrin-IX,-
group_1045,"CBS,CorC_HlyC,DUF21",P,-,Domain of unknown function DUF21,-
group_2319,"HTH_19,HTH_3",K,-,Helix-turn-helix,-
efeU,FTR1,P,ywbL,Iron permease FTR1 family,-
iscS_2~~~iscS_1,Aminotran_5,E,iscS2,COG1104 Cysteine sulfinate desulfinase cysteine desulfurase and related enzymes,-
thiI,"THUMP,ThiI",H,thiI,"Catalyzes the ATP-dependent transfer of a sulfur to tRNA to produce 4-thiouridine in position 8 of tRNAs, which functions as a near-UV photosensor. Also catalyzes the transfer of sulfur to the sulfur carrier protein ThiS, forming ThiS-thiocarboxylate. This is a step in the synthesis of thiazole, in the thiamine biosynthesis pathway. The sulfur is donated as persulfide by IscS",-
emp,Coagulase,S,-,Staphylococcus aureus coagulase,-
group_1524,Transgly_assoc,S,ydaS,Transglycosylase associated protein,-
group_3141,Abi_2,V,-,Abi-like protein,-
group_3106,-,-,-,-,-
rnhC~~~rnhC_1~~~rnhC_2,"DUF3378,RNase_HII",L,rnhC,Endonuclease that specifically degrades the RNA of RNA- DNA hybrids,"GO:0003674,GO:0003824,GO:0004518,GO:0004519,GO:0004521,GO:0004523,GO:0004540,GO:0005575,GO:0005622,GO:0005623,GO:0006139,GO:0006259,GO:0006260,GO:0006261,GO:0006271,GO:0006273,GO:0006281,GO:0006298,GO:0006401,GO:0006725,GO:0006807,GO:0006950,GO:0006974,GO:0008150,GO:0008152,GO:0009056,GO:0009057,GO:0009058,GO:0009059,GO:0009987,GO:0016070,GO:0016787,GO:0016788,GO:0016891,GO:0016893,GO:0019439,GO:0022616,GO:0032299,GO:0032991,GO:0033554,GO:0033567,GO:0034641,GO:0034645,GO:0034655,GO:0043137,GO:0043170,GO:0044237,GO:0044238,GO:0044248,GO:0044249,GO:0044260,GO:0044265,GO:0044270,GO:0044424,GO:0044464,GO:0046483,GO:0046700,GO:0050896,GO:0051716,GO:0071704,GO:0090304,GO:0090305,GO:0090501,GO:0090502,GO:0140098,GO:1901360,GO:1901361,GO:1901575,GO:1901576"
isdB~~~isdB_2~~~isdB_1,-,M,-,binding,-
cobB~~~cobB_1,SIR2,K,cobB,NAD-dependent protein deacetylase which modulates the activities of several enzymes which are inactive in their acetylated form,-
group_1257,HNH,L,-,COG1403 Restriction endonuclease,-
group_1253,-,S,-,Phage portal protein,-
group_1170,Peptidase_S78,E,-,COG3740 Phage head maturation protease,-
psuK~~~psuK_1~~~psuK_2~~~deoK_1,"HTH_24,PfkB",G,psuK,pfkB family carbohydrate kinase,-
group_3153,SLAC1,P,ydiA,Voltage-dependent anion channel,-
group_917,-,-,-,-,-
ywqG~~~ywqG_1,DUF1963,S,-,Domain of unknown function (DUF1963),-
pheT_1~~~pheT_2,"DUF4479,tRNA_bind",J,ytpR,Belongs to the phenylalanyl-tRNA synthetase beta subunit family. Type 1 subfamily,"GO:0005575,GO:0005622,GO:0005623,GO:0005737,GO:0006082,GO:0006139,GO:0006399,GO:0006412,GO:0006418,GO:0006432,GO:0006518,GO:0006520,GO:0006725,GO:0006807,GO:0008150,GO:0008152,GO:0009058,GO:0009059,GO:0009328,GO:0009987,GO:0010467,GO:0016070,GO:0019538,GO:0019752,GO:0032991,GO:0034641,GO:0034645,GO:0034660,GO:0043038,GO:0043039,GO:0043043,GO:0043170,GO:0043436,GO:0043603,GO:0043604,GO:0044237,GO:0044238,GO:0044249,GO:0044260,GO:0044267,GO:0044271,GO:0044281,GO:0044424,GO:0044444,GO:0044464,GO:0046483,GO:0071704,GO:0090304,GO:1901360,GO:1901564,GO:1901566,GO:1901576,GO:1902494"
cysL,"HTH_1,LysR_substrate",K,cysL,Transcriptional regulator,-
group_1112,Cons_hypoth698,S,-,Conserved hypothetical protein 698,-
group_1114,Peptidase_M78,E,-,Pfam:DUF955,-
group_1070,-,-,-,-,-
group_2322,AAA_24,S,-,AAA domain,-
group_1527,DUF961,S,-,Bacterial protein of unknown function (DUF961),-
group_1528,-,-,-,-,-
group_1602,TcpE,S,yddD,TcpE family,-
group_1452,AAA_10,S,yddE,AAA-like domain,"GO:0000746,GO:0005575,GO:0005623,GO:0008150,GO:0009291,GO:0009292,GO:0009987,GO:0044464,GO:0044764,GO:0051704,GO:0060187"
ftsK_1,"ABC_tran,DUF87,FtsK_SpoIIIE,TrwB_AAD_bind",D,-,COG1674 DNA segregation ATPase FtsK SpoIIIE and related proteins,-
rhaR~~~rhaR_2~~~rhaR_1,"HTH_18,HTH_AraC,PocR",K,-,AraC family transcriptional regulator,-
cadC~~~cadC_3,HTH_5,K,-,Helix-turn-helix domain,-
group_1236,HTH_28,L,-,Transposase,-
aroK,SKI,F,aroK,Catalyzes the specific phosphorylation of the 3-hydroxyl group of shikimic acid using ATP as a cosubstrate,"GO:0000287,GO:0003674,GO:0003824,GO:0004765,GO:0005488,GO:0006082,GO:0006520,GO:0006725,GO:0006793,GO:0006796,GO:0006807,GO:0008150,GO:0008152,GO:0008652,GO:0009058,GO:0009072,GO:0009073,GO:0009987,GO:0016053,GO:0016301,GO:0016310,GO:0016740,GO:0016772,GO:0016773,GO:0019438,GO:0019632,GO:0019752,GO:0032787,GO:0043167,GO:0043169,GO:0043436,GO:0044237,GO:0044238,GO:0044249,GO:0044281,GO:0044283,GO:0046394,GO:0046872,GO:0071704,GO:1901360,GO:1901362,GO:1901564,GO:1901566,GO:1901576,GO:1901615"
sbnD_1~~~sbnD_2~~~sbnD,"MFS_1,MFS_1_like,Sugar_tr",EGP,-,Sugar (and other) transporter,-
group_1113,FRG,-,-,-,-
group_1471,-,S,-,calcium ion binding,-
group_1217,-,S,-,sequence-specific DNA binding,"GO:0001047,GO:0001067,GO:0003674,GO:0003676,GO:0003677,GO:0005488,GO:0005515,GO:0005575,GO:0006355,GO:0008150,GO:0009889,GO:0009890,GO:0009892,GO:0010468,GO:0010556,GO:0010558,GO:0010605,GO:0010629,GO:0010944,GO:0016032,GO:0019012,GO:0019042,GO:0019044,GO:0019219,GO:0019222,GO:0031323,GO:0031324,GO:0031326,GO:0031327,GO:0042802,GO:0043900,GO:0043902,GO:0043903,GO:0044212,GO:0044403,GO:0044419,GO:0045892,GO:0045934,GO:0046782,GO:0048518,GO:0048519,GO:0048523,GO:0048524,GO:0050434,GO:0050789,GO:0050792,GO:0050794,GO:0051171,GO:0051172,GO:0051252,GO:0051253,GO:0051704,GO:0060255,GO:0065007,GO:0080090,GO:0097159,GO:1901363,GO:1902679,GO:1903506,GO:1903507,GO:2000112,GO:2000113,GO:2001141"
group_454,-,-,-,-,-
group_936,PI3_PI4_kinase,-,-,-,-
group_935,DUF3037,S,-,Protein of unknown function (DUF3037),-
group_1337,-,-,-,-,-
group_1085,-,S,-,similarity to EGAD 6135,-
group_950,MCRA,S,mycA,MCRA family,"GO:0000166,GO:0003674,GO:0003824,GO:0005488,GO:0005504,GO:0005515,GO:0006082,GO:0006629,GO:0006631,GO:0008150,GO:0008152,GO:0008289,GO:0009987,GO:0016829,GO:0016835,GO:0016836,GO:0019752,GO:0031406,GO:0032787,GO:0033293,GO:0036094,GO:0042802,GO:0042803,GO:0043167,GO:0043168,GO:0043177,GO:0043436,GO:0044237,GO:0044238,GO:0044255,GO:0044281,GO:0046983,GO:0048037,GO:0050151,GO:0050660,GO:0050662,GO:0071704,GO:0071949,GO:0097159,GO:1901265,GO:1901363"
murP~~~murP_1~~~murP_2,"PTS_EIIA_1,PTS_EIIB,PTS_EIIC",G,ybbF,"The phosphoenolpyruvate-dependent sugar phosphotransferase system (sugar PTS), a major carbohydrate active -transport system, catalyzes the phosphorylation of incoming sugar substrates concomitantly with their translocation across the cell membrane","GO:0003674,GO:0003824,GO:0005215,GO:0005575,GO:0005623,GO:0005886,GO:0006810,GO:0008150,GO:0008643,GO:0009401,GO:0015144,GO:0016020,GO:0016740,GO:0016772,GO:0016773,GO:0022804,GO:0022857,GO:0034219,GO:0044464,GO:0051179,GO:0051234,GO:0055085,GO:0071702,GO:0071944,GO:0090563,GO:0090588"
group_389,DUF5083,S,-,Domain of unknown function (DUF5083),-
group_449,-,-,-,-,-
group_1660,-,S,-,IstB-like ATP binding protein,-
group_3166,DUF4467,S,-,Domain of unknown function with cystatin-like fold (DUF4467),-
hisC_1~~~hisC_2~~~hisC_4~~~hisC_3,Aminotran_1_2,E,hisC,COG0079 Histidinol-phosphate aromatic aminotransferase and cobyric acid decarboxylase,-
sarU~~~sarU_1~~~sarU_2,-,K,-,DNA-binding transcription factor activity,-
msbA~~~ywjA~~~uup_3,"ABC_membrane,ABC_tran",V,-,ABC transporter transmembrane region,-
group_2325,-,S,-,"head morphogenesis protein, SPP1 gp7 family",-
group_3010,Biotin_lipoyl,I,-,biotin carboxyl carrier protein,-
group_1521,NETI,S,yebG,NETI protein,-
def1,Pep_deformylase,J,def,Removes the formyl group from the N-terminal Met of newly synthesized proteins. Requires at least a dipeptide for an efficient rate of reaction. N-terminal L-methionine is a prerequisite for activity but the enzyme has broad specificity at other positions,"GO:0003674,GO:0003824,GO:0006464,GO:0006807,GO:0008150,GO:0008152,GO:0008463,GO:0009987,GO:0016787,GO:0016810,GO:0016811,GO:0018193,GO:0018206,GO:0019538,GO:0031365,GO:0036211,GO:0042586,GO:0043170,GO:0043412,GO:0043686,GO:0044237,GO:0044238,GO:0044260,GO:0044267,GO:0071704,GO:1901564"
group_3091,"AAA_19,UvrD_C_2",L,-,UvrD-like helicase C-terminal domain,-
group_2327,-,-,-,-,-
ydeA,DJ-1_PfpI,S,-,DJ-1/PfpI family,-
yidA~~~ywtE_1~~~ywpJ~~~ywtE~~~ywtE_2~~~ywpJ_2,Hydrolase_3,S,-,Sucrose-6F-phosphate phosphohydrolase,-
group_110,PTS_IIB,G,-,"PTS system, Lactose/Cellobiose specific IIB subunit",-
group_3064,Mrr_cat,-,-,-,-
group_34,-,-,-,-,-
group_3105,-,-,-,-,-
group_148,DUF523,S,ybbK,Protein of unknown function (DUF523),-
group_2329,"AlbA_2,HATPase_c_4",K,-,Putative ATP-dependent DNA helicase recG C-terminal,-
group_1229,-,S,-,Pfam:DUF950,-
yodJ,VanY,M,-,D-alanyl-D-alanine carboxypeptidase,-
group_2330,-,-,-,-,-
group_2331,-,-,-,-,-
group_2332,AAA_2,O,-,ATPase family associated with various cellular activities (AAA),-
group_939,SIR2_2,S,-,SIR2-like domain,-
group_941,"HTH_11,WYL",K,yobV9,WYL domain,-
group_943,-,S,-,Antioxidant protein with alkyl hydroperoxidase activity. Required for the reduction of the AhpC active site cysteine residues and for the regeneration of the AhpC enzyme activity,-
lrpC,"AsnC_trans_reg,HTH_24,HTH_AsnC-type",K,lrpC,helix_turn_helix ASNC type,-
aphA_1~~~aphA,APH,J,ymdC,Phosphotransferase enzyme family,-
group_1120,HTH_3,K,-,Helix-turn-helix,-
group_1116,-,-,-,-,-
group_1117,APH,S,ycbJ,Phosphotransferase enzyme family,-
ycjY_1~~~ycjY_2,"DLH,Hydrolase_4,Peptidase_S15",L,-,Alpha Beta,-
group_2333,NAD_binding_10,GM,-,NAD(P)H-binding,-
group_2334,LtrA,S,ltrA,Bacterial low temperature requirement A protein (LtrA),-
graR_3,"Response_reg,Trans_reg_C",K,graR,COG0745 Response regulators consisting of a CheY-like receiver domain and a winged-helix DNA-binding domain,-
group_1118,HATPase_c,T,nsaS,Histidine kinase,-
bcrA_4~~~bcrA_2~~~bcrA_3,ABC_tran,V,-,ABC transporter,-
bcrB_1~~~bcrB,ABC2_membrane_4,S,-,Bacitracin ABC transporter permease,-
group_899,-,L,-,COG4584 Transposase and inactivated derivatives,-
group_350,-,S,-,Domain of unknown function DUF1828,-
recO,"RecO_C,RecO_N",L,recO,Involved in DNA repair and RecF pathway recombination,-
hlgC_1~~~hlgC_2,-,S,-,cytolysis in other organism,-
bshC_1~~~bshC_2~~~bshC,BshC,S,bshC,"Involved in bacillithiol (BSH) biosynthesis. May catalyze the last step of the pathway, the addition of cysteine to glucosamine malate (GlcN-Mal) to generate BSH",-
group_1332,-,-,-,-,-
group_1631,RVT_1,L,-,Reverse transcriptase (RNA-dependent DNA polymerase),-
group_1352,Lactococcin_972,S,-,Bacteriocin (Lactococcin_972),-
group_1235,DUF1430,S,-,Protein of unknown function (DUF1430),-
yknY_2~~~thiQ_1~~~yknY~~~macB~~~ftsE,ABC_tran,V,-,ATPases associated with a variety of cellular activities,-
bcrR~~~bcrR_1,HTH_3,K,-,Bacteriophage CI repressor helix-turn-helix domain,-
group_1320,AlbA_2,K,-,Putative DNA-binding domain,-
group_1630,-,-,-,-,-
group_915,-,L,-,Helix-turn-helix domain,-
group_1593,-,-,-,-,-
group_2336,HTH_3,K,-,Helix-turn-helix XRE-family like proteins,-
group_2337,HTH_3,K,-,Helix-turn-helix XRE-family like proteins,-
group_3022,SAP,S,-,SAP domain,-
qacA,MFS_1,EGP,smvA,Major Facilitator Superfamily,-
group_2338,"GyrI-like,MerR_1",KT,bltR,regulator,-
group_1274,"TetR_C_8,TetR_N",K,-,"Bacterial regulatory proteins, tetR family",-
arcC2~~~arcC2_2~~~arcC2_1,AA_kinase,E,arcC,Belongs to the carbamate kinase family,"GO:0003674,GO:0003824,GO:0005575,GO:0005622,GO:0005623,GO:0005737,GO:0005829,GO:0006082,GO:0006520,GO:0006525,GO:0006527,GO:0006793,GO:0006796,GO:0006807,GO:0008150,GO:0008152,GO:0008804,GO:0009056,GO:0009063,GO:0009064,GO:0009065,GO:0009987,GO:0016054,GO:0016301,GO:0016310,GO:0016740,GO:0016772,GO:0016774,GO:0019546,GO:0019752,GO:0043436,GO:0044237,GO:0044238,GO:0044248,GO:0044281,GO:0044282,GO:0044424,GO:0044444,GO:0044464,GO:0046395,GO:0071704,GO:1901564,GO:1901565,GO:1901575,GO:1901605,GO:1901606"
group_1314,-,-,-,-,-
yokF,"Excalibur,SNase",L,nuc,Staphylococcal nuclease homologues,-
hdfR_2~~~gltC~~~hdfR_1~~~hdfR_3,"HTH_1,LysR_substrate",K,gltC,Transcriptional regulator,-
secB,SecB,U,-,Preprotein translocase subunit SecB,-
group_2340,-,-,-,-,-
group_1547,-,-,-,-,-
group_2342,HTH_3,K,-,Helix-turn-helix XRE-family like proteins,-
xerC_4~~~xerC_2~~~xerC_1~~~xerC_3~~~xerC_6,"Arm-DNA-bind_4,Phage_int_SAM_3,Phage_integrase",L,-,Phage integrase family,-
group_2343,"AlbA_2,HATPase_c_4",K,-,Putative DNA-binding domain,-
group_2344,"EVE,HNH",V,-,HNH endonuclease,-
group_2345,-,-,-,-,-
azoR~~~azoR_1~~~azoR_2,Flavodoxin_2,C,azoR,"Catalyzes the reductive cleavage of azo bond in aromatic azo compounds to the corresponding amines. Requires NADH, but not NADPH, as an electron donor for its activity",-
group_254,-,S,-,Protein conserved in bacteria,-
group_3077,RVT_1,L,-,Reverse transcriptase (RNA-dependent DNA polymerase),-
group_458,-,M,-,Trypsin-like peptidase domain,-
group_3161,"Endonuclease_NS,Trypsin_2",E,-,Peptidase S46,-
group_2347,DUF4065,S,-,Protein of unknown function (DUF4065),-
group_2348,-,-,-,-,-
group_499,Methylase_S,V,-,Type I restriction modification DNA specificity domain protein,-
group_2971,HTH_26,K,-,Cro/C1-type HTH DNA-binding domain,-
group_2349,"AsnC_trans_reg,HTH_24,HTH_AsnC-type",K,lrpC,Transcriptional regulator,"GO:0001101,GO:0003674,GO:0003676,GO:0003677,GO:0003700,GO:0005488,GO:0005575,GO:0005622,GO:0005623,GO:0005737,GO:0005829,GO:0006355,GO:0008150,GO:0009889,GO:0010033,GO:0010243,GO:0010468,GO:0010556,GO:0019219,GO:0019222,GO:0031323,GO:0031326,GO:0042221,GO:0043200,GO:0043565,GO:0044424,GO:0044444,GO:0044464,GO:0050789,GO:0050794,GO:0050896,GO:0051171,GO:0051252,GO:0060255,GO:0065007,GO:0080090,GO:0097159,GO:0140110,GO:1901363,GO:1901698,GO:1901700,GO:1903506,GO:2000112,GO:2001141"
apxIB,"ABC_membrane,ABC_tran",Q,-,Multidrug resistance protein,-
group_2018,FMN_red,S,-,NADPH-dependent FMN reductase,-
group_874,Mersacidin,S,-,Two-component Enterococcus faecalis cytolysin (EFC),-
group_501,"DUF4135,LANC_like",V,salB,Domain of unknown function (DUF4135),-
group_502,-,-,-,-,-
cdnD,-,-,-,-,-
entG_2~~~entG_1~~~entG,-,S,-,"Staphylococcal/Streptococcal toxin, OB-fold domain",-
entA_4~~~entA_5~~~entA_3~~~entA_1~~~entE,-,S,-,"Staphylococcal/Streptococcal toxin, OB-fold domain",-
group_2353,"Mrr_cat,zf-C4_Topoisom",V,-,Restriction endonuclease,-
group_2354,Rep_1,L,-,Replication protein,-
group_510,Mersacidin,S,-,Two-component Enterococcus faecalis cytolysin (EFC),-
group_512,Peptidase_S8,O,-,Subtilase family,-
group_3065,YGGT,S,ylmG,YGGT family,-
xerC_4~~~xerC_2~~~xerC_7~~~xerC_6~~~xerC_5~~~xerC_8~~~xerC_3~~~xerC_9~~~xerC_1,Phage_integrase,L,tnpB,Belongs to the 'phage' integrase family,-
group_246,-,M,-,sporulation resulting in formation of a cellular spore,-
group_516,-,-,-,-,-
group_511,Methylase_S,V,-,Type I restriction modification DNA specificity domain protein,-
gajA,AAA_15,L,-,ATP-dependent endonuclease of the OLD family,-
gajB,UvrD-helicase,L,-,UvrD/REP helicase N-terminal domain,-
group_2356,-,-,-,-,-
group_3196,Abi_2,V,-,Abi-like protein,-
group_3197,-,S,-,Protein of unknown function (DUF3102),-
group_2357,DMT_YdcZ,S,-,"Putative inner membrane exporter, YdcZ",-
group_2358,Hydrolase_4,I,-,alpha/beta hydrolase fold,-
group_2359,Usp,T,-,Universal stress protein family,-
argR_3~~~argR_1,"Arg_repressor,Arg_repressor_C",K,-,Regulates arginine biosynthesis genes,-
arcA_2~~~arcA_1,Amidinotransf,E,arcA,Arginine,-
arcD_2~~~arcD_1,AA_permease_2,E,arcD,Arginine ornithine antiporter,-
arcR_2~~~arcR_1,cNMP_binding,T,-,catabolite gene activator and regulatory subunit of cAMP-dependent protein kinases,-
argF_2,"OTCace,OTCace_N",E,argF,Reversibly catalyzes the transfer of the carbamoyl group from carbamoyl phosphate (CP) to the N(epsilon) atom of ornithine (ORN) to produce L-citrulline,-
arcC1_2,AA_kinase,E,arcC,Belongs to the carbamate kinase family,-
group_1469,-,L,-,"Molecular Function DNA binding, Biological Process DNA recombination",-
group_1226,-,-,-,-,-
adhD,"ADH_N,ADH_zinc_N",C,adhC,Alcohol dehydrogenase GroES-like domain,-
group_868,-,-,-,-,-
group_2361,HNH_2,V,-,regulation of methylation-dependent chromatin silencing,-
group_3034,-,-,-,-,-
bioC_2,"Methyltransf_23,Methyltransf_31",Q,-,Methyltransferase domain,-
cntA_2,SBP_bac_5,E,-,"ABC transporter, substrate-binding protein, family 5",-
nikB_2,BPD_transp_1,P,-,ABC transporter (permease),-
group_2363,BPD_transp_1,P,-,Binding-protein-dependent transport system inner membrane component,-
cntD_2,ABC_tran,EP,-,ABC transporter,-
nikE_2,ABC_tran,EP,-,"ABC transporter, ATP-binding protein",-
group_1558,Phage_holin_1,S,-,COG5546 Small integral membrane protein,-
qacC_1~~~qacC,Multi_Drug_Res,P,ebrB,Small Multidrug Resistance protein,"GO:0005575,GO:0005623,GO:0005886,GO:0005887,GO:0006810,GO:0008150,GO:0016020,GO:0016021,GO:0031224,GO:0031226,GO:0044425,GO:0044459,GO:0044464,GO:0051179,GO:0051234,GO:0055085,GO:0071944"
group_911,-,L,-,Transposase,-
rbgA~~~rbgA_2~~~rbgA_1,MMR_HSR1,S,rbgA,Required for a late step of 50S ribosomal subunit assembly. Has GTPase activity,"GO:0003674,GO:0003824,GO:0003924,GO:0008150,GO:0016462,GO:0016787,GO:0016817,GO:0016818,GO:0017111,GO:0022613,GO:0042254,GO:0044085,GO:0071840"
group_86,-,-,-,-,-
group_2366,Peptidase_M50,S,spoIVFB,metallopeptidase activity,-
group_2367,-,-,-,-,-
group_2368,-,-,-,-,-
lnrL_2~~~lnrL_1~~~lnrL_3,ABC_tran,V,-,abc transporter atp-binding protein,-
group_2369,-,-,-,-,-
group_330,DUF5084,S,-,Domain of unknown function (DUF5084),-
nanK~~~bglK~~~nagK,ROK,GK,nanK,ROK family,-
mccA_2~~~mccA~~~mccA_1~~~cysM,PALP,E,mccA,Cysteine synthase,"GO:0000096,GO:0000097,GO:0003674,GO:0003824,GO:0004122,GO:0004124,GO:0005488,GO:0005575,GO:0005622,GO:0005623,GO:0005737,GO:0006082,GO:0006520,GO:0006534,GO:0006535,GO:0006563,GO:0006790,GO:0006807,GO:0008144,GO:0008150,GO:0008152,GO:0008284,GO:0008652,GO:0009058,GO:0009069,GO:0009070,GO:0009987,GO:0016053,GO:0016740,GO:0016765,GO:0016829,GO:0016835,GO:0016836,GO:0016846,GO:0019344,GO:0019752,GO:0019842,GO:0030170,GO:0036094,GO:0042127,GO:0043167,GO:0043168,GO:0043436,GO:0044237,GO:0044238,GO:0044249,GO:0044272,GO:0044281,GO:0044283,GO:0044424,GO:0044464,GO:0046394,GO:0048037,GO:0048518,GO:0048522,GO:0050662,GO:0050789,GO:0050794,GO:0065007,GO:0070279,GO:0071704,GO:0080146,GO:0097159,GO:1901363,GO:1901564,GO:1901566,GO:1901576,GO:1901605,GO:1901607"
group_914,Methylase_S,V,-,Type I restriction modification DNA specificity domain protein,-
group_762,-,-,-,-,-
group_2370,-,D,-,nuclear chromosome segregation,-
group_1390,HIRAN,S,-,HIRAN domain,-
pgcA,"PGM_PMM_I,PGM_PMM_II,PGM_PMM_III,PGM_PMM_IV",G,pgcA,"Catalyzes the interconversion between glucose-6- phosphate and alpha-glucose-1-phosphate. This is the first step in the biosynthesis of diglucosyl-diacylglycerol (Glc2-DAG), i.e. a glycolipid found in the membrane, which is also used as a membrane anchor for lipoteichoic acid (LTA) (By similarity)","GO:0005575,GO:0005622,GO:0005623,GO:0005737,GO:0005829,GO:0044424,GO:0044444,GO:0044464"
group_1122,-,-,-,-,-
group_3198,Methylase_S,V,-,Restriction endonuclease S subunits,-
group_2372,-,S,-,competence protein COMEC,-
group_2373,"AAA_30,DUF2075",L,-,A helicase nuclease that prepares dsDNA breaks (DSB) for recombinational DNA repair. Binds to DSBs and unwinds DNA via a highly rapid and processive ATP-dependent bidirectional helicase activity. Unwinds dsDNA until it encounters a Chi (crossover hotspot instigator) sequence from the 3' direction. Cuts ssDNA a few nucleotides 3' to the Chi site. The properties and activities of the enzyme are changed at Chi. The Chi-altered holoenzyme produces a long 3'-ssDNA overhang and facilitates RecA-binding to the ssDNA for homologous DNA recombination and repair. Holoenzyme degrades any linearized DNA that is unable to undergo homologous recombination. In the holoenzyme this subunit has ssDNA-dependent ATPase and 5'-3' helicase activity. When added to pre-assembled RecBC greatly stimulates nuclease activity and augments holoenzyme processivity. Negatively regulates the RecA-loading ability of RecBCD,-
hmp,"FAD_binding_6,Globin,NAD_binding_1",C,hmp,Belongs to the globin family,"GO:0000041,GO:0000166,GO:0001505,GO:0003674,GO:0003824,GO:0004155,GO:0005488,GO:0005575,GO:0005622,GO:0005623,GO:0006807,GO:0006810,GO:0006811,GO:0006812,GO:0006826,GO:0006950,GO:0008144,GO:0008150,GO:0008152,GO:0008941,GO:0009056,GO:0009987,GO:0015669,GO:0015671,GO:0015893,GO:0016491,GO:0016645,GO:0016646,GO:0016705,GO:0016708,GO:0017144,GO:0019825,GO:0030001,GO:0033554,GO:0034641,GO:0036094,GO:0042133,GO:0042135,GO:0042221,GO:0042493,GO:0042737,GO:0043167,GO:0043168,GO:0044237,GO:0044248,GO:0044270,GO:0044464,GO:0046209,GO:0046210,GO:0048037,GO:0050660,GO:0050662,GO:0050896,GO:0051179,GO:0051213,GO:0051234,GO:0051409,GO:0051716,GO:0055114,GO:0065007,GO:0065008,GO:0071500,GO:0071949,GO:0072593,GO:0097159,GO:1901265,GO:1901363,GO:2001057"
group_1125,DUF960,S,-,Staphylococcal protein of unknown function (DUF960),-
group_2374,-,-,-,-,-
group_1611,-,S,-,Protein of unknown function (DUF1108),-
group_3084,-,-,-,-,-
group_2375,HTH_3,K,-,Helix-turn-helix XRE-family like proteins,-
group_2376,HTH_3,K,-,Cro/C1-type HTH DNA-binding domain,-
xerC_5~~~xerC_1~~~xerC_2~~~xerD_1~~~xerC_3~~~xerD_3~~~xerD_2~~~xerC_4,"Arm-DNA-bind_4,Phage_int_SAM_3,Phage_int_SAM_5,Phage_integrase",L,-,Belongs to the 'phage' integrase family,-
group_2377,-,-,-,-,-
group_3200,-,-,-,-,-
group_276,Lipoprotein_Ltp,M,-,Host cell surface-exposed lipoprotein,-
entD_2~~~entD_1~~~entD~~~entD_3,-,S,-,"Staphylococcal/Streptococcal toxin, OB-fold domain",-
topB_2~~~topB_3~~~topB_1,Toprim,L,-,TOPRIM,-
group_1465,-,-,-,-,-
group_881,rve,L,-,Integrase core domain,-
group_1541,"ABC_transp_aux,CHB_HEX_C_1,ChitinaseA_N",S,-,"PFAM nucleic acid binding, OB-fold, tRNA",-
graF_1~~~graF,Amidohydro_2,S,-,Amidohydrolase,-
group_1498,"TetR_C_8,TetR_N",K,-,Transcriptional regulator,-
group_1516,PepSY,S,-,Peptidase propeptide and YPEB domain,-
group_338,"HTH_26,HTH_3,Peptidase_S24",K,-,Peptidase S24-like,-
group_394,"D5_N,Pox_D5,PriCT_1",S,-,D5 N terminal like,-
group_2378,-,-,-,-,-
group_2380,-,-,-,-,-
ymfD~~~punC,"MFS_1,Sugar_tr",EGP,yvmA,Major Facilitator Superfamily,-
ecoRIIM,DNA_methylase,H,-,Cytosine-specific methyltransferase,-
group_2381,EcoRII-C,L,-,EcoRII C terminal,-
group_234,-,-,-,-,-
menD,"TPP_enzyme_C,TPP_enzyme_M_2,TPP_enzyme_N",H,menD,Catalyzes the thiamine diphosphate-dependent decarboxylation of 2-oxoglutarate and the subsequent addition of the resulting succinic semialdehyde-thiamine pyrophosphate anion to isochorismate to yield 2-succinyl-5-enolpyruvyl-6-hydroxy-3- cyclohexene-1-carboxylate (SEPHCHC),-
dppA_2~~~dppA_3~~~dppE~~~dppA_1,SBP_bac_5,E,oppA,ABC transporter substrate-binding protein,-
oppF_2~~~oppF_3~~~oppF_1,"ABC_tran,oligo_HPY",P,oppF,Belongs to the ABC transporter superfamily,-
group_420,"ABC_tran,oligo_HPY",P,oppD,Belongs to the ABC transporter superfamily,-
norB_4~~~norB_3,COX1,P,-,Cytochrome C and Quinol oxidase polypeptide I,-
group_2382,DUF5085,S,-,Domain of unknown function (DUF5085),-
group_2383,DUF5085,S,-,Domain of unknown function (DUF5085),-
group_3020,"IDEAL,UPF0302",S,-,UPF0302 domain,-
group_98,PepSY_TM,S,-,PepSY-associated TM region,-
group_1265,-,-,-,-,-
ywqN~~~ywqN_1~~~ywqN_2,"FMN_red,Flavodoxin_2",S,ywqN,NADPH-dependent FMN reductase,-
group_2384,-,-,-,-,-
group_44,TetR_N,K,-,TetR family regulatory protein,-
group_944,-,-,-,-,-
ywqN_1~~~ywqN_2,"FMN_red,Flavodoxin_2",S,ywqN,NADPH-dependent FMN reductase,-
group_194,-,K,-,acetyltransferase,-
tsaB,Peptidase_M22,O,yeaZ,Glycoprotease family,"GO:0002949,GO:0006139,GO:0006396,GO:0006399,GO:0006400,GO:0006725,GO:0006807,GO:0008033,GO:0008150,GO:0008152,GO:0009451,GO:0009987,GO:0010467,GO:0016070,GO:0034470,GO:0034641,GO:0034660,GO:0043170,GO:0043412,GO:0044237,GO:0044238,GO:0046483,GO:0070525,GO:0071704,GO:0090304,GO:1901360"
aldC_1~~~aldC_2,AAL_decarboxy,Q,budA,Alpha-acetolactate decarboxylase,-
group_445,"DUF1801,OmdA",S,ydeI,"Bacteriocin-protection, YdeI or OmpD-Associated",-
group_2385,AAA_22,L,-,Bacterial TniB protein,-
group_2387,-,-,-,-,-
group_2388,"TniQ,TnsD",L,-,Tn7-like transposition protein D,-
group_2389,-,-,-,-,-
group_2390,-,-,-,-,-
group_2391,-,-,-,-,-
group_2392,"DUF3387,HSDR_N,ResIII",L,hsdR,Type I restriction enzyme R protein N terminus (HSDR_N),-
thsB2,TIR_2,S,-,TIR domain,-
thsB1,DUF1863,S,-,MTH538 TIR-like domain (DUF1863),-
pabA~~~trpG_2~~~trpG_1,GATase,EH,trpG,COG0512 Anthranilate para-aminobenzoate synthases component II,-
group_1128,DUF961,S,-,Bacterial protein of unknown function (DUF961),-
group_1129,DUF961,S,-,Bacterial protein of unknown function (DUF961),-
group_1132,"HTH_3,Omega_Repress,Rep_trans",K,-,Replication initiation factor,-
group_1131,-,S,-,"Psort location CytoplasmicMembrane, score",-
group_1133,ArdA,S,-,Antirestriction protein (ArdA),-
group_1191,AAA_10,S,-,AAA-like domain,-
group_1209,-,S,-,the current gene model (or a revised gene model) may contain a frame shift,-
group_1134,TpcC,S,-,Conjugative transposon protein TcpC,-
group_1138,Tn916-Xis,S,xis,Excisionase,-
group_279,DinB_2,S,-,DinB family,-
lipA_1~~~lipA_3~~~lipA_2,YSIRK_signal,D,lip,acetyltransferases and hydrolases with the alpha beta hydrolase fold,-
group_215,-,-,-,-,-
group_2393,-,S,-,sequence-specific DNA binding,-
group_2394,-,-,-,-,-
group_2395,"HNH_3,NUMOD4",L,-,HNH endonuclease,-
thiE,TMP-TENI,H,thiE,Condenses 4-methyl-5-(beta-hydroxyethyl)thiazole monophosphate (THZ-P) and 2-methyl-4-amino-5-hydroxymethyl pyrimidine pyrophosphate (HMP-PP) to form thiamine monophosphate (TMP),"GO:0003674,GO:0003824,GO:0004789,GO:0005575,GO:0005622,GO:0005623,GO:0005737,GO:0006725,GO:0006766,GO:0006767,GO:0006772,GO:0006790,GO:0006807,GO:0008150,GO:0008152,GO:0009058,GO:0009110,GO:0009228,GO:0009987,GO:0016740,GO:0016765,GO:0017144,GO:0018130,GO:0019438,GO:0034641,GO:0042364,GO:0042723,GO:0042724,GO:0044237,GO:0044249,GO:0044271,GO:0044272,GO:0044281,GO:0044283,GO:0044424,GO:0044464,GO:0046483,GO:0071704,GO:0072527,GO:0072528,GO:1901360,GO:1901362,GO:1901564,GO:1901566,GO:1901576"
malL_2~~~treA,"Alpha-amylase,DUF3459,Malt_amylase_C",G,treC,Alpha-amylase domain,-
group_270,-,-,-,-,-
group_2396,-,-,-,-,-
group_2398,-,S,-,Domain of unknown function (DUF4393),-
group_2399,-,-,-,-,-
group_2401,ParBc,K,-,ParB-like nuclease domain,-
group_2402,ParBc,K,-,ParB-like nuclease domain,-
group_308,HTH_3,K,-,Helix-turn-helix domain,-
group_2403,HTH_3,K,-,Cro/C1-type HTH DNA-binding domain,-
group_43,HTH_3,K,-,Helix-turn-helix XRE-family like proteins,-
clpP_2~~~clpP_3~~~clpP_1,-,S,-,serine-type endopeptidase activity,-
group_2404,-,L,-,Transposase,-
group_2405,HTH_3,K,-,Bacteriophage CI repressor helix-turn-helix domain,-
group_871,-,S,-,LPXTG cell wall anchor motif,-
group_2406,DUF536,S,-,"Protein of unknown function, DUF536",-
group_32,-,-,-,-,-
group_1659,"Recombinase,Resolvase,Zn_ribbon_recom",L,-,Recombinase zinc beta ribbon domain,-
group_3040,-,-,-,-,-
group_410,DUF1474,S,-,Protein of unknown function (DUF1474),-
group_131,-,-,-,-,-
group_3201,"DUF4040,Proton_antipo_M,Proton_antipo_N",P,mnhA2,monovalent cation H antiporter subunit A,-
group_838,-,-,-,-,-
group_1141,-,-,-,-,-
group_896,DUF536,S,-,"Protein of unknown function, DUF536",-
group_1615,DUF4238,S,-,Protein of unknown function (DUF4238),-
group_66,-,-,-,-,-
group_122,-,S,-,aminoacyl-tRNA ligase activity,-
group_3204,DUF1413,S,-,Domain of unknown function (DUF1413),-
group_3203,-,T,-,Histidine kinase,-
group_2409,DUF87,U,traE,"Psort location Cytoplasmic, score",-
group_70,YukC,S,-,"WXG100 protein secretion system (Wss), protein YukC",-
group_336,"Amidase_5,CHAP,Glucosaminidase",M,-,Mannosyl-glycoprotein endo-beta-N-acetylglucosaminidase,-
group_362,-,-,-,-,-
group_322,-,L,-,"Psort location Cytoplasmic, score",-
mobA_2,"AAA_30,MobA_MobL",L,-,Conjugal transfer protein,-
group_2412,"HSP70,StbA",O,-,unfolded protein binding,-
group_2414,HTH_3,K,-,sequence-specific DNA binding,-
group_2415,HTH_3,K,yqaF,Transcriptional,-
group_1654,-,-,-,-,-
repN~~~repN_2~~~repN_1~~~repN_4~~~repN_3~~~repD~~~repE_2~~~repE~~~repD_1,Rep_trans,L,-,Replication initiation factor,-
group_2416,HTH_3,K,-,Cro/C1-type HTH DNA-binding domain,-
thyA_2~~~thyA_4~~~thyA_1~~~thyA_3,Thymidylat_synt,F,thyA,"Catalyzes the reductive methylation of 2'-deoxyuridine- 5'-monophosphate (dUMP) to 2'-deoxythymidine-5'-monophosphate (dTMP) while utilizing 5,10-methylenetetrahydrofolate (mTHF) as the methyl donor and reductant in the reaction, yielding dihydrofolate (DHF) as a by-product. This enzymatic reaction provides an intracellular de novo source of dTMP, an essential precursor for DNA biosynthesis",-
group_1142,-,H,-,"Key enzyme in folate metabolism. Catalyzes an essential reaction for de novo glycine and purine synthesis, and for DNA precursor synthesis",-
group_1143,-,S,-,DegV family,-
cysL~~~hdfR_1~~~hdfR_2~~~ampR~~~hdfR_3~~~cmpR~~~hdfR_4,"HTH_1,LysR_substrate",K,-,Transcriptional regulator,-
wcdB_2~~~wcdB_1,"Epimerase,GDP_Man_Dehyd",M,-,NAD dependent epimerase dehydratase family protein,-
gtfA_4,"Glycos_transf_1,Glyphos_transf,SH3_8",M,tagX,CDP-glycerol poly(glycerophosphate) glycerophosphotransferase,-
tarD_2,CTP_transf_like,IM,tagD,Glycerol-3-phosphate cytidylyltransferase,-
group_2417,Glyphos_transf,M,tagF,glycosyl glycerophosphate transferases involved in teichoic acid biosynthesis TagF TagB EpsJ RodC,"GO:0003674,GO:0003824,GO:0005575,GO:0005623,GO:0005886,GO:0016020,GO:0016740,GO:0016757,GO:0044464,GO:0071944"
group_462,-,-,-,-,-
group_2418,DNA_pol_A,-,-,-,-
group_2419,-,-,-,-,-
group_2420,HTH_3,K,-,Helix-turn-helix XRE-family like proteins,-
group_1608,-,-,-,-,-
lexA_2~~~lexA_3,"HTH_3,Peptidase_S24",K,-,Helix-turn-helix XRE-family like proteins,-
group_3205,-,-,-,-,-
group_3206,"Phage_rep_org_N,Phg_2220_C",L,-,Conserved phage C-terminus (Phg_2220_C),-
group_475,Phage_prot_Gp6,S,-,"Phage portal protein, SPP1 Gp6-like",-
group_346,Phage_connect_1,S,-,Phage gp6-like head-tail connector protein,-
group_2421,HK97-gp10_like,S,-,"Bacteriophage HK97-gp10, putative tail-component",-
group_2422,Phage_tail_2,S,-,Phage tail tube protein,-
group_2423,-,-,-,-,-
group_296,PhageMin_Tail,D,-,"Phage tail tape measure protein, TP901 family",-
group_407,Sipho_tail,S,-,Phage tail protein,-
group_417,DUF2479,S,-,Domain of unknown function (DUF2479),-
group_2424,Methylase_S,V,-,Type I restriction modification DNA specificity domain,-
hlyB,-,Q,-,"ATPase activity, coupled to transmembrane movement of substances",-
group_2427,"DUF4135,LANC_like",V,lanM,type 2 lantibiotic biosynthesis protein LanM,-
bcrA_1~~~bcrA_3,ABC_tran,V,-,ABC transporter,-
bcrA_2~~~bcrA_4,ABC_tran,V,-,"AAA domain, putative AbiEii toxin, Type IV TA system",-
group_2430,ABC2_membrane_4,S,-,ABC-2 family transporter protein,-
group_2431,HTH_3,K,immR_1,Helix-turn-helix XRE-family like proteins,-
group_2432,-,-,-,-,-
group_2433,HTH_3,K,-,Helix-turn-helix XRE-family like proteins,-
group_2434,"ABC_membrane,ABC_tran",V,-,ABC transporter transmembrane region,-
group_2435,"ABC_membrane,ABC_tran",V,-,ABC transporter transmembrane region,-
group_2436,MerB,S,-,Alkylmercury lyase,-
yehR_2,DUF1307,S,-,Protein of unknown function (DUF1307),-
group_1539,-,-,-,-,-
cadC_2~~~cadC~~~cadC_1~~~cadC_3,HTH_5,K,cadC,Helix-turn-helix domain,-
group_2437,-,-,-,-,-
group_1207,GyrI-like,L,-,GyrI-like small molecule binding domain,-
group_2438,Cons_hypoth698,S,-,Conserved hypothetical protein 698,-
group_3773,-,-,-,-,-
group_878,"HTH_21,rve",L,-,HTH-like domain,-
group_879,HTH_28,L,-,Helix-turn-helix domain,-
group_2439,-,-,-,-,-
group_2440,-,-,-,-,-
group_3207,-,-,-,-,-
blaR12_3~~~blaR12_2~~~blaR1~~~blaR12_1~~~blaR1_2~~~blaR1_1~~~blaR12~~~blaR1_4~~~blaR1_3~~~blaR1_5,"Peptidase_M56,Transpeptidase",KTV,blaR1,Regulatory protein BlaR1,-
blaZ_2~~~blaZ_3,Beta-lactamase2,V,penP,beta-lactamase,"GO:0005575,GO:0005576"
group_2441,HTH_26,K,-,Cro/C1-type HTH DNA-binding domain,-
group_2443,"DpnII,HTH_3,MethyltransfD12",H,dam,Site-specific DNA-methyltransferase (adenine-specific),-
group_3096,"Ion_trans,Ion_trans_2",S,-,Ion transport protein,-
lexA_1~~~lexA_3~~~lexA_2~~~lexA_5,-,S,-,sequence-specific DNA binding,"GO:0001047,GO:0001067,GO:0003674,GO:0003676,GO:0003677,GO:0005488,GO:0005515,GO:0005575,GO:0006355,GO:0008150,GO:0009889,GO:0009890,GO:0009892,GO:0010468,GO:0010556,GO:0010558,GO:0010605,GO:0010629,GO:0010944,GO:0016032,GO:0019012,GO:0019042,GO:0019044,GO:0019219,GO:0019222,GO:0031323,GO:0031324,GO:0031326,GO:0031327,GO:0042802,GO:0043900,GO:0043902,GO:0043903,GO:0044212,GO:0044403,GO:0044419,GO:0045892,GO:0045934,GO:0046782,GO:0048518,GO:0048519,GO:0048523,GO:0048524,GO:0050434,GO:0050789,GO:0050792,GO:0050794,GO:0051171,GO:0051172,GO:0051252,GO:0051253,GO:0051704,GO:0060255,GO:0065007,GO:0080090,GO:0097159,GO:1901363,GO:1902679,GO:1903506,GO:1903507,GO:2000112,GO:2000113,GO:2001141"
group_452,-,S,-,protein disulfide oxidoreductase activity,-
folA~~~folA_1,DHFR_1,H,folA,"Key enzyme in folate metabolism. Catalyzes an essential reaction for de novo glycine and purine synthesis, and for DNA precursor synthesis",-
group_768,"HSDR_N_2,N6_Mtase",V,-,N-6 DNA Methylase,-
group_88,-,S,-,Recombinase,-
scdA,"Hemerythrin,ScdA_N",D,scdA,Di-iron-containing protein involved in the repair of iron-sulfur clusters,"GO:0006807,GO:0006950,GO:0006979,GO:0008150,GO:0008152,GO:0009987,GO:0019538,GO:0030091,GO:0043170,GO:0044237,GO:0044238,GO:0044260,GO:0044267,GO:0050896,GO:0071704,GO:1901564"
group_3568,-,L,-,"Transposase, Mutator family",-
sdmB~~~fcl_2~~~arnA~~~fcl_1,"3Beta_HSD,Epimerase",M,-,Male sterility protein,-
group_1522,SEC-C,S,-,SEC-C Motif Domain Protein,-
hemW,"HemN_C,Radical_SAM",H,hemN,Involved in the biosynthesis of porphyrin-containing compound,"GO:0003674,GO:0005488,GO:0005575,GO:0005622,GO:0005623,GO:0005737,GO:0006725,GO:0006778,GO:0006779,GO:0006807,GO:0008150,GO:0008152,GO:0009058,GO:0009987,GO:0018130,GO:0019438,GO:0033013,GO:0033014,GO:0034641,GO:0044237,GO:0044249,GO:0044271,GO:0044424,GO:0044464,GO:0046483,GO:0048037,GO:0051186,GO:0051188,GO:0051536,GO:0051539,GO:0051540,GO:0071704,GO:1901360,GO:1901362,GO:1901564,GO:1901566,GO:1901576"
group_3057,Glyoxalase,E,-,Glyoxalase/Bleomycin resistance protein/Dioxygenase superfamily,-
group_1146,-,-,-,-,-
group_96,-,-,-,-,-
mhqA_2~~~mhqA_3~~~mhqA_1~~~mhqE~~~mhqA_4,Glyoxalase,E,mhqA_2,Glyoxalase/Bleomycin resistance protein/Dioxygenase superfamily,-
ogt,"DNA_binding_1,Methyltransf_1N",L,ogt,Involved in the cellular defense against the biological effects of O6-methylguanine (O6-MeG) and O4-methylthymine (O4-MeT) in DNA. Repairs the methylated nucleobase in DNA by stoichiometrically transferring the methyl group to a cysteine residue in the enzyme. This is a suicide reaction the enzyme is irreversibly inactivated,-
clpL~~~clpL_2~~~clpL_1,"AAA,AAA_2,ClpB_D2-small,UVR",O,clpL,"C-terminal, D2-small domain, of ClpB protein",-
metN~~~metN_2~~~metN_1,"ABC_tran,NIL",P,metN1,Part of the ABC transporter complex MetNIQ involved in methionine import. Responsible for energy coupling to the transport system,-
group_3185,"ADH_N,ADH_zinc_N_2",C,-,NADPH quinone reductase,-
group_3081,3-dmu-9_3-mt,S,-,protein conserved in bacteria,-
oppF_1~~~oppF~~~oppF_2~~~oppF_3,"ABC_tran,oligo_HPY",P,oppF,Belongs to the ABC transporter superfamily,-
map_1~~~map_2~~~map_4~~~map_3,MAP,S,-,MAP domain,-
dhaK~~~dhaK_2~~~dhaK_1,Dak1,G,dhaK,Dihydroxyacetone kinase,"GO:0003674,GO:0003824,GO:0006793,GO:0006796,GO:0008150,GO:0008152,GO:0009987,GO:0016301,GO:0016310,GO:0016740,GO:0016772,GO:0016773,GO:0044237,GO:0047324"
mrpA~~~dabB_1~~~mrpA_1~~~mrpA_2~~~mnhA1_2,"DUF4040,Proton_antipo_M,Proton_antipo_N",P,mnhA2,monovalent cation H antiporter subunit A,-
ftsK_2~~~ftsK_1,FtsK_SpoIIIE,D,ydcQ,FtsK/SpoIIIE family,-
norA_2~~~norA_1~~~norA_3,-,EGP,-,Quinolone resistance protein norA,-
group_2446,"HNH,HNH_5",L,-,PFAM HNH endonuclease,-
group_2447,-,S,-,calcium ion binding,-
phaB~~~fabG_1~~~fabG_2,"adh_short,adh_short_C2",IQ,-,short chain dehydrogenase reductase family,-
group_1237,"HTH_21,rve",L,-,HTH-like domain,-
bcr_2~~~bcr_1,MFS_1,EGP,bcr,of the major facilitator superfamily,-
rlmA,"Methyltransf_25,Methyltransf_31",L,-,Methyltransferase domain,-
group_1340,DUF576,M,-,Csa1 family,-
group_1468,-,-,-,-,-
group_145,-,-,-,-,-
kdpC2~~~kdpC2_3,KdpC,P,kdpC,"Part of the high-affinity ATP-driven potassium transport (or Kdp) system, which catalyzes the hydrolysis of ATP coupled with the electrogenic transport of potassium into the cytoplasm. This subunit acts as a catalytic chaperone that increases the ATP- binding affinity of the ATP-hydrolyzing subunit KdpB by the formation of a transient KdpB KdpC ATP ternary complex","GO:0003674,GO:0003824,GO:0005215,GO:0005575,GO:0006810,GO:0006811,GO:0006812,GO:0006813,GO:0008150,GO:0008324,GO:0008556,GO:0009987,GO:0015075,GO:0015077,GO:0015079,GO:0015318,GO:0015399,GO:0015405,GO:0015662,GO:0015672,GO:0016020,GO:0016021,GO:0016462,GO:0016787,GO:0016817,GO:0016818,GO:0016887,GO:0017111,GO:0019829,GO:0022804,GO:0022853,GO:0022857,GO:0022890,GO:0030001,GO:0031224,GO:0034220,GO:0042623,GO:0042625,GO:0042626,GO:0043492,GO:0044425,GO:0046873,GO:0051179,GO:0051234,GO:0055085,GO:0071804,GO:0071805,GO:0090662,GO:0098655,GO:0098660,GO:0098662,GO:0099131,GO:0099132"
group_2454,Methylase_S,V,-,Type I restriction,-
recF_1~~~recF_2,AAA_15,L,-,Protein of unknown function (DUF2813),-
group_2455,Pyridoxal_deC,E,-,Pyridoxal-dependent decarboxylase conserved domain,-
pycC_1~~~pycC_2~~~pycC,Guanylate_cyc,T,-,Adenylate and Guanylate cyclase catalytic domain,-
group_81,-,-,-,-,-
hsdR_1,"DUF3387,HSDR_N,ResIII",L,hsdR,"Subunit R is required for both nuclease and ATPase activities, but not for modification",-
yofA,"HTH_1,LysR_substrate",K,-,LysR substrate binding domain,-
group_2456,DUF1433,S,-,Protein of unknown function (DUF1433),-
group_6,-,S,-,Domain of unknown function (DUF4393),-
group_2457,HxlR,K,-,HxlR-like helix-turn-helix,-
group_2458,OMPdecase,G,-,Catalyzes the condensation of ribulose 5-phosphate with formaldehyde to form 3-hexulose 6-phosphate,-
group_2459,DJ-1_PfpI,S,-,intracellular protease,-
group_832,-,-,-,-,-
group_2460,-,S,-,Helix-turn-helix domain,-
group_2463,"ABC_membrane,ABC_tran,Peptidase_C39",V,plnG,"COG2274 ABC-type bacteriocin lantibiotic exporters, contain an N-terminal double-glycine peptidase domain",-
entE~~~entE_2,-,S,-,"Staphylococcal/Streptococcal toxin, OB-fold domain",-
group_3774,DDE_Tnp_IS240,L,-,COG3316 Transposase and inactivated derivatives,-
group_2464,-,L,-,Phage integrase family,-
group_2465,-,-,-,-,-
group_3210,RepL,K,-,Firmicute plasmid replication protein (RepL),-
group_3212,ADPrib_exo_Tox,S,-,ADP-ribosyltransferase exoenzyme,-
lafA,-,-,-,-,-
group_3211,Trypsin_2,M,-,Trypsin-like peptidase domain,-
group_3121,LXG,S,-,LXG domain of WXG superfamily,-
group_2467,-,-,-,-,-
group_2468,-,-,-,-,-
group_2469,Abi_2,V,-,Abi-like protein,-
group_2471,-,-,-,-,-
group_2472,-,-,-,-,-
group_2473,SpoIIM,S,-,Stage II sporulation protein M,-
group_3145,-,-,-,-,-
group_759,"D5_N,VirE",S,-,Virulence-associated protein E,-
menH,"Abhydrolase_1,Abhydrolase_6,Hydrolase_4",S,menH,"Catalyzes a proton abstraction reaction that results in 2,5-elimination of pyruvate from 2-succinyl-5-enolpyruvyl-6- hydroxy-3-cyclohexene-1-carboxylate (SEPHCHC) and the formation of 2-succinyl-6-hydroxy-2,4-cyclohexadiene-1-carboxylate (SHCHC)",-
ytnP~~~ytnP_1~~~ytnP_2,Lactamase_B,S,ytnP,Metallo-beta-lactamase superfamily protein,-
ssl5_2~~~ssl5_1~~~ssl5_3,-,S,-,Staphylococcal superantigen-like OB-fold domain,-
group_2475,AAA_5,V,-,AAA domain (dynein-related subfamily),-
group_2476,"DUF2357,PDDEXK_7",S,-,PD-(D/E)XK nuclease superfamily,-
group_2477,DUF443,S,-,Protein of unknown function (DUF443),-
hsdM_2~~~hsdM_1~~~hsdM_3~~~hsdM,"HsdM_N,N6_Mtase",V,hsdM,type I restriction-modification system,-
group_2478,"DDE_Tnp_1,DDE_Tnp_1_6,DUF772",L,-,COG3666 Transposase and inactivated derivatives,-
group_284,KAP_NTPase,S,-,KAP family P-loop domain,-
group_1470,-,S,-,DNA binding,-
group_963,Transposase_mut,L,-,"Transposase, Mutator family",-
group_2481,HTH_3,K,-,Helix-turn-helix XRE-family like proteins,-
group_2482,RadC,L,-,RadC-like JAB domain,-
group_2483,-,-,-,-,-
group_2484,DUF1643,V,-,Protein of unknown function (DUF1643),-
group_2485,DUF960,L,-,Staphylococcal protein of unknown function (DUF960),-
group_2487,-,S,-,Pfam:DUF950,-
group_2488,"Ogr_Delta,Recombinase,Resolvase,Zn_ribbon_recom",L,-,Recombinase,-
group_3176,"Recombinase,Resolvase,Zn_ribbon_recom",L,-,Recombinase zinc beta ribbon domain,-
group_2489,DUF927,L,-,Domain of unknown function (DUF927),-
group_2490,DUF1413,S,-,Domain of unknown function (DUF1413),-
group_2491,-,-,-,-,-
group_1597,-,L,-,"transposase and inactivated derivatives, IS30 family",-
recF_2~~~recF_1,AAA_15,L,-,AAA ATPase domain,-
rep~~~pcrA_1~~~rep_1~~~rep_2,"UvrD-helicase,UvrD_C",L,-,UvrD/REP helicase N-terminal domain,-
group_883,DUF961,S,-,Bacterial protein of unknown function (DUF961),-
group_884,DUF961,S,-,Bacterial protein of unknown function (DUF961),-
group_885,-,-,-,-,-
group_886,FtsK_SpoIIIE,D,-,FtsK SpoIIIE family protein,-
group_887,"HTH_3,Omega_Repress,Rep_trans",K,-,Replication initiation factor,-
group_888,-,-,-,-,-
group_889,-,S,-,"Psort location CytoplasmicMembrane, score",-
group_890,ArdA,S,-,Antirestriction protein (ArdA),-
group_1450,-,-,-,-,-
group_891,rve,L,-,Integrase core domain,-
group_892,IstB_IS21,L,-,Bacterial dnaA  protein,-
group_893,-,S,-,the current gene model (or a revised gene model) may contain a frame shift,-
cwlT~~~cwlT_1~~~cwlT_2,"Lysozyme_like,NLPC_P60",M,-,Lysozyme-like,-
group_1353,TpcC,S,-,Conjugative transposon protein TcpC,-
tetM~~~tetM_1~~~tetM_1,"EFG_C,EFG_II,EFG_IV,GTP_EFTU",J,XK27_03330,"Elongation factor G, domain IV",-
group_1135,HTH_3,K,-,Helix-turn-helix domain,-
group_1136,Sigma70_r4_2,K,-,"Sigma-70, region 4",-
group_894,DUF3173,S,-,Domain of unknown function (DUF3173),-
xerC_10~~~xerC_4~~~xerC_1~~~xerC_3,"Arm-DNA-bind_4,Phage_int_SAM_3,Phage_int_SAM_5,Phage_integrase",L,-,Phage integrase family,-
group_1445,Phage_XkdX,S,-,Phage uncharacterised protein (Phage_XkdX),-
group_2492,Phage_tail_2,N,-,"domain, Protein",-
group_2493,-,S,-,Protein of unknown function (DUF3168),"GO:0005575,GO:0008150,GO:0016032,GO:0019012,GO:0019058,GO:0019068,GO:0044403,GO:0044419,GO:0044423,GO:0051704,GO:0098003,GO:0098004,GO:0098015"
group_2494,-,S,-,peptidase activity,"GO:0005575,GO:0019012,GO:0019028,GO:0032991,GO:0044423,GO:0046806"
group_320,-,S,-,Phage Mu protein F like protein,"GO:0005575,GO:0019012,GO:0019028,GO:0044423,GO:0046729"
group_2495,-,S,-,"Phage portal protein, SPP1 Gp6-like","GO:0005575,GO:0019012,GO:0019028,GO:0032991,GO:0044423,GO:0046729,GO:0046798"
group_2496,"Terminase_3,Terminase_6,Terminase_6C",S,-,Terminase-like family,-
group_274,-,L,-,DNA packaging,-
group_1653,DUF722,S,-,"Transcriptional regulator, RinA family",-
group_1651,YozE_SAM_like,S,-,Belongs to the UPF0346 family,-
group_2498,RibD_C,H,-,RibD C-terminal domain,-
group_2499,-,-,-,-,-
dnaE_1~~~dnaE_2,"DNA_pol3_alpha,PHP",L,-,DNA polymerase alpha chain like domain,-
dnaE2,"DNA_pol3_alpha,HHH_6",L,-,Helix-hairpin-helix motif,-
group_2501,-,-,-,-,-
group_2502,-,-,-,-,-
lig,"DNA_ligase_A_M,DNA_ligase_OB_2",L,-,ATP dependent DNA ligase domain,-
group_2503,-,-,-,-,-
group_2504,-,-,-,-,-
group_2505,-,-,-,-,-
group_2506,-,-,-,-,-
group_2507,-,-,-,-,-
group_2508,-,-,-,-,-
group_2510,Nuc_deoxyrib_tr,S,-,Nucleoside 2-deoxyribosyltransferase,-
group_2511,-,-,-,-,-
cmoA,Methyltransf_11,J,-,ubiE/COQ5 methyltransferase family,-
hhaIM~~~hgiCIM,DNA_methylase,H,dcm,C-5 cytosine-specific DNA methylase,-
group_2512,-,-,-,-,-
group_2513,-,-,-,-,-
group_2514,-,-,-,-,-
group_2515,-,-,-,-,-
group_3085,Sipho_Gp157,S,-,Siphovirus Gp157,-
group_2516,-,-,-,-,-
group_2517,-,-,-,-,-
nrdI_1~~~nrdI_2,Flavodoxin_NdrI,F,nrdI,NrdI Flavodoxin like,-
group_2518,-,-,-,-,-
group_2519,"LAGLIDADG_3,RNR_N,Ribonuc_red_lgC,Ribonuc_red_lgN",FL,-,Hint (Hedgehog/Intein) domain C-terminal region,-
nrdE_1~~~nrdE_2,Ribonuc_red_lgC,F,-,"Ribonucleotide reductase, barrel domain",-
nrdF_1~~~nrdF_2,Ribonuc_red_sm,F,-,"Ribonucleotide reductase, small chain",-
group_2520,AAA_18,H,-,Phosphomevalonate kinase,-
group_2521,Glutaredoxin,S,-,KaiB domain,-
group_2522,-,-,-,-,-
group_2523,PRA-PH,S,-,Phosphoribosyl-ATP pyrophosphohydrolase,-
group_2524,-,-,-,-,-
group_2525,-,L,-,Myb-like DNA-binding domain,-
group_2526,"Recombinase,Resolvase,Zn_ribbon_recom",L,-,Recombinase,-
group_2527,His_Phos_1,G,cobC,alpha-ribazole phosphatase activity,-
group_2528,Holin_SPP1,S,xhlB,SPP1 phage holin,-
group_2529,-,-,-,-,-
group_2530,-,-,-,-,-
group_2531,"CBM_6,SLH,fn3",S,-,cellulase activity,-
group_2532,-,-,-,-,-
group_2533,-,-,-,-,-
group_2534,Prophage_tail,S,-,Phage minor structural protein,-
group_2535,Sipho_tail,S,-,Phage tail protein,-
group_2536,"Peptidase_M23,PhageMin_Tail",D,-,Phage-related minor tail protein,-
xerC_2~~~xerC_7~~~xerC_9,"Phage_int_SAM_4,Phage_integrase",L,-,"Phage integrase, N-terminal SAM-like domain",-
group_2537,-,-,-,-,-
group_2538,-,-,-,-,-
group_2539,-,-,-,-,-
group_2540,-,-,-,-,-
group_2541,-,-,-,-,-
group_2542,-,-,-,-,-
group_2543,-,-,-,-,-
group_2544,-,-,-,-,-
group_2545,-,-,-,-,-
group_2546,-,-,-,-,-
group_2547,-,-,-,-,-
group_2548,-,-,-,-,-
group_2549,-,-,-,-,-
group_2550,Terminase_6,S,-,Terminase-like family,-
group_2551,-,-,-,-,-
group_2552,-,-,-,-,-
group_2553,YonK,S,-,YonK protein,-
group_2554,Bac_DNA_binding,L,-,Bacterial DNA-binding protein,-
group_2555,-,-,-,-,-
group_2556,"AAA_30,HHH_4,UvrD_C_2",L,-,Viral (Superfamily 1) RNA helicase,-
group_2557,-,-,-,-,-
group_2560,-,-,-,-,-
group_2561,-,-,-,-,-
group_2562,-,-,-,-,-
group_2563,-,-,-,-,-
group_2564,-,-,-,-,-
group_2565,ArdA,S,-,Antirestriction protein (ArdA),-
group_2566,-,-,-,-,-
group_2567,-,-,-,-,-
group_2568,-,-,-,-,-
group_2569,-,-,-,-,-
xerC_4~~~xerC_3~~~xerC_6~~~xerC_10~~~xerC_8,"Phage_int_SAM_1,Phage_integrase",L,-,"Phage integrase, N-terminal SAM-like domain",-
group_2570,DndB,S,-,DNA-sulfur modification-associated,-
group_2571,-,-,-,-,-
group_2572,-,-,-,-,-
group_2573,-,-,-,-,-
group_2574,-,-,-,-,-
group_2575,-,-,-,-,-
group_2576,AAA_24,L,-,AAA domain,-
group_2577,-,-,-,-,-
group_3108,DnaB_C,L,-,DnaB-like helicase C terminal domain,"GO:0003674,GO:0003678,GO:0003824,GO:0004386,GO:0005575,GO:0005622,GO:0005623,GO:0005737,GO:0005829,GO:0006139,GO:0006259,GO:0006260,GO:0006261,GO:0006268,GO:0006725,GO:0006807,GO:0006996,GO:0008150,GO:0008152,GO:0009058,GO:0009059,GO:0009987,GO:0016043,GO:0016462,GO:0016787,GO:0016817,GO:0016818,GO:0017111,GO:0032392,GO:0032508,GO:0034641,GO:0034645,GO:0043170,GO:0044237,GO:0044238,GO:0044249,GO:0044260,GO:0044424,GO:0044444,GO:0044464,GO:0046483,GO:0051276,GO:0071103,GO:0071704,GO:0071840,GO:0090304,GO:0140097,GO:1901360,GO:1901576"
dnaG_1~~~dnaG_2,-,L,-,DNA primase activity,-
yorK,-,L,-,single-stranded DNA 5'-3' exodeoxyribonuclease activity,-
group_2578,Lactamase_B_2,S,-,Metallo-beta-lactamase superfamily,-
group_3149,-,-,-,-,-
group_2579,-,-,-,-,-
group_2580,-,-,-,-,-
group_2582,-,-,-,-,-
group_2583,-,-,-,-,-
group_2584,-,-,-,-,-
group_2585,YopX,S,-,YopX protein,-
group_2586,SNase,L,-,COG1525 Micrococcal nuclease (thermonuclease) homologs,-
group_2587,-,-,-,-,-
group_2588,-,-,-,-,-
group_2592,-,-,-,-,-
group_2594,-,-,-,-,-
group_2596,-,-,-,-,-
group_2597,-,-,-,-,-
group_2598,-,-,-,-,-
group_2599,-,-,-,-,-
group_2600,RinB,S,-,Transcriptional activator RinB,-
group_2601,-,-,-,-,-
group_2602,-,-,-,-,-
group_2603,-,-,-,-,-
group_2604,-,-,-,-,-
apaH,Metallophos,T,-,"Protein phosphatase 2A homologues, catalytic domain.",-
group_2605,-,-,-,-,-
group_2606,-,-,-,-,-
group_2607,"Metallophos,Metallophos_2",S,-,Calcineurin-like phosphoesterase,-
group_2608,MazE_antitoxin,-,-,-,-
group_2609,Fic,S,-,Fic/DOC family,-
group_2610,-,-,-,-,-
group_2611,-,-,-,-,-
group_2612,-,-,-,-,-
group_2613,Metallophos,S,-,Calcineurin-like phosphoesterase superfamily domain,-
group_2614,-,-,-,-,-
siwR_1~~~siwR~~~siwR_2,"HTH_11,WYL",K,-,WYL domain,-
group_1147,"HTH_11,WYL",K,-,transcriptional regulator,-
tsuA_2~~~tsuA_1,Sulf_transp,S,-,Sulphur transport,-
group_2615,Gram_pos_anchor,S,-,LPXTG cell wall anchor motif,-
group_2616,-,-,-,-,-
group_2617,-,-,-,-,-
group_2618,"Amidase_3,CHAP,LysM",M,-,N-acetylmuramoyl-L-alanine amidase,-
group_2619,RepA_N,S,-,Replication initiator protein A (RepA) N-terminus,-
group_2981,-,-,-,-,-
mupA~~~mupA_1,"Anticodon_1,tRNA-synt_1",J,ileS,tRNA synthetases class I (K),-
group_2621,-,-,-,-,-
group_3178,-,-,-,-,-
resA,AhpC-TSA,CO,-,SCO1/SenC,-
ypbB,HTH_40,S,-,Helix-turn-helix domain,-
ybiV~~~ybjI,Hydrolase_3,S,-,Sucrose-6F-phosphate phosphohydrolase,-
group_2625,-,-,-,-,-
group_267,-,-,-,-,-
group_2627,Peptidase_S8,O,epr,Peptidase S8,-
msrAB~~~msrAB_1~~~msrA,PMSR,O,-,Has an important function as a repair enzyme for proteins that have been inactivated by oxidation. Catalyzes the reversible oxidation-reduction of methionine sulfoxide in proteins to methionine,-
group_465,DUF5067,NU,-,Domain of unknown function (DUF5067),-
group_2628,"DUF262,HNH",U,-,Protein of unknown function DUF262,-
group_1429,-,L,-,HNH nucleases,-
aadK,Adenyl_transf,G,aadK,Streptomycin adenylyltransferase,-
group_38,-,-,-,-,-
group_2630,-,-,-,-,-
merB,"HTH_15,MerB",C,merB,Helix-turn-helix domain of alkylmercury lyase,-
group_1318,RibD_C,H,-,RibD C-terminal domain,-
cadC_1~~~cadC~~~cadC_2,HTH_5,K,cadX,"helix_turn_helix, Arsenical Resistance Operon Repressor",-
norG_2~~~norG_3,"Aminotran_1_2,GntR",K,-,helix_turn_helix gluconate operon transcriptional repressor,-
qacC_1,Multi_Drug_Res,P,ebrB,Small Multidrug Resistance protein,"GO:0005575,GO:0005623,GO:0005886,GO:0005887,GO:0006810,GO:0008150,GO:0016020,GO:0016021,GO:0031224,GO:0031226,GO:0044425,GO:0044459,GO:0044464,GO:0051179,GO:0051234,GO:0055085,GO:0071944"
repB~~~repB_1,Rep_2,S,-,Plasmid replication protein,-
bcrA_1~~~bcrA_2~~~bcrA_3~~~nosF~~~uup_2~~~btuD,ABC_tran,V,-,"AAA domain, putative AbiEii toxin, Type IV TA system",-
group_2631,-,-,-,-,-
ywaC,RelA_SpoT,S,ywaC,Region found in RelA / SpoT proteins,"GO:0003674,GO:0003824,GO:0005575,GO:0005618,GO:0005623,GO:0005886,GO:0006139,GO:0006163,GO:0006725,GO:0006753,GO:0006793,GO:0006796,GO:0006807,GO:0006950,GO:0008150,GO:0008152,GO:0008728,GO:0008893,GO:0009116,GO:0009117,GO:0009119,GO:0009150,GO:0009259,GO:0009605,GO:0009987,GO:0009991,GO:0015969,GO:0016020,GO:0016740,GO:0016772,GO:0016778,GO:0016787,GO:0016788,GO:0016794,GO:0019637,GO:0019693,GO:0030312,GO:0031667,GO:0033865,GO:0033875,GO:0034032,GO:0034035,GO:0034641,GO:0042278,GO:0042578,GO:0042594,GO:0044237,GO:0044238,GO:0044281,GO:0044464,GO:0046128,GO:0046483,GO:0050896,GO:0055086,GO:0071704,GO:0071944,GO:0072521,GO:1901068,GO:1901135,GO:1901360,GO:1901564,GO:1901657"
group_24,"MFS_1,MFS_3",EGP,-,Transmembrane secretion effector,-
group_1454,DUF961,S,-,Bacterial protein of unknown function (DUF961),-
group_1455,-,-,-,-,-
group_68,TcpE,S,yddD,TcpE family,-
group_2632,AAA_10,S,yddE,AAA-like domain,"GO:0000746,GO:0005575,GO:0005623,GO:0008150,GO:0009291,GO:0009292,GO:0009987,GO:0044464,GO:0044764,GO:0051704,GO:0060187"
group_447,FtsK_SpoIIIE,D,ydcQ,FtsK/SpoIIIE family,-
group_357,-,S,yddG,maturation of SSU-rRNA,-
group_908,"Amidase_5,CHAP,Glucosaminidase",M,-,Mannosyl-glycoprotein endo-beta-N-acetylglucosaminidase,-
sau3AIR~~~sau3AIR_2~~~sau3AIR_1,MutH,L,-,DNA mismatch repair enzyme MutH,-
hhaIM,DNA_methylase,H,dcm,C-5 cytosine-specific DNA methylase,-
group_80,CMD,S,ydfG,Antioxidant protein with alkyl hydroperoxidase activity. Required for the reduction of the AhpC active site cysteine residues and for the regeneration of the AhpC enzyme activity,-
cntD~~~cntD_1,ABC_tran,EP,-,"COG0444 ABC-type dipeptide oligopeptide nickel transport system, ATPase component",-
yehR,DUF1307,S,-,Protein of unknown function (DUF1307),-
group_248,PhdYeFM_antitox,D,-,Antitoxin component of a toxin-antitoxin (TA) module,-
fetA,ABC_tran,S,-,"ABC transporter, ATP-binding protein",-
opuCD~~~opuCD_1~~~opuCD_2,BPD_transp_1,P,opuCD,ABC transporter (permease),-
avaA7,Epimerase,GM,-,RmlD substrate binding domain,-
bioB~~~bioB_2~~~bioB_1,"BATS,Radical_SAM",H,bioB,Catalyzes the conversion of dethiobiotin (DTB) to biotin by the insertion of a sulfur atom into dethiobiotin via a radical- based mechanism,-
sarZ~~~sarZ_2~~~sarZ_1,MarR,K,sarZ,transcriptional,"GO:0001067,GO:0003674,GO:0003676,GO:0003677,GO:0005488,GO:0005575,GO:0005622,GO:0005623,GO:0005737,GO:0006355,GO:0008150,GO:0009889,GO:0010468,GO:0010556,GO:0019219,GO:0019222,GO:0031323,GO:0031326,GO:0044212,GO:0044424,GO:0044464,GO:0050789,GO:0050794,GO:0051171,GO:0051252,GO:0060255,GO:0065007,GO:0080090,GO:0097159,GO:1901363,GO:1903506,GO:2000112,GO:2001141"
group_795,HTH_3,K,XK27_07105,transcriptional,-
yxeA,DUF1093,S,-,Protein of unknown function (DUF1093),-
group_1467,Methylase_S,V,-,Type I restriction modification DNA specificity domain protein,-
carA_1~~~carA_2~~~carA_3,CoA_trans,I,pct,Belongs to the 3-oxoacid CoA-transferase family,-
dinG_2~~~dinG_1,-,KL,-,HELICc2,-
group_3132,-,-,-,-,-
xerC_5~~~xerC_3~~~xerD_3~~~xerC_2~~~xerC_1~~~xerC_4~~~xerC_6~~~xerD_1~~~xerC_7,-,S,-,Phage integrase family,"GO:0006139,GO:0006259,GO:0006725,GO:0006807,GO:0008150,GO:0008152,GO:0009987,GO:0015074,GO:0034641,GO:0043170,GO:0044237,GO:0044238,GO:0044260,GO:0046483,GO:0071704,GO:0090304,GO:1901360"
group_2637,-,-,-,-,-
parA,AAA_31,D,-,AAA domain,-
ypuA,DUF1002,S,ypuA,Protein of unknown function (DUF1002),-
group_494,Abi,S,-,CAAX protease self-immunity,-
group_2643,-,-,-,-,-
topA_2,"Mrr_cat,zf-C4_Topoisom",V,-,Restriction endonuclease,-
group_2644,"DUF3991,Toprim_2",L,-,Protein of unknown function (DUF3991),-
topB_2,"Topoisom_bac,Toprim,Toprim_Crpt,zf-C4_Topoisom",L,-,DNA topoisomerase,-
group_2647,"DUF1738,DUF3849,Peptidase_M78,YodL",L,-,"Psort location Cytoplasmic, score",-
group_52,-,S,-,"COG0790 FOG TPR repeat, SEL1 subfamily",-
group_286,-,-,-,-,-
group_2649,"Amidase_5,CHAP,Glucosaminidase",M,-,Mannosyl-glycoprotein endo-beta-N-acetylglucosaminidase,-
group_2650,-,S,-,COG0433 Predicted ATPase,-
group_2651,pXO2-11,S,-,Uncharacterized protein pXO2-11,-
group_301,-,S,-,"domain, Protein",-
group_2652,T4SS-DNA_transf,U,-,TraM recognition site of TraD and TraG,-
group_2653,SSB,L,-,Single-strand binding protein family,-
group_2654,-,-,-,-,-
group_422,-,S,-,Pfam:PemK_toxin,-
group_437,Coagulase,S,-,Staphylococcus aureus coagulase,-
group_141,EcsB,U,ecsB,ABC transporter,-
group_364,"DUF1828,DUF1829",S,-,Domain of unknown function DUF1829,-
group_2658,Peptidase_M78,E,-,Zn peptidase,-
group_3102,FRG,-,-,-,-
group_2660,FecCD,U,yfmD,Belongs to the binding-protein-dependent transport system permease family. FecCD subfamily,-
mhqD~~~mhqD_2~~~mhqD_1,"Abhydrolase_2,DLH",S,mhqD,Phospholipase/Carboxylesterase,-
group_781,-,-,-,-,-
group_179,DUF4467,S,-,Domain of unknown function with cystatin-like fold (DUF4467),-
group_299,-,L,-,"transposase and inactivated derivatives, IS30 family",-
group_60,-,L,-,Integrase catalytic,-
group_2662,-,-,-,-,-
speA_1~~~entC3~~~speA_2~~~entC3_1,"Stap_Strp_tox_C,Stap_Strp_toxin",S,-,"Staphylococcal/Streptococcal toxin, OB-fold domain",-
group_2664,-,-,-,-,-
group_3122,-,-,-,-,-
group_2665,-,U,-,Preprotein translocase subunit SecB,-
group_2667,-,-,-,-,-
group_3130,HNH,V,-,HNH endonuclease,-
group_2668,-,K,-,"DNA-templated transcription, initiation",-
group_2669,"D5_N,Pox_D5",S,-,"Phage plasmid primase, P4 family",-
group_2672,"MazG,PRA-PH",S,-,MazG nucleotide pyrophosphohydrolase domain,-
group_2674,-,L,-,DNA polymerase elongation subunit (Family B),-
group_2675,DUF669,S,-,Protein of unknown function (DUF669),-
group_2676,-,-,-,-,-
group_2677,"AAA_24,PDDEXK_1",L,-,AAA domain,-
group_2678,-,L,-,VRR_NUC,-
group_2679,-,-,-,-,-
ywqA,"Helicase_C,ResIII,SNF2_N",L,-,SNF2 family N-terminal domain,-
group_2680,-,S,-,DNA binding,-
group_3126,DUF739,K,-,Protein of unknown function (DUF739),-
group_2681,HTH_3,K,-,Helix-turn-helix XRE-family like proteins,-
msrC,GAF_2,T,ytsP,COG1956 GAF domain-containing protein,-
group_2682,"HTH_3,Peptidase_S24",K,-,Helix-turn-helix XRE-family like proteins,-
speH~~~entA_2~~~entA_5~~~entA_1~~~entA_3~~~entA_4~~~entD~~~entD_1,-,S,-,"Staphylococcal/Streptococcal toxin, OB-fold domain",-
entD~~~entE~~~entD_1~~~entD_2~~~entD_3,-,S,-,"Staphylococcal/Streptococcal toxin, OB-fold domain",-
group_159,Lactococcin_972,S,-,Bacteriocin (Lactococcin_972),-
group_1568,MFS_1,EGP,-,Major facilitator Superfamily,-
group_2683,HTH_3,K,-,Cro/C1-type HTH DNA-binding domain,-
group_3123,CsbD,S,-,Belongs to the UPF0337 (CsbD) family,-
group_872,-,S,-,Phage tail protein,-
trpG_1~~~trpG_2~~~trpG,GATase,EH,pabA,component II,-
yojF,DUF1806,S,-,Protein of unknown function (DUF1806),-
rsmC~~~rlmG,MTS,J,rsmC,Methyltransferase small domain,"GO:0003674,GO:0003824,GO:0005575,GO:0005622,GO:0005623,GO:0005737,GO:0008150,GO:0008152,GO:0008168,GO:0008757,GO:0016740,GO:0016741,GO:0032259,GO:0044424,GO:0044464"
group_347,-,S,-,Phage gp6-like head-tail connector protein,-
xpt,Pribosyltran,F,xpt,"Converts the preformed base xanthine, a product of nucleic acid breakdown, to xanthosine 5'-monophosphate (XMP), so it can be reused for RNA or DNA synthesis",-
group_2684,Methylase_S,V,-,Type I restriction modification DNA specificity domain protein,-
lpl2_7~~~lpl2_5~~~lpl2_2~~~lpl2_4~~~lpl2_3~~~lpl2_6~~~lpl2_9~~~lpl2_1~~~lpl2_8~~~lpl2,-,M,-,Belongs to the staphylococcal tandem lipoprotein family,-
group_278,AgrD,S,-,Staphylococcal AgrD protein,-
group_242,DUF3102,S,-,Protein of unknown function (DUF3102),-
group_1609,-,-,-,-,-
group_2686,-,-,-,-,-
essG_3,-,S,-,"Protein of unknown function, DUF600",-
group_335,-,-,-,-,-
group_1199,Acetyltransf_10,K,M1-642,Acetyltransferase (GNAT) domain,-
group_900,-,S,-,YopX protein,-
group_1571,DUF5079,S,-,Domain of unknown function (DUF5079),-
group_1596,-,-,-,-,-
group_2687,-,S,-,sequence-specific DNA binding,-
group_2688,-,-,-,-,-
group_1584,-,IU,-,multivesicular body membrane disassembly,-
group_934,Methylase_S,V,-,Type I restriction modification DNA specificity domain,-
rnmV_2~~~rnmV_1,"DUF4093,Toprim,Toprim_4",J,rnmV,Required for correct processing of both the 5' and 3' ends of 5S rRNA precursor. Cleaves both sides of a double-stranded region yielding mature 5S rRNA in one step,"GO:0003674,GO:0003824,GO:0004518,GO:0004519,GO:0004521,GO:0004540,GO:0006139,GO:0006364,GO:0006396,GO:0006725,GO:0006807,GO:0008150,GO:0008152,GO:0009987,GO:0010467,GO:0016070,GO:0016072,GO:0016787,GO:0016788,GO:0016891,GO:0016893,GO:0022613,GO:0034470,GO:0034641,GO:0034660,GO:0042254,GO:0043170,GO:0043822,GO:0044085,GO:0044237,GO:0044238,GO:0046483,GO:0071704,GO:0071840,GO:0090304,GO:0090305,GO:0090501,GO:0090502,GO:0140098,GO:1901360"
group_42,-,-,-,-,-
group_2982,-,-,-,-,-
oppC_2~~~oppC_1,"BPD_transp_1,OppC_N",EP,oppC,permease,-
fabI_1~~~fabI_2,adh_short_C2,I,fabI,Enoyl- acyl-carrier-protein reductase,"GO:0000166,GO:0003674,GO:0003824,GO:0004312,GO:0004318,GO:0005488,GO:0006082,GO:0006629,GO:0006631,GO:0006633,GO:0006950,GO:0008150,GO:0008152,GO:0008610,GO:0009058,GO:0009266,GO:0009409,GO:0009628,GO:0009987,GO:0016043,GO:0016053,GO:0016491,GO:0016627,GO:0016628,GO:0016740,GO:0016746,GO:0016747,GO:0019752,GO:0022607,GO:0030497,GO:0032787,GO:0033554,GO:0036094,GO:0043436,GO:0043933,GO:0044085,GO:0044237,GO:0044238,GO:0044249,GO:0044255,GO:0044281,GO:0044283,GO:0046394,GO:0048037,GO:0050661,GO:0050662,GO:0050896,GO:0051259,GO:0051260,GO:0051262,GO:0051289,GO:0051716,GO:0055114,GO:0065003,GO:0070417,GO:0071704,GO:0071840,GO:0072330,GO:0097159,GO:1901265,GO:1901363,GO:1901576"
group_797,Methylase_S,V,-,Type I restriction modification DNA specificity domain protein,-
entC3~~~entC1~~~entC2~~~entC2_1~~~entC1_1~~~entC2_2,"Stap_Strp_tox_C,Stap_Strp_toxin",S,-,"Staphylococcal/Streptococcal toxin, OB-fold domain",-
group_1566,-,-,-,-,-
group_395,-,-,-,-,-
group_258,MepB,S,-,MepB protein,-
ltrA,-,L,-,hmm pf00078,-
tarM~~~tarM_1~~~tarM_2,-,M,-,An N-acetylglucosaminyl transferase that is part of the accessory SecA2 SecY2 system specifically required to export serine-rich repeat cell wall proteins usually encoded upstream in the same operon,-
group_2689,-,S,-,the current gene model (or a revised gene model) may contain a frame shift,-
yjdJ,Acetyltransf_CG,S,yjdJ,GCN5-related N-acetyl-transferase,-
group_1315,-,S,-,calcium ion binding,-
group_371,Phage_H_T_join,-,-,-,-
group_1289,Peptidase_M23,M,-,COG0739 Membrane proteins related to metalloendopeptidases,-
group_402,DUF1398,S,-,Protein of unknown function (DUF1398),-
ssl3~~~ssl4_2~~~ssl3_1~~~ssl3_2~~~ssl3_3~~~ssl4_3~~~ssl4_1~~~ssl4,"SSL_OB,Stap_Strp_tox_C",S,-,Staphylococcal superantigen-like OB-fold domain,-
group_1362,Methylase_S,V,-,Type I restriction modification DNA specificity domain protein,-
group_1479,-,S,-,Protein of unknown function (DUF3113),-
group_2692,-,-,-,-,-
group_2693,HNH_3,S,-,HNH endonuclease,-
group_169,Lipoprotein_Ltp,M,-,Host cell surface-exposed lipoprotein,-
group_150,-,-,-,-,-
group_470,-,-,-,-,-
entS~~~tap,"MFS_1,MFS_3",EGP,-,Major facilitator Superfamily,-
map_4~~~map_2~~~map_5~~~map_3~~~map_1,MAP,S,-,MAP domain,-
group_2694,-,-,-,-,-
group_2695,Abi,S,-,CAAX protease self-immunity,-
group_2696,MFS_1,EGP,yubD,Major Facilitator Superfamily,"GO:0003674,GO:0005215,GO:0005575,GO:0005623,GO:0005886,GO:0005887,GO:0006810,GO:0008150,GO:0016020,GO:0016021,GO:0022857,GO:0031224,GO:0031226,GO:0044425,GO:0044459,GO:0044464,GO:0051179,GO:0051234,GO:0055085,GO:0071944"
group_1478,-,-,-,-,-
group_1583,-,M,-,sporulation resulting in formation of a cellular spore,-
mco~~~mco_2~~~mco_1,"Cu-oxidase,Cu-oxidase_2,Cu-oxidase_3",Q,mco,copper ion binding,-
group_1149,-,S,-,Phage terminase large subunit,-
group_1105,-,-,-,-,-
group_1151,Cad,P,cadD,Cadmium resistance transporter,-
group_373,-,S,-,Phage minor structural protein GP20,-
ecfA2,ABC_tran,P,ecfA2,ATP-binding (A) component of a common energy-coupling factor (ECF) ABC-transporter complex. Unlike classic ABC transporters this ECF transporter provides the energy necessary to transport a number of different substrates,-
group_3075,-,-,-,-,-
group_954,-,L,-,COG1943 Transposase and inactivated derivatives,-
group_228,Acetyltransf_10,S,yjcF,(GNAT) family,"GO:0003674,GO:0003824,GO:0016740,GO:0016746,GO:0016747"
group_1192,-,S,-,"Psort location Cytoplasmic, score",-
group_1152,"EF-G-binding_N,FBP_C",S,-,"Elongation factor G-binding protein, N-terminal",-
group_22,LXG,S,-,LXG domain of WXG superfamily,-
group_361,-,-,-,-,-
group_471,-,-,-,-,-
group_333,"Phage_rep_org_N,Phg_2220_C",L,-,Conserved phage C-terminus (Phg_2220_C),-
group_1407,"Cupin_2,HTH_3",K,-,Transcriptional regulator,-
tarP_2~~~tarP_1~~~tarP,Glycos_transf_2,M,-,Glycosyltransferase like family 2,-
group_295,-,-,-,-,-
tnsB_1,-,L,-,COG2801 Transposase and inactivated derivatives,-
fosB_2,Glyoxalase,E,fosB,Metallothiol transferase which confers resistance to fosfomycin by catalyzing the addition of a thiol cofactor to fosfomycin. L-cysteine is probably the physiological thiol donor,-
group_3304,Acetyltransf_1,K,-,Acetyltransferase (GNAT) domain,-
group_2698,"HTH_7,Resolvase",L,-,DNA-invertase Bin3,-
group_161,FRB_dom,S,-,mRNA processing,-
tcaA_2~~~tcaA_3,-,S,-,response to antibiotic,-
group_3778,-,-,-,-,-
group_687,-,S,-,COG NOG15996 non supervised orthologous group,-
hin_1~~~hin_4~~~hin_2~~~hin~~~hin_3,-,L,-,"Resolvase, N terminal domain",-
group_2699,-,-,-,-,-
group_504,MobA_MobL,L,traA,MobA MobL family protein,-
group_1492,-,S,-,HNH endonuclease,-
group_1153,-,-,-,-,-
group_3213,-,-,-,-,-
group_1083,TauE,S,yrkJ,membrane transporter protein,-
group_2701,-,M,-,UDP-N-acetylmuramoyl-tripeptide-D-alanyl-D-alanine ligase activity,-
gtfA_4~~~gtfA_2~~~gtfA_1,-,M,-,Glycosyl transferases group 1,-
murF_2~~~murF_1,"Mur_ligase_C,Mur_ligase_M",M,-,Mur ligase middle domain,-
group_901,-,L,-,COG3666 Transposase and inactivated derivatives,-
lexA_4~~~lexA_1~~~lexA_2~~~lexA_3~~~prtR,-,S,-,protein disulfide oxidoreductase activity,-
group_1154,DUF1413,S,-,Domain of unknown function (DUF1413),-
bioC_2~~~bioC_3,"Methyltransf_11,Methyltransf_25",Q,-,Protein of unknown function (DUF1698),-
aadK_1~~~aadK~~~aadK_2,Adenyl_transf,G,aadK,Streptomycin adenylyltransferase,-
group_492,DUF1433,S,-,Protein of unknown function (DUF1433),-
group_1319,Abi_C,S,-,Abortive infection C-terminus,-
group_3155,-,L,-,PFAM Integrase catalytic region,-
group_1271,Glyoxalase,S,-,member of glyoxalase bleomycin resistance protein family,-
group_337,HTH_26,K,-,Cro/C1-type HTH DNA-binding domain,-
group_409,HTH_26,K,-,Cro/C1-type HTH DNA-binding domain,-
group_3101,-,-,-,-,-
group_2706,DUF3885,S,-,Domain of unknown function (DUF3885),-
isp,Peptidase_S8,O,-,Belongs to the peptidase S8 family,-
group_948,DUF576,M,-,Csa1 family,-
rhaS~~~rhaS_1~~~rhaR_2~~~rhaS_2~~~btr~~~rhaR_1,"AraC_binding,HTH_18",K,-,AraC family transcriptional regulator,-
group_2707,-,-,-,-,-
group_2708,-,-,-,-,-
fexA_1~~~fexA,"MFS_1,Sugar_tr",EGP,-,Tetracycline resistance protein TetA,-
group_904,-,S,-,similarity to EGAD 6135,-
xerC_1~~~xerC_4~~~xerC_2~~~xerC_7~~~xerC_5~~~xerC_3~~~xerC_8~~~xerC_9~~~xerC_6,Phage_integrase,L,-,similarity to EGAD 8390,-
IntTn~~~IntTn_1,"Integrase_DNA,Phage_int_SAM_3,Phage_int_SAM_5,Phage_integrase",L,-,DNA integration,-
group_1508,"Hexapep,Hexapep_2,Mac",S,-,Maltose acetyltransferase,-
group_1311,IstB_IS21,L,-,Bacterial dnaA  protein,-
group_905,-,-,-,-,-
group_1213,-,-,-,-,-
group_121,AAA_23,D,-,nuclear chromosome segregation,-
group_40,-,-,-,-,-
pdxT,SNO,F,pdxT,Catalyzes the hydrolysis of glutamine to glutamate and ammonia as part of the biosynthesis of pyridoxal 5'-phosphate. The resulting ammonia molecule is channeled to the active site of PdxS,"GO:0003674,GO:0005488,GO:0005515,GO:0005575,GO:0005622,GO:0005623,GO:0005737,GO:0005829,GO:0006081,GO:0006725,GO:0006732,GO:0006766,GO:0006767,GO:0006793,GO:0006796,GO:0006807,GO:0008150,GO:0008152,GO:0008614,GO:0009058,GO:0009108,GO:0009110,GO:0009987,GO:0017144,GO:0018130,GO:0019438,GO:0019637,GO:0032991,GO:0034641,GO:0042364,GO:0042802,GO:0042816,GO:0042819,GO:0042822,GO:0042823,GO:0044237,GO:0044249,GO:0044271,GO:0044281,GO:0044283,GO:0044424,GO:0044444,GO:0044464,GO:0046184,GO:0046483,GO:0051186,GO:0051188,GO:0071704,GO:0072524,GO:0072525,GO:0090407,GO:1901360,GO:1901362,GO:1901564,GO:1901566,GO:1901576,GO:1901615,GO:1901617,GO:1902494,GO:1903600"
group_3089,-,-,-,-,-
group_2710,-,S,-,DNA methylation,-
fhuD_3~~~fhuD_2~~~fhuD_1,Peripla_BP_2,P,-,Periplasmic binding protein,-
group_2711,-,-,-,-,-
group_2712,-,-,-,-,-
group_2713,-,-,-,-,-
yoaA~~~yoaA_1~~~yoaA_2~~~dinG_2,"DEAD,Helicase_C_2,RNase_T,ResIII",L,dinG,helicase involved in DNA repair and perhaps also replication,-
group_1344,-,-,-,-,-
pxpB_2~~~pxpB_1,CT_C_D,E,kipI,allophanate hydrolase subunit 1,-
yrrB,"TPR_1,TPR_16,TPR_2,TPR_6,TPR_8",S,yrrB,Tetratricopeptide repeat,-
group_2714,DUF739,K,-,Protein of unknown function (DUF739),-
group_2715,"HTH_3,Peptidase_S24",K,-,Peptidase S24-like,-
group_170,DUF4064,S,-,Protein of unknown function (DUF4064),-
mepA~~~mepA_2~~~mepA_1,MatE,V,mepA,Multidrug export protein MepA,-
group_53,DUF3885,S,-,Domain of unknown function (DUF3885),-
group_1093,DUF2951,S,-,Protein of unknown function (DUF2951),-
isdF,FecCD,P,isdF,FecCD transport family,-
pitA,"Acetyltransf_1,Acetyltransf_4",M,-,Acetyltransferase (GNAT) domain,-
yafV~~~yafV_2~~~yafV_1,CN_hydrolase,S,mtnU,Carbon-nitrogen hydrolase,-
group_231,-,-,-,-,-
cntM,Staph_opine_DH,S,-,Staphylopine dehydrogenase,-
hylB~~~hylB_1~~~hylB_2,"Big_2,F5_F8_type_C,FIVAR,Gram_pos_anchor,Lyase_8,Lyase_8_C,Lyase_8_N,YSIRK_signal",N,hylB,"Polysaccharide lyase family 8, N terminal alpha-helical domain","GO:0005575,GO:0005576"
group_2716,"Acetyltransf_1,Acetyltransf_10,Acetyltransf_4",K,-,Acetyltransferase (GNAT) domain,-
pepF_3~~~pepF_2~~~pepF_1,"Peptidase_M3,Peptidase_M3_N",E,pepF,oligoendopeptidase F,"GO:0003674,GO:0003824,GO:0004175,GO:0004222,GO:0005575,GO:0005622,GO:0005623,GO:0005737,GO:0005829,GO:0006465,GO:0006508,GO:0006518,GO:0006807,GO:0008150,GO:0008152,GO:0008233,GO:0008237,GO:0009987,GO:0010467,GO:0016485,GO:0016787,GO:0019538,GO:0034641,GO:0043170,GO:0043603,GO:0044237,GO:0044238,GO:0044260,GO:0044267,GO:0044424,GO:0044444,GO:0044464,GO:0051604,GO:0070011,GO:0071704,GO:0140096,GO:1901564"
group_2717,ThiF,H,-,ThiF family,-
mdrP_2~~~mdrP_1,"MFS_1,MFS_3,Sugar_tr",EGP,lmrP,Major Facilitator Superfamily,-
group_2719,-,-,-,-,-
group_2720,DUF4065,S,-,Protein of unknown function (DUF4065),-
group_1657,-,-,-,-,-
group_2723,"Methylase_S,N6_Mtase",V,bcgIB,type I restriction modification DNA specificity domain,-
bcgIA~~~bcgIA_2~~~bcgIA_1,N6_Mtase,V,-,N-6 DNA Methylase,-
sigS~~~sigS_1,"GerE,Sigma70_r2,Sigma70_r4,Sigma70_r4_2,UPF0122",K,sigS,Belongs to the sigma-70 factor family,-
group_406,DUF4231,S,-,Protein of unknown function (DUF4231),-
group_321,DUF1863,S,-,MTH538 TIR-like domain (DUF1863),-
group_2724,HTH_3,K,WQ51_00220,Helix-turn-helix domain,-
group_2725,-,-,-,-,-
agrA_2,"LytTR,Response_reg",KT,-,LytTr DNA-binding domain,-
group_3078,HATPase_c_5,T,-,GHKL domain,-
group_1442,"DUF3578,DUF3883",V,-,restriction endodeoxyribonuclease activity,-
entH,"Stap_Strp_tox_C,Stap_Strp_toxin",S,-,"Staphylococcal/Streptococcal toxin, OB-fold domain",-
group_328,adh_short,S,sdh,Belongs to the short-chain dehydrogenases reductases (SDR) family,-
group_3152,"Sigma70_r2,Sigma70_r4_2",K,sigH,Belongs to the sigma-70 factor family,-
group_226,Rrf2,K,-,Transcriptional regulator,-
group_2728,HTH_3,K,-,"Psort location CytoplasmicMembrane, score",-
group_2729,Abi,S,-,CAAX protease self-immunity,-
group_2730,MutS_V,L,-,ATPase domain of DNA mismatch repair MUTS family,-
pnoA_2~~~pnoA,NMO,S,-,2-nitropropane dioxygenase,-
group_2734,-,-,-,-,-
group_2735,-,-,-,-,-
dhaM,EIIA-man,S,dhaM,transporter subunit IIA,-
purR_1~~~degA~~~purR_2~~~rbsR~~~malI,"LacI,Peripla_BP_3",K,rbsR,Periplasmic binding proteins and sugar binding domain of LacI family,-
group_690,Abi,S,-,CAAX protease self-immunity,-
group_2738,DUF961,S,-,Bacterial protein of unknown function (DUF961),-
group_825,-,-,-,-,-
group_2739,Rep_trans,L,-,Replication initiation factor,-
group_2740,TpcC,S,yddB,Conjugative transposon protein TcpC,-
group_2741,TcpE,S,yddD,TcpE family,-
group_907,AAA_10,S,yddE,AAA-like domain,"GO:0000746,GO:0005575,GO:0005623,GO:0008150,GO:0009291,GO:0009292,GO:0009987,GO:0044464,GO:0044764,GO:0051704,GO:0060187"
group_2743,FtsK_SpoIIIE,D,ydcQ,FtsK/SpoIIIE family,-
group_2744,-,S,yddG,maturation of SSU-rRNA,-
group_909,-,-,-,-,-
group_845,DUF4467,S,-,Domain of unknown function with cystatin-like fold (DUF4467),-
group_849,"HTH_38,rve",L,-,"to gi 2673748 emb CAA05973.1 Lactobacillus casei , percent identity 49 in 332 aa, BLASTP E() 2e-77",-
group_2745,"Collagen,DUF2479,PTR",S,-,Domain of unknown function (DUF2479),-
group_415,-,S,-,Pfam:Phage_TAC_12,-
group_383,Phage_tail_2,N,-,"domain, Protein",-
group_207,DUF3168,S,-,Protein of unknown function (DUF3168),-
group_2746,-,S,-,sequence-specific DNA binding transcription factor activity,-
group_2748,"Terminase_3,Terminase_6,Terminase_6C",S,-,"Phage terminase, large subunit",-
group_1202,-,-,-,-,-
group_2750,Abi,S,-,CAAX protease self-immunity,-
arcB_2~~~arcB_1~~~arcB_3,OCD_Mu_crystall,E,-,Ornithine cyclodeaminase,-
group_2751,-,-,-,-,-
group_2753,-,-,-,-,-
sspP_2,"Peptidase_C47,Staphopain_pro",M,-,"Cysteine protease able to cleave elastin, insulin, myoglobin, fibronectin, fibrinogen, HMW-kininogen, alpha-1- protease inhibitor and alpha-1-antitrypsin. Along with other extracellular proteases may contribute to the colonization and infection of human tissues (By similarity)",-
group_3257,"HTH_38,rve",L,-,PFAM Integrase catalytic region,-
group_3258,-,-,-,-,-
group_3259,AAA_31,D,-,Cellulose biosynthesis protein BcsQ,-
group_3253,RepA_N,S,repA,Replication initiator protein A (RepA) N-terminus,-
group_403,-,-,-,-,-
group_271,DUF5067,NU,-,Domain of unknown function (DUF5067),-
group_1338,"Lipase_GDSL_2,Prophage_tail",E,-,Prophage endopeptidase tail,-
group_2755,-,-,-,-,-
xylB,"FGGY_C,FGGY_N",G,gntK,Belongs to the FGGY kinase family,-
agrA~~~agrA_2~~~agrA_1,"LytTR,Response_reg",K,agrA,Regulator,-
ebh_2,-,D,-,Domain of Unknown Function (DUF1542),-
group_2757,"HTH_1,LysR_substrate",K,cysL,Transcriptional regulator,-
betI,"TetR_C_6,TetR_N",K,-,Transcriptional regulator,-
yddE,PhzC-PhzF,S,-,Phenazine biosynthesis-like protein,-
group_2758,DUF262,S,-,Protein of unknown function DUF262,-
fokIR,"Endonuc-FokI_C,FokI_C,FokI_N,Type2_restr_D3",L,-,"Restriction endonuclease FokI, C terminal",-
group_439,YopX,S,-,YopX protein,-
group_1475,-,-,-,-,-
group_1633,"HEAT_2,HEAT_PBS,Nfu_N,Virulence_fact",C,ypgR,virulence factor,-
group_269,Phage_prot_Gp6,S,-,"Phage portal protein, SPP1 Gp6-like",-
group_477,DnaB_2,L,-,Replication initiation and membrane attachment,-
group_2761,DUF4145,S,-,Domain of unknown function (DUF4145),-
group_2762,"DNA_methylase,HTH_26,HTH_3",L,dcm,Belongs to the class I-like SAM-binding methyltransferase superfamily. C5-methyltransferase family,-
group_2763,RE_Eco47II,L,-,Eco47II restriction endonuclease,-
yiaC~~~mcrC~~~mcrC_1~~~mcrC_2,McrBC,V,-,McrBC 5-methylcytosine restriction system component,-
group_2764,Methylase_S,V,hsdS,type I restriction modification DNA specificity domain protein,-
group_2765,"HTH_38,rve",L,-,PFAM Integrase catalytic region,-
group_2766,-,-,-,-,-
group_2767,-,-,-,-,-
group_2768,-,-,-,-,-
group_2705,-,L,-,PFAM Integrase catalytic region,-
group_2769,DUF2075,L,-,A helicase nuclease that prepares dsDNA breaks (DSB) for recombinational DNA repair. Binds to DSBs and unwinds DNA via a highly rapid and processive ATP-dependent bidirectional helicase activity. Unwinds dsDNA until it encounters a Chi (crossover hotspot instigator) sequence from the 3' direction. Cuts ssDNA a few nucleotides 3' to the Chi site. The properties and activities of the enzyme are changed at Chi. The Chi-altered holoenzyme produces a long 3'-ssDNA overhang and facilitates RecA-binding to the ssDNA for homologous DNA recombination and repair. Holoenzyme degrades any linearized DNA that is unable to undergo homologous recombination. In the holoenzyme this subunit has ssDNA-dependent ATPase and 5'-3' helicase activity. When added to pre-assembled RecBC greatly stimulates nuclease activity and augments holoenzyme processivity. Negatively regulates the RecA-loading ability of RecBCD,-
group_1449,Abi_C,S,-,Abortive infection C-terminus,-
group_109,DUF1462,S,-,Protein of unknown function (DUF1462),-
group_1486,-,-,-,-,-
group_217,RusA,S,-,Endodeoxyribonuclease RusA,-
cadA_Lm~~~cadA_Lm_1~~~cadA_1~~~cadA,"E1-E2_ATPase,HMA,Hydrolase",P,cadA,E1-E2 ATPase,-
group_700,Rep_1,L,-,Replication protein,-
qacC,Multi_Drug_Res,P,ebrB,Small Multidrug Resistance protein,"GO:0005575,GO:0005623,GO:0005886,GO:0005887,GO:0006810,GO:0008150,GO:0016020,GO:0016021,GO:0031224,GO:0031226,GO:0044425,GO:0044459,GO:0044464,GO:0051179,GO:0051234,GO:0055085,GO:0071944"
group_2770,LytTR,K,-,LytTr DNA-binding domain,-
group_2771,DUF3021,S,-,Protein of unknown function (DUF3021),-
group_2772,-,-,-,-,-
group_1573,DUF1474,S,-,Protein of unknown function (DUF1474),-
group_2773,HTH_3,K,-,Helix-turn-helix XRE-family like proteins,-
tetL~~~tetL_1,MFS_1,EGP,tetL,Major Facilitator Superfamily,"GO:0003674,GO:0005215,GO:0005575,GO:0005623,GO:0005886,GO:0005887,GO:0006810,GO:0008150,GO:0016020,GO:0016021,GO:0022857,GO:0031224,GO:0031226,GO:0044425,GO:0044459,GO:0044464,GO:0051179,GO:0051234,GO:0055085,GO:0071944"
group_3000,"Mur_ligase_C,Mur_ligase_M",M,-,Mur ligase middle domain,-
group_940,"DUF853,DUF87",S,-,cog cog0433,-
isdG_1~~~isdG_2~~~isdG,ABM,C,isdG,"Allows bacterial pathogens to use the host heme as an iron source. Catalyzes the oxidative degradation of the heme macrocyclic porphyrin ring to the oxo-bilirubin chromophore staphylobilin (a mixture of the linear tetrapyrroles 5-oxo-delta- bilirubin and 15-oxo-beta-bilirubin) in the presence of a suitable electron donor such as ascorbate or NADPH--cytochrome P450 reductase, with subsequent release of free iron",-
group_153,-,-,-,-,-
splA~~~splE_2~~~splE_1~~~splB_1~~~splD~~~splE_3~~~splE~~~splF_2~~~splD_1~~~splE_4~~~splF~~~splB_2~~~splF_1~~~splB~~~splC~~~splA_2~~~splA_1~~~splC_2~~~splC_1,-,E,-,Belongs to the peptidase S1B family,-
tagU_1~~~tagU_2,LytR_cpsA_psr,K,ywtF,transcriptional,-
phrB~~~phrA~~~phrA_2~~~phrA_1,"DNA_photolyase,FAD_binding_7",L,phrB,Belongs to the DNA photolyase family,-
group_451,N6_N4_Mtase,L,-,DNA methylase,-
group_2774,ResIII,S,sthIR,Type III restriction,-
group_507,-,-,-,-,-
pycC_2~~~pycC~~~pycC_1,Guanylate_cyc,T,-,Adenylate and Guanylate cyclase catalytic domain,-
dapB~~~dapB_1,"DapB_C,DapB_N",E,dapB,Catalyzes the conversion of 4-hydroxy- tetrahydrodipicolinate (HTPA) to tetrahydrodipicolinate,"GO:0003674,GO:0003824,GO:0005575,GO:0005622,GO:0005623,GO:0005737,GO:0005829,GO:0006082,GO:0006520,GO:0006807,GO:0008150,GO:0008152,GO:0008652,GO:0008839,GO:0009058,GO:0009987,GO:0016053,GO:0016491,GO:0016627,GO:0016628,GO:0019752,GO:0019877,GO:0043436,GO:0043648,GO:0043650,GO:0044237,GO:0044238,GO:0044249,GO:0044281,GO:0044283,GO:0044424,GO:0044444,GO:0044464,GO:0046394,GO:0046451,GO:0055114,GO:0071704,GO:1901564,GO:1901566,GO:1901576"
gtfB~~~gtfB_1~~~gtfB_2,-,M,gtf2,A stabilizing protein that is part of the accessory SecA2 SecY2 system specifically required to export serine-rich repeat cell wall proteins usually encoded upstream in the same operon. Stabilizes the glycosylation activity of Gtf1,-
mta~~~tipA~~~skgA,"MerR_1,TipAS",K,-,TipAS antibiotic-recognition domain,-
group_20,-,K,-,DNA binding,-
entC1_1~~~entC1_2~~~entC1,"Stap_Strp_tox_C,Stap_Strp_toxin",S,-,"Staphylococcal/Streptococcal toxin, OB-fold domain",-
group_3215,DUF1413,S,-,Domain of unknown function (DUF1413),-
group_1501,-,-,-,-,-
arsB_pI258~~~arsB_1~~~arsB_2,ArsB,P,arsB,Involved in arsenical resistance. Thought to form the channel of an arsenite pump,-
cdr_2,"Pyr_redox_2,Pyr_redox_dim,Rhodanese",P,cdr2,Rhodanese Homology Domain,-
ydaP~~~pox5~~~ydaP_1~~~ydaP_2,"TPP_enzyme_C,TPP_enzyme_M,TPP_enzyme_N",C,cidC,Belongs to the TPP enzyme family,-
bbp_3~~~sdrD~~~bbp~~~sdrE~~~bbp_1~~~sdrC~~~sdrE_2~~~sdrE_1~~~sdrD_1~~~bbp_2~~~sdrD_2~~~clfB~~~clfB_2~~~clfB_1~~~sdrC_1~~~sdrC_2,-,M,-,protein which possibly mediates interactions of S.aureus with components of the extracellular matrix of higher eukaryotes,-
budC_2,"adh_short,adh_short_C2",IQ,butA,reductase,-
group_701,"Recombinase,Resolvase,Zn_ribbon_recom",L,-,Recombinase zinc beta ribbon domain,-
opuD_4~~~opuD_2,BCCT,M,-,Belongs to the BCCT transporter (TC 2.A.15) family,-
putP_2~~~putP_1,SSF,E,putP,Belongs to the sodium solute symporter (SSF) (TC 2.A.21) family,-
hsdR_2,"EcoR124_C,HSDR_N,ResIII",L,hsdR,"Subunit R is required for both nuclease and ATPase activities, but not for modification",-
group_702,Acetyltransf_10,K,-,Acetyltransferase (GNAT) domain,-
treR_1~~~treR_2,"GntR,UTRA",K,treR,trehalose operon transcriptional repressor,-
group_2776,-,-,-,-,-
group_387,-,-,-,-,-
group_49,-,-,-,-,-
group_50,-,-,-,-,-
group_56,-,-,-,-,-
group_2778,-,-,-,-,-
xerC_2~~~xerC_1~~~xerC_3~~~xerC_5~~~IntTn~~~xerC_4,"Arm-DNA-bind_4,Phage_int_SAM_3,Phage_integrase",L,-,Belongs to the 'phage' integrase family,-
scn_3~~~scn_2~~~scn_1,-,S,-,Staphylococcal complement inhibitor SCIN,-
group_498,-,-,-,-,-
group_3092,"CHAP,LysM",M,-,CHAP domain,-
group_3216,"BPD_transp_1,OppC_N",P,appC,ABC transporter (Permease,-
adhR,"MerR,MerR-DNA-bind,MerR_1",K,-,"helix_turn_helix, mercury resistance",-
group_39,DUF3467,T,-,Protein of unknown function (DUF3467),-
group_392,-,-,-,-,-
group_2781,-,L,-,PFAM Integrase catalytic region,-
group_1510,-,-,-,-,-
group_2782,Methylase_S,V,-,Type I restriction modification DNA specificity domain protein,-
speG_2~~~speG~~~speG_1,Acetyltransf_3,J,speG,Acetyltransferase (GNAT) domain,-
group_2783,DUF2871,S,-,Protein of unknown function (DUF2871),-
group_1577,-,-,-,-,-
group_2784,Methylase_S,V,-,Type I restriction modification DNA specificity domain,-
gmuF~~~manA~~~yvyI_2,PMI_typeI,G,manA,mannose-6-phosphate isomerase,-
group_2785,DUF3892,S,-,Protein of unknown function (DUF3892),-
group_144,-,S,-,sequence-specific DNA binding,-
group_703,-,S,-,YopX protein,-
rimM,"PRC,RimM",J,rimM,"An accessory protein needed during the final step in the assembly of 30S ribosomal subunit, possibly for assembly of the head region. Probably interacts with S19. Essential for efficient processing of 16S rRNA. May be needed both before and after RbfA during the maturation of 16S rRNA. It has affinity for free ribosomal 30S subunits but not for 70S ribosomes",-
group_2787,-,-,-,-,-
group_2788,"DUF5011,FTP,Peptidase_M4,Peptidase_M4_C",E,-,Domain of unknown function (DUF5011),-
group_2790,-,-,-,-,-
group_2791,HK97-gp10_like,S,-,"Bacteriophage HK97-gp10, putative tail-component",-
group_2792,-,-,-,-,-
group_2794,Phage_TAC_12,S,-,"Phage tail assembly chaperone protein, TAC",-
group_2796,PhageMin_Tail,D,-,"Phage tail tape measure protein, TP901 family",-
group_2797,Sipho_tail,S,-,Phage tail protein,-
group_2799,-,-,-,-,-
group_2800,-,S,-,Domain of unknown function (DUF2479),-
group_2801,-,S,-,Pfam:Phage_holin_4_1,-
group_1658,DUF1474,S,-,Protein of unknown function (DUF1474),-
group_743,Bro-N,K,-,"BRO family, N-terminal domain",-
group_2802,HTH_17,S,-,Helix-turn-helix domain,-
group_2803,"HTH_19,HTH_3",K,-,Helix-turn-helix,-
sspP~~~sspP_2~~~sspP_1,"Peptidase_C47,Staphopain_pro",M,-,"Cysteine protease able to cleave elastin, insulin, myoglobin, fibronectin, fibrinogen, HMW-kininogen, alpha-1- protease inhibitor and alpha-1-antitrypsin. Along with other extracellular proteases may contribute to the colonization and infection of human tissues (By similarity)",-
group_367,efb-c,S,-,Extracellular fibrinogen binding protein C terminal,-
divIVA,DivIVA,D,divIVA,initiation protein,"GO:0003674,GO:0005488,GO:0005515,GO:0042802"
group_2804,HTH_Tnp_1,L,-,Transposase,-
group_1589,-,-,-,-,-
yclM~~~yclM_1~~~yclM_2,"AA_kinase,ACT,ACT_7",E,lysC,Belongs to the aspartokinase family,"GO:0000166,GO:0003674,GO:0003824,GO:0004072,GO:0005488,GO:0005524,GO:0005575,GO:0005622,GO:0005623,GO:0005737,GO:0006082,GO:0006520,GO:0006553,GO:0006793,GO:0006796,GO:0006807,GO:0008144,GO:0008150,GO:0008152,GO:0008652,GO:0009058,GO:0009066,GO:0009067,GO:0009085,GO:0009089,GO:0009987,GO:0016053,GO:0016301,GO:0016310,GO:0016740,GO:0016772,GO:0016774,GO:0017076,GO:0019202,GO:0019752,GO:0030554,GO:0032553,GO:0032555,GO:0032559,GO:0035639,GO:0036094,GO:0043167,GO:0043168,GO:0043436,GO:0043648,GO:0044237,GO:0044238,GO:0044249,GO:0044281,GO:0044283,GO:0044424,GO:0044464,GO:0046394,GO:0046451,GO:0071704,GO:0097159,GO:0097367,GO:1901265,GO:1901363,GO:1901564,GO:1901566,GO:1901576,GO:1901605,GO:1901607"
group_3099,-,-,-,-,-
nikB~~~nikB_2~~~nikB_1,BPD_transp_1,P,nikB1,permease,"GO:0003674,GO:0005215,GO:0006810,GO:0008150,GO:0022857,GO:0051179,GO:0051234,GO:0055085"
group_2805,-,S,-,Staphylococcal superantigen-like OB-fold domain,-
qorB,"NAD_binding_10,NmrA",GM,-,NmrA-like family,-
group_2806,PriCT_1,S,-,Primase C terminal 1 (PriCT-1),-
efeB~~~efeB_2~~~efeB_1,"Dyp_perox,TAT_signal",P,ywbN,Dyp-type peroxidase family,"GO:0005575,GO:0005576"
nikA~~~nikA_2~~~nikA_1,SBP_bac_5,E,dppA,ABC transporter substrate-binding protein,-
group_682,-,-,-,-,-
group_2807,HNH,V,-,endonuclease activity,-
group_2808,"AAA_15,AAA_21,AAA_23",S,-,"AAA domain, putative AbiEii toxin, Type IV TA system",-
group_288,Acetyltransf_2,Q,-,Belongs to the arylamine N-acetyltransferase,-
group_55,DUF2974,IU,-,multivesicular body membrane disassembly,-
group_2809,NAD_binding_10,GM,-,NmrA-like family,-
group_2810,TspO_MBR,T,-,TspO/MBR family,-
ywtE~~~ywpJ~~~ywtE_2~~~ywpJ_1~~~ywtE_1,Hydrolase_3,S,ycsE,Sucrose-6F-phosphate phosphohydrolase,-
nagB_1~~~nagB_3~~~nagB_2,Glucosamine_iso,G,nagB,Catalyzes the reversible isomerization-deamination of glucosamine 6-phosphate (GlcN6P) to form fructose 6-phosphate (Fru6P) and ammonium ion,"GO:0005575,GO:0005622,GO:0005623,GO:0005737,GO:0005829,GO:0044424,GO:0044444,GO:0044464"
group_2811,AAA_13,S,-,AAA domain,-
group_2812,-,-,-,-,-
group_264,-,-,-,-,-
ureE,"UreE_C,UreE_N",O,ureE,Involved in urease metallocenter assembly. Binds nickel. Probably functions as a nickel donor during metallocenter assembly,-
catE_2~~~catE_1,Glyoxalase,S,-,Glyoxalase bleomycin resistance protein dioxygenase superfamily protein,-
group_380,Thioredoxin,CO,ydfQ,Thioredoxin,-
mvaA,HMG-CoA_red,C,mvaA,Belongs to the HMG-CoA reductase family,-
group_78,DUF2529,S,ywjG,Domain of unknown function (DUF2529),-
group_2813,Methylase_S,V,-,Type I restriction modification DNA specificity domain protein,-
fecD,FecCD,P,fecD,FecCD transport family,-
group_2814,Peptidase_S8,O,-,Belongs to the peptidase S8 family,-
group_293,-,-,-,-,-
group_283,Methylase_S,V,-,Type I restriction modification DNA specificity domain,-
group_2815,-,L,-,Transposase,-
group_35,"Acetyltransf_1,Acetyltransf_9",S,yafC,(GNAT) family,-
mtlD,"Mannitol_dh,Mannitol_dh_C",G,mtlD,Mannitol-1-phosphate 5-dehydrogenase,"GO:0003674,GO:0003824,GO:0005575,GO:0005622,GO:0005623,GO:0005737,GO:0005829,GO:0005975,GO:0006059,GO:0006066,GO:0008150,GO:0008152,GO:0008926,GO:0009056,GO:0009987,GO:0016052,GO:0016491,GO:0016614,GO:0016616,GO:0019400,GO:0019405,GO:0019407,GO:0019592,GO:0019594,GO:0019751,GO:0044237,GO:0044238,GO:0044248,GO:0044262,GO:0044275,GO:0044281,GO:0044282,GO:0044424,GO:0044444,GO:0044464,GO:0046164,GO:0046174,GO:0055114,GO:0071704,GO:1901575,GO:1901615,GO:1901616"
group_1150,-,L,-,Terminase small subunit,-
group_1440,Rep_1,L,-,Replication protein,-
group_14,-,S,-,Protein of unknown function (DUF443),-
dapX_2~~~dapX_1,Aminotran_1_2,E,aspC,Aminotransferase,-
group_2816,"Methyltransf_24,TPR_8",E,-,O-methyltransferase activity,-
group_2817,-,S,-,Tetratricopeptide repeat,-
apr,Peptidase_S8,O,-,Subtilase family,-
bmrA_3~~~bmrA_2,ABC_tran,V,-,"ABC transporter, ATP-binding protein",-
bmrA_2~~~bmrA_3~~~bmrA_1,"ABC_membrane,ABC_tran",V,lmrA,ABC transporter,"GO:0003674,GO:0003824,GO:0005215,GO:0005319,GO:0006810,GO:0006869,GO:0008150,GO:0010876,GO:0015399,GO:0015405,GO:0016462,GO:0016787,GO:0016817,GO:0016818,GO:0016887,GO:0017111,GO:0022804,GO:0022857,GO:0033036,GO:0034040,GO:0042623,GO:0042626,GO:0043492,GO:0051179,GO:0051234,GO:0055085,GO:0071702"
nisC_2~~~nisC_1,-,V,-,Lanthionine synthetase C-like protein,-
nisB_2~~~nisB_1,"Lant_dehydr_C,Lant_dehydr_N",S,bsaB,"Lantibiotic dehydratase, C terminus",-
group_2820,KilA-N,S,-,KilA-N,-
group_2822,HTH_3,K,-,Helix-turn-helix XRE-family like proteins,-
group_2823,HTH_3,K,-,TRANSCRIPTIONal,-
group_2907,-,-,-,-,-
group_433,-,S,-,DNA N-6-adenine-methyltransferase (Dam),-
group_1550,-,-,-,-,-
group_1590,DUF1024,S,-,Protein of unknown function (DUF1024),-
group_709,DsbD,O,-,Cytochrome C biogenesis protein transmembrane region,-
srtA,Sortase,M,srtA,COG3764 Sortase (surface protein transpeptidase),-
group_214,3-dmu-9_3-mt,S,phnB3,3-demethylubiquinone-9 3-methyltransferase domain protein,-
ganS,SBP_bac_8,G,malE,Bacterial extracellular solute-binding protein,-
eta,-,O,-,Trypsin,-
dppC~~~oppC_2~~~oppC_1~~~oppC_3,"BPD_transp_1,OppC_N",EP,appC,Binding-protein-dependent transport system inner membrane component,-
group_984,-,-,-,-,-
menH_1~~~menH_2,Hydrolase_4,I,-,"Serine aminopeptidase, S33",-
prmC_2,MTS,J,prmC,Methylates the class 1 translation termination release factors RF1 PrfA and RF2 PrfB on the glutamine residue of the universally conserved GGQ motif,"GO:0003674,GO:0003824,GO:0005575,GO:0005622,GO:0005623,GO:0005737,GO:0005829,GO:0008150,GO:0008152,GO:0008168,GO:0008757,GO:0016740,GO:0016741,GO:0032259,GO:0044424,GO:0044444,GO:0044464"
group_1259,-,-,-,-,-
group_418,HTH_3,K,-,Helix-turn-helix XRE-family like proteins,-
group_3806,"MerR,MerR-DNA-bind,MerR_1",K,-,"helix_turn_helix, mercury resistance",-
group_822,Gate,S,-,Nucleoside recognition,-
group_2825,"HTH_3,HTH_31",K,-,sequence-specific DNA binding,-
group_744,Peptidase_S8,O,-,COG1404 Subtilisin-like serine proteases,-
group_2826,FMN_red,S,-,NADPH-dependent FMN reductase,-
group_2827,"DUF4135,LANC_like",V,-,type 2 lantibiotic biosynthesis protein LanM,-
comA,"ABC_membrane,ABC_tran,Peptidase_C39",V,-,ABC transporter transmembrane region,-
hisA~~~hisA_1~~~hisA_2,His_biosynth,E,hisA,1-(5-phosphoribosyl)-5- (5-phosphoribosylamino)methylideneamino imidazole-4-carboxamide isomerase,"GO:0000105,GO:0000162,GO:0003674,GO:0003824,GO:0003949,GO:0005575,GO:0005622,GO:0005623,GO:0005737,GO:0006082,GO:0006520,GO:0006547,GO:0006568,GO:0006576,GO:0006586,GO:0006725,GO:0006807,GO:0008150,GO:0008152,GO:0008652,GO:0009058,GO:0009072,GO:0009073,GO:0009308,GO:0009309,GO:0009987,GO:0016053,GO:0016853,GO:0016860,GO:0016861,GO:0018130,GO:0019438,GO:0019752,GO:0034641,GO:0042401,GO:0042430,GO:0042435,GO:0043436,GO:0044106,GO:0044237,GO:0044238,GO:0044249,GO:0044271,GO:0044281,GO:0044283,GO:0044424,GO:0044464,GO:0046219,GO:0046394,GO:0046483,GO:0052803,GO:0071704,GO:1901360,GO:1901362,GO:1901564,GO:1901566,GO:1901576,GO:1901605,GO:1901607"
group_711,SIR2_2,K,-,SIR2-like domain,-
group_712,"Helicase_C,Mrr_cat_2,N6_Mtase,ResIII",L,-,Restriction endonuclease,-
group_2833,-,-,-,-,-
group_2834,"D5_N,Pox_D5,Toprim_4,zf-CHC2",S,-,D5 N terminal like,-
group_1595,PriCT_1,S,-,Primase C terminal 1 (PriCT-1),-
group_818,"HTH_38,rve",L,-,Integrase core domain protein,-
group_2835,-,-,-,-,-
brnQ_2~~~brnQ_3,Branch_AA_trans,E,brnQ,Component of the transport system for branched-chain amino acids,-
group_2836,"Methyltransf_23,Methyltransf_31",Q,-,Methyltransferase domain,-
group_2837,SBP_bac_5,E,-,"ABC transporter, substrate-binding protein, family 5",-
nikB_2~~~cntB_2,BPD_transp_1,P,-,ABC transporter (permease),-
group_2838,BPD_transp_1,P,-,Binding-protein-dependent transport system inner membrane component,-
group_2839,ABC_tran,EP,-,ABC transporter,-
group_2840,ABC_tran,P,-,ATPases associated with a variety of cellular activities,-
group_2843,DEAD,L,-,DEAD-like helicases superfamily,-
group_2844,DEAD,L,-,DEAD-like helicases superfamily,-
group_2845,-,-,-,-,-
group_318,Gate,S,-,Nucleoside recognition,-
group_3220,"Big_3_2,Gram_pos_anchor,YSIRK_signal",M,-,"domain, Protein",-
group_3113,DUF1837,S,-,Domain of unknown function (DUF1837),-
group_3127,"DEAD,Helicase_C",L,-,helicase,-
group_715,-,S,-,peptidoglycan catabolic process,"GO:0008150,GO:0016032,GO:0019058,GO:0019068,GO:0044403,GO:0044419,GO:0051704,GO:0098003"
group_716,-,S,-,Phage tail tube protein,-
group_718,-,-,-,-,-
group_719,-,-,-,-,-
group_720,-,S,-,Phage head-tail joining protein,-
group_726,-,-,-,-,-
group_721,-,S,-,peptidase activity,"GO:0005575,GO:0019012,GO:0019028,GO:0032991,GO:0044423,GO:0046806"
group_722,-,S,-,Phage capsid family,-
group_724,-,S,-,Phage portal protein,-
group_725,-,S,-,Phage portal protein,-
group_1227,DUF960,L,-,Staphylococcal protein of unknown function (DUF960),-
group_898,LCM,Q,-,Leucine carboxyl methyltransferase,-
group_2847,-,-,-,-,-
group_379,-,-,-,-,-
group_2849,Mrr_cat,-,-,-,-
group_923,-,-,-,-,-
glxK~~~garK_2~~~garK_1~~~glxK_1~~~glxK_2,Gly_kinase,G,glxK,Belongs to the glycerate kinase type-1 family,-
group_3224,NYN,S,-,NYN domain,-
group_3086,HTH_26,K,-,Cro/C1-type HTH DNA-binding domain,-
group_1578,-,-,-,-,-
group_2851,-,-,-,-,-
group_1208,-,S,-,dUTPase,-
group_1157,Peptidase_S24,U,spsB,Belongs to the peptidase S26 family,-
group_1348,-,S,-,PVL ORF-50-like family,-
hin_2~~~hin_1,"HTH_7,Resolvase",L,-,"Resolvase, N terminal domain",-
group_1,Abi_2,V,-,Abi-like protein,-
group_3226,Lactamase_B,S,-,Metallo-beta-lactamase superfamily,-
group_3227,"HTH_27,MarR",K,-,helix_turn_helix multiple antibiotic resistance protein,-
bcrR,HTH_3,K,-,Helix-turn-helix domain,-
ssl1~~~ssl1_1~~~ssl1_2,-,S,-,Staphylococcal superantigen-like OB-fold domain,-
group_2854,Putative_PNPOx,S,-,Pyridoxamine 5'-phosphate,-
group_2855,-,L,-,PFAM Transposase DDE domain,-
apt_1~~~apt_2,"PRTase_2,Pribosyltran,TRSP",F,apt,purine ribonucleoside salvage,-
ant1_1~~~ant1_3~~~ant1_2~~~ant1,"DUF4111,NTP_transf_2,UPF0158",S,ant,nucleotidyltransferase activity,-
group_2856,-,J,-,Belongs to the class I-like SAM-binding methyltransferase superfamily. RNA M5U methyltransferase family,-
group_2858,-,L,-,resolvase,-
lsaE,"ABC_tran,ABC_tran_Xtn",S,yjcA,ATPases associated with a variety of cellular activities,-
group_2859,-,S,-,nucleotidyltransferase activity,-
group_2860,zf-ISL3,L,-,zinc-finger of transposase IS204/IS1001/IS1096/IS1165,-
group_1158,HTH_26,K,-,Cro/C1-type HTH DNA-binding domain,-
group_3781,MethyltransfD12,L,-,D12 class N6 adenine-specific DNA methyltransferase,-
group_2997,-,-,-,-,-
arsM~~~ubiE_1,Methyltransf_31,Q,arsM,Hypothetical methyltransferase,-
group_841,-,-,-,-,-
group_2861,"HTH_23,HTH_28,Mu-transpos_C,rve",L,-,COG2801 Transposase and inactivated derivatives,-
group_2862,AAA_22,S,-,AAA domain,-
hin_2~~~hin_3,"HTH_7,Resolvase",L,-,"Resolvase, N terminal domain",-
group_815,TpcC,S,yddB,Conjugative transposon protein TcpC,-
group_281,Acetyltransf_2,Q,-,Belongs to the arylamine N-acetyltransferase,-
group_2863,"Helicase_C,PLDc_2,SNF2_N",L,-,helicase activity,-
group_747,ParBc,K,-,DNA binding,-
res~~~res_1~~~res_2,"ResIII,VRR_NUC",L,res,"Type III restriction enzyme, res subunit",-
mod_2~~~mod_1~~~mod,N6_N4_Mtase,L,-,Adenine specific DNA methylase Mod,-
cspLA_1~~~cspLA_2,CSD,K,cspC,COG1278 Cold shock proteins,-
murF_1~~~murF_2,"Mur_ligase_C,Mur_ligase_M",M,-,Mur ligase middle domain,-
group_344,Lipoprotein_Ltp,M,-,Host cell surface-exposed lipoprotein,-
group_927,-,S,-,ERF superfamily,-
group_793,-,-,-,-,-
group_199,Phage_TAC_12,S,-,"Phage tail assembly chaperone protein, TAC",-
group_411,Prophage_tail,S,-,Prophage endopeptidase tail,-
splE_4~~~splE_1,"Endonuclease_NS,Trypsin_2",EF,-,Belongs to the peptidase S1B family,-
group_2865,-,-,-,-,-
group_63,Flavin_Reduct,S,-,"COG1853 Conserved protein domain typically associated with flavoprotein oxygenases, DIM6 NTAB family",-
group_1356,-,-,-,-,-
group_2867,"Big_2,CBM_6",GN,-,Cellulose Binding Domain Type IV,-
group_355,-,S,-,Phage portal protein,-
group_164,-,S,-,Phage Terminase,-
group_3782,HicB_lk_antitox,S,-,HicB_like antitoxin of bacterial toxin-antitoxin system,-
group_3783,HicA_toxin,N,-,"HicA toxin of bacterial toxin-antitoxin,",-
group_399,-,S,-,"Transcriptional regulator, RinA family",-
dhaL~~~dhaL_1,Dak2,S,dhaL,Dihydroxyacetone kinase,-
group_397,-,S,-,Protein of unknown function (DUF1071),-
group_928,DUF771,S,-,Domain of unknown function (DUF771),-
xerC_1~~~xerC_3~~~xerC_4~~~xerC_5~~~xerC_2,-,S,-,Phage integrase family,"GO:0006139,GO:0006259,GO:0006725,GO:0006807,GO:0008150,GO:0008152,GO:0009987,GO:0015074,GO:0034641,GO:0043170,GO:0044237,GO:0044238,GO:0044260,GO:0046483,GO:0071704,GO:0090304,GO:1901360"
sftA,"FtsK_SpoIIIE,Ftsk_gamma",D,sftA,Belongs to the FtsK SpoIIIE SftA family,-
group_2868,DUF739,K,-,Protein of unknown function (DUF739),-
group_101,GtrA,S,-,GtrA-like protein,-
group_457,-,-,-,-,-
pxpC_2~~~pxpC_1,CT_A_B,E,kipA,allophanate hydrolase subunit 2,-
group_864,-,S,-,Phage gp6-like head-tail connector protein,-
group_2870,AAA,O,-,ATPase family associated with various cellular activities (AAA),-
group_2871,Peptidase_S8,O,-,Subtilase family,-
group_201,Fic,D,fic,Fic family,-
group_191,"AAA_11,AAA_12,PLDc_2,Viral_helicase1",L,-,AAA domain,-
cntK,-,E,-,Diaminopimelate epimerase,-
catE~~~catE_2~~~catE_1,Glyoxalase,S,-,Glyoxalase/Bleomycin resistance protein/Dioxygenase superfamily,-
group_115,LtrA,S,ltrA,Bacterial low temperature requirement A protein (LtrA),-
group_806,-,-,-,-,-
group_2872,-,S,-,Phage tail protein,-
group_2873,-,-,-,-,-
ard,Oxidored_FMN,C,yqiG,flavin oxidoreductase,-
group_2874,Methylase_S,V,-,Type I restriction modification DNA specificity domain protein,-
group_359,-,-,-,-,-
group_476,HTH_17,L,-,Helix-turn-helix domain,-
group_517,-,-,-,-,-
group_2875,DUF3644,S,-,Protein of unknown function (DUF3644),-
group_3272,-,S,-,YopX protein,-
ptpB~~~ptpB_2,LMWPc,T,ywlE,low molecular weight,-
group_233,OsmC,O,ohrB,response to oxidative stress,-
group_3273,-,S,-,membrane,-
traP,ABM,S,traP,Signal transduction protein,"GO:0005575,GO:0016020"
kdpE_1~~~kdpE_2,"Response_reg,Trans_reg_C",KT,kdpE,"Transcriptional regulatory protein, C terminal",-
sbnE_1~~~sbnE_2~~~sbnE,"FhuF,IucA_IucC",Q,-,IucA / IucC family,-
group_103,ABC2_membrane_5,S,-,ABC-2 family transporter protein,-
group_149,-,-,-,-,-
zwf_2~~~zwf_1,"G6PD_C,G6PD_N",G,-,Catalyzes the oxidation of glucose 6-phosphate to 6- phosphogluconolactone,-
gnd_2~~~gnd_1,"6PGD,NAD_binding_2",G,gnd,"Catalyzes the oxidative decarboxylation of 6- phosphogluconate to ribulose 5-phosphate and CO(2), with concomitant reduction of NADP to NADPH",-
pgi_2~~~pgi_1,PGI,G,pgi,Belongs to the GPI family,-
group_2878,OMPdecase,G,-,Catalyzes the condensation of ribulose 5-phosphate with formaldehyde to form 3-hexulose 6-phosphate,-
hxlB_2~~~hxlB_1,SIS,G,hxlB,SIS domain,-
group_2879,HxlR,K,-,HxlR-like helix-turn-helix,-
group_1369,-,-,-,-,-
yhfK,NAD_binding_10,GM,-,NmrA-like family,-
group_1534,PriCT_1,K,repE,Primase C terminal 1 (PriCT-1),-
group_930,RepA_N,S,-,Replication initiator protein A (RepA) N-terminus,-
group_931,AAA_31,D,soj,Cellulose biosynthesis protein BcsQ,"GO:0008150,GO:0022603,GO:0042173,GO:0042174,GO:0043937,GO:0043939,GO:0045595,GO:0045596,GO:0048519,GO:0048523,GO:0050789,GO:0050793,GO:0050794,GO:0051093,GO:0065007"
group_932,-,-,-,-,-
group_933,"Stap_Strp_tox_C,Stap_Strp_toxin",S,-,"Staphylococcal/Streptococcal toxin, OB-fold domain",-
entA_2~~~entA_4,-,S,-,"Staphylococcal/Streptococcal toxin, OB-fold domain",-
group_3274,-,-,-,-,-
csoR~~~ricR,Trns_repr_metal,S,-,protein conserved in bacteria,-
group_1248,-,-,-,-,-
group_1175,-,-,-,-,-
group_453,Rep_3,L,-,Initiator Replication protein,-
group_736,MFS_1,P,-,COG0477 Permeases of the major facilitator superfamily,-
essD~~~essD_2~~~essD_1~~~essD_3,Endonuclea_NS_2,S,-,DNA/RNA non-specific endonuclease,-
group_3784,Methylase_S,V,-,Type I restriction modification DNA specificity domain,-
group_2882,SIR2_2,K,-,SIR2-like domain,-
group_2883,N6_Mtase,V,-,type II restriction modification enzyme methyltransferase K00571,-
group_2886,"DUF4135,LANC_like",V,-,Lanthionine synthetase C-like protein,-
ltxB,-,Q,-,ABC transporter,-
group_2887,"DUF4135,LANC_like",V,lanM,type 2 lantibiotic biosynthesis protein LanM,-
group_424,-,-,-,-,-
ebhA~~~ebhA_1,"DUF1542,Gram_pos_anchor,YSIRK_signal",D,-,Domain of Unknown Function (DUF1542),-
mhqR,MarR,K,-,helix_turn_helix multiple antibiotic resistance protein,-
arnB_1~~~arnB~~~spnR,DegT_DnrJ_EryC1,E,-,UDP-4-amino-4-deoxy-L-arabinose aminotransferase,-
group_1336,"Methyltransf_23,Methyltransf_25",H,-,Methyltransferase domain,-
pls,-,G,-,"phosphoenolpyruvate-dependent sugar phosphotransferase system, EIIA 1",-
group_3048,IDEAL,S,-,IDEAL domain protein,-
group_3275,"AraC_binding,HTH_18",K,-,Transcriptional regulator,-
rclA_1,"Pyr_redox_2,Pyr_redox_dim",C,merA,Belongs to the class-I pyridine nucleotide-disulfide oxidoreductase family,-
group_1546,CHAP,S,p40,COG3942 Surface antigen,-
group_742,HTH_3,K,-,sequence-specific DNA binding,-
group_741,HTH_3,K,-,Helix-turn-helix XRE-family like proteins,-
thsA_1~~~thsA_2~~~thsA,SIR2_2,K,-,NAD+ binding,-
bmrA_2,"ABC_membrane,ABC_tran",V,abcA,ABC transporter,-
group_3583,HTH_3,K,-,Helix-turn-helix domain,-
group_3165,DUF4467,S,-,Domain of unknown function with cystatin-like fold (DUF4467),-
group_2889,-,-,-,-,-
group_2890,-,S,-,Protein conserved in bacteria,-
icd,Iso_dh,C,icd,Isocitrate dehydrogenase NADP,-
group_2893,Bac_luciferase,C,-,Luciferase-like monooxygenase,-
fabG_2,adh_short,IQ,srlD,NAD dependent epimerase/dehydratase family,-
licR,"HTH_11,Mga,PRD,PTS_EIIA_2",K,srlM,Mga helix-turn-helix domain,-
group_2895,GutM,K,srlM1,Glucitol operon activator protein (GutM),-
srlA,EII-GUT,G,srlA,PTS system enzyme II sorbitol-specific factor,-
srlE,"EIIBC-GUT_C,EIIBC-GUT_N",G,srlE,Sorbitol phosphotransferase enzyme II N-terminus,-
srlB,PTSIIA_gutA,G,srlB,PTS system glucitol/sorbitol-specific IIA component,-
group_2897,DUF4065,S,-,Protein of unknown function (DUF4065),-
slyA_2~~~slyA_1,"HTH_27,MarR,MarR_2",K,-,Transcriptional regulator,-
nhaX_1,Usp,T,-,Universal stress protein family,-
group_1346,"HTH_7,Resolvase",L,-,"Resolvase, N terminal domain",-
group_1159,MarR,K,-,MarR family,-
group_1160,Rhodanese,P,-,Rhodanese Homology Domain,-
cat_1~~~cat,CAT,V,cat,Chloramphenicol acetyltransferase,-
group_3771,MobC,S,mobC,Bacterial mobilisation protein (MobC),-
group_1161,"DDE_Tnp_Tn3,DUF4158",L,-,Tn3 transposase DDE domain,-
group_1162,"HTH_7,Resolvase",L,-,"Resolvase, N terminal domain",-
group_1163,-,-,-,-,-
erm_1~~~erm,RrnaAD,J,ermA,Belongs to the class I-like SAM-binding methyltransferase superfamily. rRNA adenine N(6)-methyltransferase family,-
group_1363,"Recombinase,Resolvase,Zn_ribbon_recom",L,-,Recombinase,-
group_1164,-,S,-,Recombinase,-
group_1165,-,L,-,"COG1961 Site-specific recombinases, DNA invertase Pin homologs",-
group_1166,"Topoisom_bac,Toprim",L,-,DNA topoisomerase,-
bin3_2~~~bin3,"HTH_23,HTH_7,Resolvase",L,tnpR,"Resolvase, N terminal domain",-
group_1254,-,-,-,-,-
group_1251,-,-,-,-,-
yghA_3~~~yghA~~~yghA_1~~~yghA_2,"M20_dimer,Peptidase_M20",E,-,amidohydrolase,-
ridA~~~ridA_2~~~ridA_1,Ribonuc_L-PSP,J,yabJ,"translation initiation inhibitor, yjgF family","GO:0003674,GO:0003824,GO:0006082,GO:0006629,GO:0006631,GO:0006633,GO:0008150,GO:0008152,GO:0008610,GO:0009058,GO:0009987,GO:0016053,GO:0016787,GO:0019239,GO:0019752,GO:0032787,GO:0043436,GO:0044237,GO:0044238,GO:0044249,GO:0044255,GO:0044281,GO:0044283,GO:0046360,GO:0046361,GO:0046394,GO:0046459,GO:0051790,GO:0071704,GO:0072330,GO:1901576"
rsbU~~~rsbU_2~~~rsbU_1,"RsbU_N,SpoIIE",KT,rsbU,Serine phosphatase RsbU regulator of sigma subunit,-
group_1473,Sipho_tail,S,-,Phage tail protein,-
purQ~~~purS~~~purL~~~purL_1~~~purL_2,"AIRS,AIRS_C",F,purL,Part of the phosphoribosylformylglycinamidine synthase complex involved in the purines biosynthetic pathway. Catalyzes the ATP-dependent conversion of formylglycinamide ribonucleotide (FGAR) and glutamine to yield formylglycinamidine ribonucleotide (FGAM) and glutamate. The FGAM synthase complex is composed of three subunits. PurQ produces an ammonia molecule by converting glutamine to glutamate. PurL transfers the ammonia molecule to FGAR to form FGAM in an ATP-dependent manner. PurS interacts with PurQ and PurL and is thought to assist in the transfer of the ammonia molecule from PurQ to PurL,"GO:0000166,GO:0003674,GO:0003824,GO:0004642,GO:0005488,GO:0005524,GO:0006139,GO:0006163,GO:0006164,GO:0006725,GO:0006753,GO:0006793,GO:0006796,GO:0006807,GO:0008144,GO:0008150,GO:0008152,GO:0009058,GO:0009117,GO:0009150,GO:0009152,GO:0009165,GO:0009259,GO:0009260,GO:0009987,GO:0016874,GO:0016879,GO:0016884,GO:0017076,GO:0018130,GO:0019438,GO:0019637,GO:0019693,GO:0030554,GO:0032553,GO:0032555,GO:0032559,GO:0034641,GO:0034654,GO:0035639,GO:0036094,GO:0043167,GO:0043168,GO:0044237,GO:0044238,GO:0044249,GO:0044271,GO:0044281,GO:0046390,GO:0046483,GO:0055086,GO:0071704,GO:0072521,GO:0072522,GO:0090407,GO:0097159,GO:0097367,GO:1901135,GO:1901137,GO:1901265,GO:1901293,GO:1901360,GO:1901362,GO:1901363,GO:1901564,GO:1901566,GO:1901576"
icaA~~~icaA_1~~~icaA_2,"Glyco_tranf_2_3,Glycos_transf_2",M,icaA,"N-acetylglucosaminyltransferase that catalyzes the polymerization of single monomer units of UDP-N-acetylglucosamine to produce the linear homopolymer poly-beta-1,6-N-acetyl-D- glucosamine (PNAG, also referred to as PIA), a biofilm adhesin polysaccharide. Requires IcaD for full activity",-
group_1027,DUF4352,S,-,Domain of unknown function (DUF4352),-
group_1349,-,S,-,DNA binding,-
group_1544,HTH_3,K,-,Helix-turn-helix XRE-family like proteins,-
kapB,KapB,T,kapB,Kinase associated protein B,"GO:0005575,GO:0005623,GO:0005886,GO:0016020,GO:0044464,GO:0071944"
ywqE_1~~~pglF_1~~~capD~~~wbjC~~~pglF_2~~~pglF~~~ywqE_2~~~fcl_1~~~capD_1~~~capD_2~~~fcl~~~ywqE_3,"CoA_binding_3,Polysacc_synt_2",GM,capD,Polysaccharide biosynthesis protein,"GO:0008150,GO:0043900,GO:0043902,GO:0048518,GO:0048522,GO:0050789,GO:0050794,GO:0065007,GO:1900190,GO:1900192"
group_3276,Methylase_S,V,-,Type I restriction modification DNA specificity domain,-
sdcS~~~sdcS_2~~~sdcS_1,Na_sulph_symp,P,sdcS,symporter activity,"GO:0003674,GO:0005215,GO:0005575,GO:0006810,GO:0006811,GO:0006820,GO:0008150,GO:0016020,GO:0016021,GO:0031224,GO:0034220,GO:0044425,GO:0051179,GO:0051234,GO:0055085,GO:0098656"
spsB_3,Peptidase_S24,U,-,Belongs to the peptidase S26 family,-
group_3278,-,-,-,-,-
group_1219,-,S,-,peptidoglycan catabolic process,"GO:0008150,GO:0016032,GO:0019058,GO:0019068,GO:0044403,GO:0044419,GO:0051704,GO:0098003"
group_1647,Peptidase_M78,E,-,Zn peptidase,-
group_416,DUF669,S,-,Protein of unknown function (DUF669),-
group_2899,-,-,-,-,-
group_2900,"D5_N,Pox_D5,PriCT_1,Prim-Pol",S,-,D5 N terminal like,-
group_3142,-,S,-,Pfam:PemK_toxin,-
group_307,HTH_3,K,-,Helix-turn-helix XRE-family like proteins,-
group_1061,-,S,-,Protein of unknown function (DUF3113),-
xerD_1~~~xerC_2~~~xerC_8~~~xerC_6~~~xerD_2~~~xerD_3~~~xerC_3~~~xerC_7~~~xerC_1~~~xerC_9~~~xerC_4,"Phage_int_SAM_1,Phage_integrase",L,-,similarity to EGAD 7942,-
add1,A_deaminase,F,add,Adenosine/AMP deaminase,-
group_146,Phage_capsid,S,-,Phage capsid family,-
rplR,Ribosomal_L18p,J,rplR,"This is one of the proteins that binds and probably mediates the attachment of the 5S RNA into the large ribosomal subunit, where it forms part of the central protuberance","GO:0003674,GO:0003676,GO:0003723,GO:0005488,GO:0005575,GO:0005622,GO:0005623,GO:0005737,GO:0005829,GO:0005840,GO:0008097,GO:0015934,GO:0019843,GO:0022625,GO:0022626,GO:0032991,GO:0043226,GO:0043228,GO:0043229,GO:0043232,GO:0044391,GO:0044422,GO:0044424,GO:0044444,GO:0044445,GO:0044446,GO:0044464,GO:0097159,GO:1901363,GO:1990904"
group_1360,-,-,-,-,-
group_922,-,S,-,Pfam:HNHc_6,-
group_2902,DUF3800,S,-,Protein of unknown function (DUF3800),-
group_3280,DUF4064,S,-,Protein of unknown function (DUF4064),-
group_1137,HTH_16,S,-,Helix-turn-helix domain,-
group_3168,-,-,-,-,-
ssb,SSB,L,ssb,"Plays an important role in DNA replication, recombination and repair. Binds to ssDNA and to an array of partner proteins to recruit them to their sites of action during DNA metabolism",-
topB_2~~~topB_1,"Topoisom_bac,Toprim,Toprim_Crpt",L,topB,DNA topoisomerase type I activity,-
group_3785,Rep_1,L,-,RePlication protein,-
group_2999,"MazG,TP_methylase",S,yabN,COG3956 Protein containing tetrapyrrole methyltransferase domain and MazG-like,"GO:0003674,GO:0003824,GO:0006139,GO:0006163,GO:0006195,GO:0006203,GO:0006213,GO:0006220,GO:0006244,GO:0006725,GO:0006753,GO:0006793,GO:0006796,GO:0006807,GO:0008150,GO:0008152,GO:0009056,GO:0009058,GO:0009116,GO:0009117,GO:0009119,GO:0009141,GO:0009143,GO:0009144,GO:0009146,GO:0009147,GO:0009149,GO:0009151,GO:0009155,GO:0009164,GO:0009166,GO:0009199,GO:0009200,GO:0009203,GO:0009204,GO:0009208,GO:0009210,GO:0009211,GO:0009213,GO:0009215,GO:0009217,GO:0009218,GO:0009219,GO:0009222,GO:0009223,GO:0009259,GO:0009261,GO:0009262,GO:0009264,GO:0009394,GO:0009987,GO:0016462,GO:0016787,GO:0016817,GO:0016818,GO:0018130,GO:0019438,GO:0019439,GO:0019637,GO:0019692,GO:0019693,GO:0034404,GO:0034641,GO:0034654,GO:0034655,GO:0034656,GO:0042454,GO:0044237,GO:0044238,GO:0044248,GO:0044249,GO:0044270,GO:0044271,GO:0044281,GO:0044282,GO:0044283,GO:0046046,GO:0046047,GO:0046051,GO:0046052,GO:0046060,GO:0046061,GO:0046070,GO:0046075,GO:0046076,GO:0046080,GO:0046081,GO:0046131,GO:0046133,GO:0046135,GO:0046386,GO:0046434,GO:0046483,GO:0046700,GO:0047429,GO:0055086,GO:0071704,GO:0072521,GO:0072523,GO:0072527,GO:0072529,GO:1901135,GO:1901136,GO:1901292,GO:1901360,GO:1901361,GO:1901362,GO:1901564,GO:1901565,GO:1901575,GO:1901576,GO:1901657,GO:1901658"
group_509,-,M,-,UDP-N-acetylmuramoyl-tripeptide-D-alanyl-D-alanine ligase activity,-
group_3281,"DUF2479,Lipase_GDSL_2",E,-,GDSL-like Lipase/Acylhydrolase family,-
group_2905,-,L,-,Terminase small subunit,-
group_1183,-,-,-,-,-
group_3039,DUF2154,S,yvqF,Cell wall-active antibiotics response 4TMS YvqF,-
pgpB,PAP2,I,pgpB3,acid phosphatase family protein,-
group_3282,"Lant_dehydr_C,Lant_dehydr_N",S,bsaB,"Lantibiotic dehydratase, C terminus",-
group_25,Abi_2,V,-,Abi-like protein,-
group_752,Sec-ASP3,S,asp3,Accessory Sec secretory system ASP3,-
group_753,Hydrolase_3,S,-,haloacid dehalogenase-like hydrolase,-
group_478,"Glyoxalase,Glyoxalase_2",E,-,lactoylglutathione lyase activity,-
group_3283,-,M,-,C-terminus of bacterial fibrinogen-binding adhesin,-
uvrA_1,ABC_tran,L,-,Excinuclease,-
group_200,Phage_TAC_12,S,-,"Phage tail assembly chaperone protein, TAC",-
group_2908,NTP_transf_2,S,-,Nucleotidyltransferase domain,-
group_1127,"Recombinase,Resolvase,Zn_ribbon_recom",L,spoIVCA,Recombinase,-
group_2914,"D5_N,Pox_D5",S,-,"Phage plasmid primase, P4 family",-
group_2915,-,-,-,-,-
group_2916,-,-,-,-,-
group_2917,-,-,-,-,-
group_2918,SEFIR,S,-,SEFIR domain,-
group_2919,-,-,-,-,-
group_2920,AAA_2,O,-,ATPase family associated with various cellular activities (AAA),-
group_2921,-,-,-,-,-
group_2922,-,-,-,-,-
group_2923,DUF927,L,-,Domain of unknown function (DUF927),-
group_2924,-,-,-,-,-
group_2925,"Recombinase,Resolvase,Zn_ribbon_recom",L,-,Recombinase zinc beta ribbon domain,-
glcA~~~lctP_4,Lactate_perm,C,-,L-lactate permease,-
lutP,Lactate_perm,C,-,L-lactate permease,-
group_2927,"HTH_21,rve",L,-,Integrase core domain,-
group_2928,-,L,-,Integrase core domain,-
group_2929,-,L,-,"to gi 2673748 emb CAA05973.1 Lactobacillus casei , percent identity 49 in 332 aa, BLASTP E() 2e-77",-
group_2930,Abi,S,-,CAAX protease self-immunity,-
group_2931,DUF418,S,-,Protein of unknown function (DUF418),-
group_2932,HTH_26,K,yozG,Cro/C1-type HTH DNA-binding domain,-
group_2933,DUF2975,S,-,Protein of unknown function (DUF2975),-
group_2934,-,-,-,-,-
group_2935,Rep_1,L,-,RePlication protein,-
group_955,-,-,-,-,-
group_956,-,-,-,-,-
group_957,-,-,-,-,-
group_3135,-,-,-,-,-
cas2,CRISPR_Cas2,L,cas2,"CRISPR (clustered regularly interspaced short palindromic repeat), is an adaptive immune system that provides protection against mobile genetic elements (viruses, transposable elements and conjugative plasmids). CRISPR clusters contain sequences complementary to antecedent mobile elements and target invading nucleic acids. CRISPR clusters are transcribed and processed into CRISPR RNA (crRNA). Functions as a ssRNA-specific endoribonuclease. Involved in the integration of spacer DNA into the CRISPR cassette",-
group_2937,HD,S,csm1,HD domain,-
csm2,Csm2_III-A,L,-,Csm2 Type III-A,-
csm3,RAMPs,L,csm3,RAMP superfamily,-
csm4,-,L,-,"CRISPR-associated RAMP protein, Csm4 family",-
csm5,RAMPs,L,-,RAMP superfamily,-
csm6,Cas_Csm6,S,-,CRISPR-associated protein (Cas_Csm6),-
cas6,CRISPR_Cas6,S,-,CRISPR-associated endoribonuclease Cas6,-
bfmBAB,"Transket_pyr,Transketolase_C",C,bfmBAB,"COG0022 Pyruvate 2-oxoglutarate dehydrogenase complex, dehydrogenase (E1) component, eukaryotic type, beta subunit",-
clpP_2,CLP_protease,OU,clpP,Belongs to the peptidase S14 family,-
group_2938,Phage_connect_1,-,-,-,-
dabB,"Proton_antipo_M,Proton_antipo_N",CP,ndhF,Proton-conducting membrane transporter,"GO:0005575,GO:0005623,GO:0005886,GO:0016020,GO:0044464,GO:0071944"
group_2939,-,S,-,Staphylococcal superantigen-like OB-fold domain,-
group_2940,Abi_2,V,-,Abi-like protein,-
group_962,-,L,-,Transposase for ISSha1,-
licR~~~manR_1~~~manR_2~~~manR_3,"HTH_11,Mga,PRD,PTS_EIIA_2,PTS_IIB",G,-,Mga helix-turn-helix domain,-
lip2~~~lip2_1~~~lip2_2~~~lip2_3,YSIRK_signal,D,-,acetyltransferases and hydrolases with the alpha beta hydrolase fold,-
yfiT,DinB_2,S,yfiT,DinB superfamily,-
czcD_2~~~czcD_1,Cation_efflux,P,-,Co Zn Cd efflux system component,-
deoC1_1~~~deoC2_1~~~deoC1~~~deoC2~~~deoC1_2,-,F,-,Catalyzes a reversible aldol reaction between acetaldehyde and D-glyceraldehyde 3-phosphate to generate 2-deoxy- D-ribose 5-phosphate,-
group_2942,SIR2_2,S,-,SIR2-like domain,-
group_2943,-,-,-,-,-
deoK_2,PfkB,H,-,Belongs to the carbohydrate kinase PfkB family,-
group_3284,Transp_cyt_pur,F,-,Belongs to the purine-cytosine permease (2.A.39) family,-
tri1,ADP_ribosyl_GH,O,draG,ADP-ribosylglycohydrolase,-
group_3147,PAP2,I,-,PA-phosphatase related membrane protein,-
group_1437,DoxX_2,-,-,-,-
isdG_2~~~isdG_1~~~hmoB,ABM,S,-,enzyme involved in biosynthesis of extracellular polysaccharides,-
group_1268,"FeoB_N,Gate,MMR_HSR1",P,-,COG0370 Fe2 transport system protein B,-
yicL,EamA,EG,ydeD,of the drug metabolite transporter (DMT) superfamily,-
fnbA~~~fnbA_1~~~fnbB~~~fnbB_2~~~fnbB_1~~~fnbA_2~~~fnbA_3,-,M,-,C-terminus of bacterial fibrinogen-binding adhesin,-
group_99,Abi,S,-,CAAX protease self-immunity,-
hlgB~~~hlgB_1~~~hlgB_2~~~lukF,-,M,-,cell killing,-
group_998,HSP20,O,hsp,Belongs to the small heat shock protein (HSP20) family,-
group_1039,"TetR_C_8,TetR_N",K,-,Transcriptional regulator,-
ureB,Urease_beta,E,ureB,Belongs to the urease beta subunit family,-
map_4~~~map_2~~~map_1~~~map_5~~~map_3,MAP,S,-,MAP domain,-
group_1569,S6PP,S,-,hydrolase activity,-
etb~~~etb_2~~~etb_1,"Endonuclease_NS,Trypsin_2",E,-,Peptidase S46,-
kdpD_1~~~kdpD_2~~~kdpD~~~kdpD_3,"DUF4118,GAF_3,HATPase_c,HisKA,KdpD,Usp",T,kdpD,Domain of unknown function (DUF4118),-
group_755,Peripla_BP_2,P,-,Periplasmic binding protein,-
lukEv_1~~~lukEv~~~lukEv_2~~~lukE~~~lukEv_3,Leukocidin,S,-,cell killing,-
lukDv_2~~~lukDv_1~~~lukDv~~~lukDv_3,Leukocidin,M,-,cell killing,-
group_2947,bPH_3,L,-,Bacterial PH domain,-
group_2948,Cytotoxic,S,-,Cytotoxic,-
fluC~~~fluC_1,CRCB,D,crcB,"Important for reducing fluoride concentration in the cell, thus reducing its toxicity","GO:0003674,GO:0005215,GO:0005575,GO:0005623,GO:0005886,GO:0005887,GO:0006810,GO:0006811,GO:0006820,GO:0008150,GO:0008509,GO:0015075,GO:0015103,GO:0015318,GO:0015698,GO:0016020,GO:0016021,GO:0022857,GO:0031224,GO:0031226,GO:0034220,GO:0044425,GO:0044459,GO:0044464,GO:0051179,GO:0051234,GO:0055085,GO:0071944,GO:0098656,GO:0098660,GO:0098661,GO:1903424,GO:1903425"
acuC_2~~~acuC~~~acuC_1,Hist_deacetyl,BQ,acuC,"COG0123 Deacetylases, including yeast histone deacetylase and acetoin utilization protein",-
nadD,CTP_transf_like,H,nadD,Catalyzes the reversible adenylation of nicotinate mononucleotide (NaMN) to nicotinic acid adenine dinucleotide (NaAD),"GO:0000309,GO:0003674,GO:0003824,GO:0004515,GO:0006082,GO:0006139,GO:0006520,GO:0006531,GO:0006725,GO:0006732,GO:0006733,GO:0006753,GO:0006793,GO:0006796,GO:0006807,GO:0008150,GO:0008152,GO:0009058,GO:0009066,GO:0009108,GO:0009117,GO:0009165,GO:0009435,GO:0009987,GO:0016740,GO:0016772,GO:0016779,GO:0018130,GO:0019355,GO:0019359,GO:0019362,GO:0019363,GO:0019438,GO:0019637,GO:0019674,GO:0019752,GO:0034627,GO:0034628,GO:0034641,GO:0034654,GO:0043436,GO:0043648,GO:0044237,GO:0044238,GO:0044249,GO:0044271,GO:0044281,GO:0046483,GO:0046496,GO:0051186,GO:0051188,GO:0055086,GO:0070566,GO:0071704,GO:0072524,GO:0072525,GO:0090407,GO:1901293,GO:1901360,GO:1901362,GO:1901564,GO:1901566,GO:1901576,GO:1901605"
group_3052,-,-,-,-,-
group_181,N_methyl,NU,-,"COG2165 Type II secretory pathway, pseudopilin PulG",-
scpB_2~~~scpB,SMC_ScpB,D,scpB,Participates in chromosomal partition during cell division. May act via the formation of a condensin-like complex containing Smc and ScpA that pull DNA away from mid-cell into both cell halves,-
dapA~~~dapA_1~~~dapA_2,DHDPS,E,dapA,Catalyzes the condensation of (S)-aspartate-beta- semialdehyde (S)-ASA and pyruvate to 4-hydroxy- tetrahydrodipicolinate (HTPA),-
nikC_1~~~nikC_2~~~nikC,BPD_transp_1,EP,nikC,permease,-
nikE~~~nikE_2~~~nikE_1,ABC_tran,E,-,"ABC-type oligopeptide transport system, ATPase component",-
glcT,"CAT_RBD,PRD",K,glcT,antiterminator,-
uup_3~~~lnrL_1~~~lnrL_4~~~btuD~~~lnrL_3~~~ssuB~~~lnrL_2~~~uup_1~~~mntB_1~~~znuC~~~uup_2~~~uup_5~~~uup_4,-,S,-,Transposase domain (DUF772),-
group_2950,Phage_Mu_F,S,-,"head morphogenesis protein, SPP1 gp7 family",-
group_2951,-,S,-,"head morphogenesis protein, SPP1 gp7 family",-
cinA,MoCF_biosynth,S,cinA,Belongs to the CinA family,-
group_135,"PDZ_2,Peptidase_M50",M,rseP,zinc metalloprotease,-
rqcP2_1~~~rqcP2~~~rqcP2_2,S4,S,ylmH,"conserved protein, contains S4-like domain",-
purD~~~purD_1~~~purD_2,"GARS_A,GARS_C,GARS_N",F,purD,Belongs to the GARS family,-
group_2953,"Fic,Fic_N",S,-,Fic/DOC family,-
group_218,-,-,-,-,-
group_2954,Amidohydro_2,S,-,Amidohydrolase,-
yjaB,Acetyltransf_10,K,-,Acetyltransferase (GNAT) domain,-
group_1368,Acetyltransf_1,K,-,Acetyltransferase (GNAT) domain,-
graS~~~graS_1~~~graS_2,HATPase_c,T,graS,Member of the two-component regulatory system GraR GraS involved in resistance against cationic antimicrobial peptides (CAMPs). GraS probably functions as a sensor protein kinase which is autophosphorylated at a histidine residue and transfers its phosphate group to GraR,-
graX_2~~~graX_1~~~graX,"3Beta_HSD,Epimerase,NAD_binding_10",GM,-,ADP-glyceromanno-heptose 6-epimerase activity,-
group_2955,MMR_HSR1,S,yqeH,GTPase YqeH,"GO:0003674,GO:0003824,GO:0003924,GO:0006275,GO:0008150,GO:0008156,GO:0009889,GO:0009890,GO:0009892,GO:0010556,GO:0010558,GO:0010605,GO:0016462,GO:0016787,GO:0016817,GO:0016818,GO:0017111,GO:0019219,GO:0019222,GO:0022613,GO:0030174,GO:0031323,GO:0031324,GO:0031326,GO:0031327,GO:0032297,GO:0042254,GO:0044085,GO:0045934,GO:0048519,GO:0048523,GO:0050789,GO:0050794,GO:0051052,GO:0051053,GO:0051171,GO:0051172,GO:0060255,GO:0065007,GO:0071840,GO:0080090,GO:0090329,GO:2000104,GO:2000112,GO:2000113"
rpsN,Ribosomal_S14,J,rpsN,"Binds 16S rRNA, required for the assembly of 30S particles and may also be responsible for determining the conformation of the 16S rRNA at the A site","GO:0003674,GO:0003735,GO:0005198,GO:0005575,GO:0005622,GO:0005623,GO:0005737,GO:0005840,GO:0006412,GO:0006518,GO:0006807,GO:0008150,GO:0008152,GO:0009058,GO:0009059,GO:0009987,GO:0010467,GO:0015935,GO:0019538,GO:0032991,GO:0034641,GO:0034645,GO:0043043,GO:0043170,GO:0043226,GO:0043228,GO:0043229,GO:0043232,GO:0043603,GO:0043604,GO:0044237,GO:0044238,GO:0044249,GO:0044260,GO:0044267,GO:0044271,GO:0044391,GO:0044422,GO:0044424,GO:0044444,GO:0044446,GO:0044464,GO:0071704,GO:1901564,GO:1901566,GO:1901576,GO:1990904"
group_1180,NAD_binding_9,S,-,FAD-NAD(P)-binding,-
aroB,DHQ_synthase,E,aroB,Catalyzes the conversion of 3-deoxy-D-arabino- heptulosonate 7-phosphate (DAHP) to dehydroquinate (DHQ),-
group_152,MerR_1,K,-,MerR family regulatory protein,-
xerC_4~~~xerC_3~~~xerC_6~~~xerC_8~~~xerC_5~~~xerC_7~~~xerC_2~~~xerC_1,"Phage_int_SAM_1,Phage_integrase",L,tnpA,Phage integrase family,-
group_3787,-,-,-,-,-
group_505,-,-,-,-,-
group_2956,-,-,-,-,-
group_964,"Recombinase,Resolvase,Zn_ribbon_recom",L,-,resolvase,-
group_965,-,S,-,Recombinase,-
group_966,"Recombinase,Resolvase,Zn_ribbon_recom",L,-,resolvase,-
vgaE_1~~~vgaE,"ABC_tran,ABC_tran_Xtn",S,-,ABC transporter,-
group_2957,YopX,S,-,YopX protein,-
group_2958,-,-,-,-,-
dnmA,N6_Mtase,V,-,"COG1002 Type II restriction enzyme, methylase subunits",-
kdpD_1~~~kdpD_2,"DUF4118,GAF_3,HATPase_c,HisKA,KdpD,Usp",T,kdpD,Domain of unknown function (DUF4118),-
group_1169,"3-dmu-9_3-mt,Glyoxalase",S,phnB2,3-demethylubiquinone-9 3-methyltransferase,-
group_463,-,-,-,-,-
group_2972,-,-,-,-,-
atl_4,"CHAP,Glucosaminidase,SH3_3,SLH",G,-,Mannosyl-glycoprotein endo-beta-N-acetylglucosaminidase,-
group_2960,DUF2951,S,-,Protein of unknown function (DUF2951),-
xerC_3~~~xerC_1~~~xerC_5~~~xerD_3~~~xerC_4~~~xerC_7~~~xerC_8~~~xerC_2,-,S,-,Phage integrase family,"GO:0006139,GO:0006259,GO:0006725,GO:0006807,GO:0008150,GO:0008152,GO:0009987,GO:0015074,GO:0034641,GO:0043170,GO:0044237,GO:0044238,GO:0044260,GO:0046483,GO:0071704,GO:0090304,GO:1901360"
group_2961,-,-,-,-,-
fda,Glycolytic,G,fda,Belongs to the class I fructose-bisphosphate aldolase family,-
group_757,Mob_Pre,D,-,Plasmid recombination enzyme,-
thyX_1~~~thyX~~~thyX_2,Thy1,F,-,"Catalyzes the reductive methylation of 2'-deoxyuridine- 5'-monophosphate (dUMP) to 2'-deoxythymidine-5'-monophosphate (dTMP) while utilizing 5,10-methylenetetrahydrofolate (mTHF) as the methyl donor, and NADPH and FADH(2) as the reductant",-
group_967,DHFR_1,H,dfrA,Dihydrofolate reductase,-
group_968,"HTH_23,HTH_7,Resolvase",L,tnpR,resolvase,-
bin3_2~~~bin3~~~bin3_1,"HTH_23,HTH_7,Resolvase",L,tnpR,"Resolvase, N terminal domain",-
group_969,-,-,-,-,-
group_970,-,-,-,-,-
group_971,-,L,-,"Transposase and inactivated derivatives, TnpA family",-
tarF,Glyphos_transf,M,tagF1,teichoic acid biosynthesis,"GO:0003674,GO:0003824,GO:0016740,GO:0016757"
group_2986,MethyltransfD12,L,nlaIIIM,D12 class N6 adenine-specific DNA methyltransferase,-
gltR_2~~~gltR~~~gltR_1,"HTH_1,LysR_substrate",K,gltR3,LysR substrate binding domain,-
group_751,"Big_3_2,Gram_pos_anchor,YSIRK_signal",M,-,"domain, Protein",-
group_973,"HSDR_N,ResIII",L,hsdR,"COG0610 Type I site-specific restriction-modification system, R (restriction) subunit and related helicases",-
hsdS_1~~~hsdS,Methylase_S,V,hsdS,restriction modification system DNA specificity,-
group_974,"HsdM_N,N6_Mtase",V,hsdM,type I restriction-modification system,-
group_1230,"Recombinase,Resolvase,Zn_ribbon_recom",L,-,Recombinase zinc beta ribbon domain,-
group_1232,DUF1413,S,-,Domain of unknown function (DUF1413),-
group_1275,-,-,-,-,-
group_975,FRG,S,-,FRG domain,-
tirS_1~~~tirS,TIR_2,S,-,TIR domain,-
group_1446,"HTH_11,WYL",K,yobV3,Transcriptional regulator,-
ousA~~~proP~~~proP_2,"MFS_1,Sugar_tr",EGP,proP,proline betaine transporter,-
nikD~~~nikD_1~~~nikD_2,ABC_tran,EP,oppD,ABC-type dipeptide oligopeptide nickel transport system,-
group_2963,-,-,-,-,-
group_1441,"DUF2479,Lipase_GDSL_2",E,-,GDSL-like Lipase/Acylhydrolase family,-
group_2967,-,S,-,DNA packaging,-
group_3290,AAA_31,D,-,AAA domain,-
old,"AAA_15,AAA_29",L,-,AAA ATPase domain,-
group_3296,Rep_1,L,-,Replication protein,-
group_3293,SHOCT,S,-,Short C-terminal domain,-
group_3294,-,-,-,-,-
group_3297,UPF0060,S,yfjF,UPF0060 membrane protein,-
merA,"HMA,Pyr_redox_2,Pyr_redox_dim",C,merA,"Pyridine nucleotide-disulphide oxidoreductase, dimerisation domain",-
group_3298,DsbD,O,-,Cytochrome C biogenesis protein transmembrane region,-
group_3299,AhpC-TSA,CO,-,SCO1/SenC,-
group_3300,-,-,-,-,-
merR1,MerR_1,K,merR,"MerR, DNA binding",-
gloB_2~~~gloB_1~~~glpE~~~gloB,"Lactamase_B,Rhodanese",P,baeB,Rhodanese Homology Domain,-
group_3301,NAD_binding_10,S,M1-643,NAD(P)H-binding,-
group_3302,DSBA,Q,ywbO,DSBA-like thioredoxin domain,-
ywnA,Rrf2,K,ywnA,Transcriptional regulator,-
thyA1,Thymidylat_synt,F,thyA,"Catalyzes the reductive methylation of 2'-deoxyuridine- 5'-monophosphate (dUMP) to 2'-deoxythymidine-5'-monophosphate (dTMP) while utilizing 5,10-methylenetetrahydrofolate (mTHF) as the methyl donor and reductant in the reaction, yielding dihydrofolate (DHF) as a by-product. This enzymatic reaction provides an intracellular de novo source of dTMP, an essential precursor for DNA biosynthesis",-
yvgN_2~~~dkgA~~~yvgN_1~~~ytbE,Aldo_ket_red,S,-,aldo keto reductase,-
group_3305,GIY-YIG,S,-,GIY-YIG catalytic domain,-
group_737,-,E,-,transmembrane transport,-
group_2718,Cupin_8,P,-,peptidyl-arginine hydroxylation,-
entA_4~~~entA_1,-,S,-,"Staphylococcal/Streptococcal toxin, OB-fold domain",-
group_1421,-,S,-,"Staphylococcal/Streptococcal toxin, beta-grasp domain",-
group_185,DM13,S,-,Electron transfer DM13,-
ebh_4,"DUF1542,FIVAR,GA,Rib,YSIRK_signal",D,ebh,interspecies interaction between organisms,-
group_513,-,-,-,-,-
group_588,-,-,-,-,-
group_3035,Acetyltransf_3,J,-,Acetyltransferase (GNAT) domain,-
group_514,Peptidase_M78,E,-,IrrE N-terminal-like domain,-
folD_1,"THF_DHG_CYH,THF_DHG_CYH_C",F,folD,"Catalyzes the oxidation of 5,10- methylenetetrahydrofolate to 5,10-methenyltetrahydrofolate and then the hydrolysis of 5,10-methenyltetrahydrofolate to 10- formyltetrahydrofolate","GO:0003674,GO:0003824,GO:0004477,GO:0004488,GO:0005575,GO:0005622,GO:0005623,GO:0005737,GO:0005829,GO:0006730,GO:0008150,GO:0008152,GO:0009987,GO:0016491,GO:0016645,GO:0016646,GO:0016787,GO:0016810,GO:0016814,GO:0019238,GO:0044237,GO:0044281,GO:0044424,GO:0044444,GO:0044464,GO:0055114"
scmP_1~~~sndA_3~~~sndA_2~~~sndA_1~~~scmP,"M20_dimer,Peptidase_M20",E,-,amidohydrolase,-
trpA~~~trpA_2~~~trpA_1,Trp_syntA,E,trpA,The alpha subunit is responsible for the aldol cleavage of indoleglycerol phosphate to indole and glyceraldehyde 3- phosphate,-
group_1661,DUF4064,S,-,Protein of unknown function (DUF4064),-
ymcA,Com_YlbF,S,ymcA,Belongs to the UPF0342 family,-
xerC_3~~~xerC_5~~~xerC_6~~~xerC_4~~~xerC_1~~~xerC_2,"Arm-DNA-bind_4,Phage_int_SAM_3,Phage_integrase",L,-,Belongs to the 'phage' integrase family,-
group_1662,-,-,-,-,-
group_1663,-,-,-,-,-
group_1664,PriCT_1,S,-,Primase C terminal 1 (PriCT-1),-
group_1665,-,-,-,-,-
group_1215,SAPI,S,-,Putative mobile pathogenicity island,-
group_1666,-,-,-,-,-
group_1667,-,M,-,sporulation resulting in formation of a cellular spore,-
group_1668,-,-,-,-,-
group_1669,-,-,-,-,-
group_1670,Terminase_2,L,-,terminase small subunit,-
group_1671,SpoIIM,S,-,Stage II sporulation protein M,-
group_1672,-,S,-,guanosine tetraphosphate metabolic process,-
group_1673,"DUF4065,HTH_3",K,-,Protein of unknown function (DUF4065),-
group_1778,ADPrib_exo_Tox,S,-,ADP-ribosyltransferase exoenzyme,-
group_851,YolD,S,-,YolD-like protein,-
etb,"Endonuclease_NS,Trypsin_2",E,-,Peptidase S46,-
group_3307,-,-,-,-,-
group_3308,-,-,-,-,-
uup_3,ABC_tran,V,-,"ABC transporter, ATP-binding protein",-
group_3309,ADH_N,C,-,alcohol dehydrogenase,-
group_3310,"DUF4135,LANC_like,Pkinase",V,-,Lanthionine synthetase C family protein,-
group_3311,"ABC_membrane,ABC_tran",V,msbA,abc transporter (atp-binding protein),-
group_3312,"DUF4135,LANC_like",V,-,type 2 lantibiotic biosynthesis protein LanM,-
group_1443,-,S,-,sequence-specific DNA binding,-
group_3313,Methylase_S,V,-,Type I restriction modification DNA specificity domain,-
group_593,"Cation_efflux,ZT_dimer",P,-,Co Zn Cd efflux system component,-
group_1485,Trns_repr_metal,S,csoR,Metal-sensitive transcriptional repressor,-
copA_2,"E1-E2_ATPase,HMA,Hydrolase",P,copA,P-type ATPase,-
copZ_2,HMA,P,copZ,Chaperone that serves for the intracellular sequestration and transport of Cu( ). Delivers Cu( ) to the copper-exporting P-type ATPase A (CopA) (By similarity),-
group_518,-,S,-,Membrane,-
group_519,"Acetyltransf_3,Acetyltransf_4",J,-,Acetyltransferase (GNAT) domain,-
group_521,-,-,-,-,-
group_522,Methylase_S,V,-,type I restriction modification DNA specificity domain,-
group_740,MethyltransfD12,L,-,D12 class N6 adenine-specific DNA methyltransferase,-
group_2775,"Stap_Strp_tox_C,Stap_Strp_toxin",S,-,"Staphylococcal/Streptococcal toxin, OB-fold domain",-
group_2912,-,-,-,-,-
aroC,Chorismate_synt,E,aroC,"Catalyzes the anti-1,4-elimination of the C-3 phosphate and the C-6 proR hydrogen from 5-enolpyruvylshikimate-3-phosphate (EPSP) to yield chorismate, which is the branch point compound that serves as the starting substrate for the three terminal pathways of aromatic amino acid biosynthesis. This reaction introduces a second double bond into the aromatic ring system","GO:0000166,GO:0003674,GO:0003824,GO:0004107,GO:0005488,GO:0005575,GO:0005622,GO:0005623,GO:0005737,GO:0005829,GO:0006082,GO:0006520,GO:0006725,GO:0006807,GO:0008150,GO:0008152,GO:0008652,GO:0009058,GO:0009072,GO:0009073,GO:0009423,GO:0009987,GO:0010181,GO:0016053,GO:0016829,GO:0016835,GO:0016838,GO:0019438,GO:0019752,GO:0032553,GO:0036094,GO:0043167,GO:0043168,GO:0043436,GO:0043648,GO:0043650,GO:0044237,GO:0044238,GO:0044249,GO:0044281,GO:0044283,GO:0044424,GO:0044444,GO:0044464,GO:0046394,GO:0046417,GO:0048037,GO:0050662,GO:0071704,GO:0097159,GO:0097367,GO:1901265,GO:1901360,GO:1901362,GO:1901363,GO:1901564,GO:1901566,GO:1901576"
group_1451,TcpE,S,-,TcpE family,-
group_1466,-,-,-,-,-
group_882,Transposase_mut,L,-,"to GB X15145, SP P26998, PID 1340164, GB X15145, SP P26998, and PID 1340164",-
group_693,HTH_Tnp_1,L,-,PFAM transposase IS3 IS911 family protein,-
group_523,-,L,-,Integrase core domain,-
mbtI,"Anth_synt_I_N,Chorismate_bind",EH,-,"Part of a heterotetrameric complex that catalyzes the two-step biosynthesis of anthranilate, an intermediate in the biosynthesis of L-tryptophan. In the first step, the glutamine- binding beta subunit (TrpG) of anthranilate synthase (AS) provides the glutamine amidotransferase activity which generates ammonia as a substrate that, along with chorismate, is used in the second step, catalyzed by the large alpha subunit of AS (TrpE) to produce anthranilate. In the absence of TrpG, TrpE can synthesize anthranilate directly from chorismate and high concentrations of ammonia",-
group_524,Sacchrp_dh_NADP,E,-,Saccharopine dehydrogenase NADP binding domain,-
ywjA,"ABC_membrane,ABC_tran",V,-,ABC transporter transmembrane region,-
irtA_1~~~irtA_2,"ABC_membrane,ABC_tran",V,lmrA2,ABC transporter transmembrane region,-
ykoD_1~~~ykoD_2,ABC_tran,G,-,"AAA domain, putative AbiEii toxin, Type IV TA system",-
group_525,Trep_Strep,S,-,Hypothetical bacterial integral membrane protein (Trep_Strep),-
group_526,"AMP-binding,AMP-binding_C,Acyl_transf_1,Condensation,KAsynt_C_assoc,KR,Ketoacyl-synt_C,Methyltransf_12,PP-binding,PS-DH,Thioesterase,ketoacyl-synt",Q,-,amino acid activation for nonribosomal peptide biosynthetic process,-
ubiE_1~~~ubiE_2,"GFO_IDH_MocA,Methyltransf_12",Q,-,"Oxidoreductase family, NAD-binding Rossmann fold",-
dltA_1,"AMP-binding,AMP-binding_C,Condensation,Methyltransf_12,NAD_binding_4,PP-binding",Q,-,TIGRFAM amino acid adenylation domain,-
dhbE,"AMP-binding,AMP-binding_C,Chorismate_bind",Q,entE,AMP-binding enzyme C-terminal domain,-
group_527,ACPS,H,-,4'-phosphopantetheinyl transferase superfamily,-
lgrE,Thioesterase,Q,-,Thioesterase domain,-
femA_1~~~femA_2~~~femB_1~~~femB_2~~~femA_3~~~femA_5~~~femA_4,FemAB,V,fmhA,protein involved in methicillin resistance,-
group_2181,DUF448,K,ylxR,nucleic-acid-binding protein implicated in transcription termination,-
xerD_3~~~xerC_3~~~xerC_2~~~xerC_1~~~xerC_7~~~xerC_6~~~xerC_5~~~xerD_1~~~xerD_4~~~xerD_2,-,S,-,Phage integrase family,"GO:0006139,GO:0006259,GO:0006725,GO:0006807,GO:0008150,GO:0008152,GO:0009987,GO:0015074,GO:0034641,GO:0043170,GO:0044237,GO:0044238,GO:0044260,GO:0046483,GO:0071704,GO:0090304,GO:1901360"
group_3315,-,T,-,Nacht domain,-
group_3316,-,S,-,IstB-like ATP binding protein,-
glpF,MIP,G,glpF,Belongs to the MIP aquaporin (TC 1.A.8) family,-
group_834,-,S,-,"Bacteriophage HK97-gp10, putative tail-component",-
ltaE,Beta_elim_lyase,E,ltaE,Beta-eliminating lyase,-
group_1206,"2-Hacid_dh,2-Hacid_dh_C",EH,ghrA,Belongs to the D-isomer specific 2-hydroxyacid dehydrogenase family,-
group_529,SAP,S,-,SAP domain,-
group_305,Peptidase_M78,E,-,IrrE N-terminal-like domain,-
group_3027,Cyclase,S,XK27_00940,Metal-dependent hydrolase,-
bioH,Abhydrolase_1,I,-,Alpha beta,-
group_1224,-,S,yddG,maturation of SSU-rRNA,-
group_530,DUF4467,S,-,Domain of unknown function with cystatin-like fold (DUF4467),-
group_531,-,-,-,-,-
mhqA_1~~~mhqA_3~~~mhqA_2,Glyoxalase,E,-,Lactoylglutathione lyase,-
group_532,-,S,-,sequence-specific DNA binding transcription factor activity,-
group_533,-,-,-,-,-
group_13,"TetR_C_8,TetR_N",K,-,Transcriptional regulator,-
group_1193,LytTR,K,-,LytTr DNA-binding domain,-
group_227,-,-,-,-,-
group_3319,DUF2829,S,-,Protein of unknown function (DUF2829),-
group_3320,-,-,-,-,-
group_3432,-,-,-,-,-
group_1678,RepA_N,S,-,Replication initiator protein A (RepA) N-terminus,-
amiD,Amidase,J,-,catalyzes the hydrolysis of a monocarboxylic acid amid to form a monocarboxylate and ammonia,-
group_3321,Abi,S,XK27_07085,metal-dependent membrane protease,-
group_3323,"M20_dimer,Peptidase_M20,Peptidase_M28",E,-,succinyl-diaminopimelate desuccinylase,-
group_3324,Y1_Tnp,L,-,PFAM transposase IS200-family protein,-
group_3325,DDE_Tnp_IS240,L,-,COG3316 Transposase and inactivated derivatives,-
group_3328,Coagulase,S,-,Staphylococcus aureus coagulase,-
ssl1_2,"SSL_OB,Stap_Strp_tox_C",S,-,Staphylococcal superantigen-like OB-fold domain,-
group_1679,-,-,-,-,-
yqeK,HD,H,yqeK,HD superfamily hydrolase involved in NAD metabolism,-
metQ_1~~~metQ_2~~~metQ_3,Lipoprotein_9,P,yhcJ,Belongs to the nlpA lipoprotein family,-
group_105,DUF951,S,yyzM,Bacterial protein of unknown function (DUF951),-
group_1775,-,K,-,Nacht domain,-
mntH_3~~~mntH_2,Nramp,P,mntH,"H( )-stimulated, divalent metal cation uptake system",-
group_592,-,O,-,COG0695 Glutaredoxin and related proteins,-
group_1681,-,-,-,-,-
ybaK,tRNA_edit,S,ebsC,Belongs to the prolyl-tRNA editing family. YbaK EbsC subfamily,-
group_1321,Omega_Repress,S,-,Omega Transcriptional Repressor,-
group_1322,Epsilon_antitox,S,-,Bacterial epsilon antitoxin,-
group_1323,Zeta_toxin,S,-,Zeta toxin,-
group_535,-,-,-,-,-
phnE_2~~~phnE_1~~~btuD,BPD_transp_1,P,phnE,"Phosphonate ABC transporter, permease protein",-
group_1621,-,-,-,-,-
yxeI,CBAH,M,pva1,"Linear amide C-N hydrolases, choloylglycine hydrolase family",-
sspA~~~sspA_1~~~sspA_2,Trypsin_2,M,sspA,Belongs to the peptidase S1B family,-
abpB_1~~~abpB,"DEAD,Helicase_C",L,-,helicase superfamily c-terminal domain,-
group_3329,Abi,S,-,CAAX protease self-immunity,-
iolS_2~~~iolS_1~~~iolS,Aldo_ket_red,C,iolS,Aldo/keto reductase family,-
group_536,"Gram_pos_anchor,SdrD_B,SdrG_C_C",M,-,protein which possibly mediates interactions of S.aureus with components of the extracellular matrix of higher eukaryotes,-
malR~~~celR~~~purR_1,"LacI,Peripla_BP_3",K,malR,Periplasmic binding protein-like domain,-
group_36,Fic,S,-,Fic/DOC family,-
cmoO_1~~~cmoO_2,Bac_luciferase,C,-,"COG2141 Coenzyme F420-dependent N5,N10-methylene tetrahydromethanopterin reductase and related flavin-dependent oxidoreductases","GO:0005575,GO:0005622,GO:0005623,GO:0005737,GO:0005829,GO:0044424,GO:0044444,GO:0044464"
ylmA,ABC_tran,P,ylmA,"ABC transporter, ATP-binding protein",-
group_847,-,IU,-,multivesicular body membrane disassembly,-
group_3332,HTH_3,K,-,sequence-specific DNA binding,-
group_3333,SpoIIM,S,-,Stage II sporulation protein M,-
group_3334,-,-,-,-,-
dpnM,MethyltransfD12,L,dam,D12 class N6 adenine-specific DNA methyltransferase,-
dpnA,N6_N4_Mtase,L,-,Belongs to the N(4) N(6)-methyltransferase family,-
dpnB,DpnII,L,dpnB,Recognizes the double-stranded unmethylated sequence GATC and cleaves before G-1,-
arg_1,Arginase,E,rocF,Belongs to the arginase family,-
group_1264,"HTH_21,rve",L,-,transposase,-
hptR~~~hptR_1~~~hptR_2,"HTH_18,HTH_AraC,Response_reg",K,-,Member of the two-component regulatory system,-
group_538,"Collagen,DUF2479,PTR",S,-,Domain of unknown function (DUF2479),-
group_3335,"DUF4041,T5orf172",D,-,Domain of unknown function (DUF4041),-
aadK~~~aadK_1,Adenyl_transf,G,aadK,Streptomycin adenylyltransferase,-
repD~~~repE_1~~~repE,Rep_trans,L,-,Replication initiation factor,-
group_3789,DUF334,S,-,Domain of unknown function (DUF334),-
group_3792,MobC,S,mobC,Bacterial mobilisation protein (MobC),-
acnA_2,"Aconitase,Aconitase_C",C,citB,Catalyzes the isomerization of citrate to isocitrate via cis-aconitate,"GO:0003674,GO:0003676,GO:0003723,GO:0003729,GO:0003730,GO:0003824,GO:0003994,GO:0005488,GO:0006082,GO:0006091,GO:0006099,GO:0006101,GO:0006629,GO:0006631,GO:0008150,GO:0008152,GO:0009060,GO:0009987,GO:0015980,GO:0016829,GO:0016835,GO:0016836,GO:0016999,GO:0017144,GO:0019541,GO:0019679,GO:0019752,GO:0032787,GO:0043436,GO:0043937,GO:0044237,GO:0044238,GO:0044255,GO:0044281,GO:0045333,GO:0046459,GO:0047456,GO:0048037,GO:0050789,GO:0050793,GO:0051536,GO:0051539,GO:0051540,GO:0055114,GO:0065007,GO:0071704,GO:0072350,GO:0097159,GO:1901363"
hisZ~~~hisF~~~hisZ_1~~~hisZ_2,His_biosynth,E,hisF,"IGPS catalyzes the conversion of PRFAR and glutamine to IGP, AICAR and glutamate. The HisF subunit catalyzes the cyclization activity that produces IGP and AICAR from PRFAR using the ammonia provided by the HisH subunit","GO:0000107,GO:0003674,GO:0003824,GO:0016740,GO:0016757,GO:0016763"
group_1415,"CAP,CAP_assoc_N",S,ylbC,protein with SCP PR1 domains,-
group_3584,MobC,S,mobC,Bacterial mobilisation protein (MobC),-
repB,-,S,-,Plasmid replication protein,-
setC~~~setA~~~mdtG,MFS_1,EGP,-,Major facilitator,-
yidC,60KD_IMP,U,yidC,"Required for the insertion and or proper folding and or complex formation of integral membrane proteins into the membrane. Involved in integration of membrane proteins that insert both dependently and independently of the Sec translocase complex, as well as at least some lipoproteins",-
catD,DoxX,S,-,DoxX,-
clfA~~~clfA_2~~~clfA_1,"Gram_pos_anchor,SdrG_C_C,YSIRK_signal",Q,-,C-terminus of bacterial fibrinogen-binding adhesin,"GO:0001968,GO:0003674,GO:0005488,GO:0005515,GO:0008150,GO:0044877,GO:0051704,GO:0070051,GO:0098630,GO:0098743"
nrnA,"DHH,DHHA1",S,nrnA,DHHA1 domain,-
rplY,"Ribosomal_L25p,Ribosomal_TL5_C",J,ctc,This is one of the proteins that binds to the 5S RNA in the ribosome where it forms part of the central protuberance,-
est_1~~~est_2,Hydrolase_4,S,-,"Serine aminopeptidase, S33",-
yciC_1,"CobW_C,cobW",S,-,Cobalamin synthesis protein,-
yidD,Haemolytic,S,ytjA,Could be involved in insertion of integral membrane proteins into the membrane,-
mrpG~~~mrpF,PhaG_MnhG_YufB,P,mnhG2,subunit G,-
group_1684,-,L,-,Transposase DDE domain,-
soj_1~~~soj,AAA_31,D,-,AAA domain,-
group_1096,RepA_N,S,-,Replication initiator protein A (RepA) N-terminus,-
acr3_1~~~acr3,SBF,P,-,Sodium Bile acid symporter family,-
czcD_3,"Cation_efflux,ZT_dimer",P,-,Co Zn Cd efflux system component,-
group_587,-,S,-,Tetratricopeptide repeat,-
group_706,SAP,-,-,-,-
hsdM_1,-,V,-,type I restriction-modification system,-
group_3807,"DDE_Tnp_1,DDE_Tnp_1_6,DUF772",L,-,COG3666 Transposase and inactivated derivatives,-
group_186,-,-,-,-,-
group_1777,HTH_3,K,-,Cro/C1-type HTH DNA-binding domain,-
group_1685,Peptidase_M78,E,-,Pfam:DUF955,-
group_3337,-,V,-,type I restriction-modification system,-
lysC_2,"AA_kinase,ACT_7",E,lysC,Belongs to the aspartokinase family,-
mtlR,"HTH_11,Mga,PRD,PTS_EIIA_2,PTS_IIB",GKT,mtlR,Mga helix-turn-helix domain,-
group_1637,Rep_3,L,-,Initiator Replication protein,-
group_304,-,-,-,-,-
group_1270,DUF2316,S,-,Uncharacterized protein conserved in bacteria (DUF2316),-
group_3338,"EcoR124_C,HSDR_N,ResIII",L,hsdR,"Subunit R is required for both nuclease and ATPase activities, but not for modification",-
bdhA,"ADH_N,ADH_N_assoc,ADH_zinc_N",E,bdhA,Alcohol dehydrogenase GroES-like domain,-
hsdR_3,"EcoR124_C,HSDR_N,ResIII",L,hsdR,"Subunit R is required for both nuclease and ATPase activities, but not for modification",-
hsdM_2~~~hsdM_3,"HsdM_N,Methylase_S,N6_Mtase",V,hsdM,type I restriction-modification system,-
gsiD,"BPD_transp_1,OppC_N",EP,-,Binding-protein-dependent transport system inner membrane component,-
ileS_2,"Anticodon_1,tRNA-synt_1",J,ileS,tRNA synthetases class I (K),-
group_3793,-,L,-,Transposase for ISSha1,-
xni~~~ypcP,"5_3_exonuc,5_3_exonuc_N",L,ypcP,5'-3' exonuclease,-
group_1574,-,S,-,Protein of unknown function (DUF1270),-
group_782,"GIY-YIG,NUMOD3",L,-,NUMOD3 motif (2 copies),-
group_3336,-,D,-,plasmid recombination enzyme,-
nusB,NusB,K,nusB,Involved in transcription antitermination. Required for transcription of ribosomal RNA (rRNA) genes. Binds specifically to the boxA antiterminator sequence of the ribosomal RNA (rrn) operons,-
group_339,-,-,-,-,-
nhoA,Acetyltransf_2,Q,-,Belongs to the arylamine N-acetyltransferase,-
group_590,Abi,S,-,CAAX protease self-immunity,-
group_435,FUSC_2,S,-,Fusaric acid resistance protein-like,-
group_3069,-,-,-,-,-
ysdC_1~~~ysdC_2,Peptidase_M42,G,-,M42 glutamyl aminopeptidase,-
ald1_2~~~ald1~~~ald1_1,"AlaDh_PNT_C,AlaDh_PNT_N",C,ald1,"Alanine dehydrogenase/PNT, C-terminal domain",-
fapR,"4HBT,HTH_DeoR,MaoC_dehydratas",K,fapR,Transcriptional factor involved in regulation of membrane lipid biosynthesis by repressing genes involved in fatty acid and phospholipid metabolism,-
group_3191,-,-,-,-,-
feuB,FecCD,P,fhuB,Belongs to the binding-protein-dependent transport system permease family. FecCD subfamily,-
xerD_2~~~xerD_1,Phage_integrase,L,-,Integrase,-
group_219,DUF177,S,ylbN,"metal-binding, possibly nucleic acid-binding protein",-
group_1686,-,-,-,-,-
mroQ~~~mroQ_1~~~mroQ_2,Abi,S,ydiL,CAAX amino terminal protease family protein,-
alsS~~~alsS_1~~~alsS_2,"TPP_enzyme_C,TPP_enzyme_M,TPP_enzyme_N",EH,alsS,Belongs to the TPP enzyme family,-
group_2328,"HTH_11,WYL",K,-,WYL domain,-
hchA_2~~~hchA_1~~~hchA,DJ-1_PfpI,S,hchA,DJ-1/PfpI family,"GO:0003674,GO:0003700,GO:0006355,GO:0008150,GO:0009889,GO:0010468,GO:0010556,GO:0019219,GO:0019222,GO:0031323,GO:0031326,GO:0050789,GO:0050794,GO:0051171,GO:0051252,GO:0060255,GO:0065007,GO:0080090,GO:0140110,GO:1903506,GO:2000112,GO:2001141"
arsC~~~arsC_2~~~arsC_1,LMWPc,T,arsC,Catalyzes the reduction of arsenate As(V) to arsenite As(III),-
group_541,Methylase_S,V,-,Type I restriction modification DNA specificity domain protein,-
group_155,-,K,-,acetyltransferase,-
group_3043,Thioredoxin,CO,yusE,Thioredoxin,"GO:0003674,GO:0003824,GO:0004791,GO:0005575,GO:0005622,GO:0005623,GO:0005737,GO:0005829,GO:0006950,GO:0006979,GO:0008150,GO:0008152,GO:0009636,GO:0009987,GO:0015035,GO:0015036,GO:0016209,GO:0016491,GO:0016651,GO:0016667,GO:0016668,GO:0016671,GO:0019725,GO:0033554,GO:0034599,GO:0042221,GO:0042592,GO:0044424,GO:0044444,GO:0044464,GO:0045454,GO:0047134,GO:0050789,GO:0050794,GO:0050896,GO:0051716,GO:0055114,GO:0065007,GO:0065008,GO:0070887,GO:0097237,GO:0098754,GO:0098869,GO:1990748"
group_542,"HNH_3,NUMOD4",L,-,HNH endonuclease,-
dnaB_3,-,S,-,DNA helicase activity,-
group_1687,"HNH_3,NUMOD4",L,-,NUMOD4 motif,-
group_1643,-,-,-,-,-
hflX,"GTP-bdg_M,GTP-bdg_N,MMR_HSR1",S,hflX,GTPase that associates with the 50S ribosomal subunit and may have a role during protein synthesis or ribosome biogenesis,"GO:0003674,GO:0005488,GO:0005575,GO:0005622,GO:0005623,GO:0005737,GO:0043021,GO:0043022,GO:0044424,GO:0044464,GO:0044877"
ykoC~~~ecfT_2~~~ykoC_2,CbiQ,P,cbiQ,cobalt transport,-
group_543,-,-,-,-,-
group_544,-,-,-,-,-
vgaA,"ABC_tran,ABC_tran_Xtn",S,-,ATPases associated with a variety of cellular activities,-
group_1325,-,S,-,similarity to EGAD 6135,-
group_482,-,-,-,-,-
group_1272,DUF896,S,-,UPF0291 protein,-
group_1196,-,-,-,-,-
dauA_1~~~dauA,Sulfate_transp,P,-,Sulfate permease,-
yqgN,5-FTHF_cyc-lig,H,fthC,Belongs to the 5-formyltetrahydrofolate cyclo-ligase family,-
group_1552,-,S,-,Phage Conserved Open Reading Frame 51,-
group_1688,-,-,-,-,-
group_310,Hydrolase_3,S,-,Sucrose-6F-phosphate phosphohydrolase,-
thiD~~~thiM,Phos_pyr_kin,H,thiD,Phosphomethylpyrimidine kinase,-
menI,4HBT,Q,yuxO,"protein, possibly involved in aromatic compounds catabolism",-
speA,"OKR_DC_1,OKR_DC_1_C",E,yaaO,Orn Lys Arg decarboxylase,-
group_3352,T4SS-DNA_transf,U,traK,"COG3505 Type IV secretory pathway, VirD4 components",-
group_3353,-,-,-,-,-
topB_1,"Topoisom_bac,Toprim,Toprim_Crpt",L,traI,"Releases the supercoiling and torsional tension of DNA, which is introduced during the DNA replication and transcription, by transiently cleaving and rejoining one strand of the DNA duplex. Introduces a single-strand break via transesterification at a target site in duplex DNA. The scissile phosphodiester is attacked by the catalytic tyrosine of the enzyme, resulting in the formation of a DNA-(5'-phosphotyrosyl)-enzyme intermediate and the expulsion of a 3'-OH DNA strand. The free DNA strand then undergoes passage around the unbroken strand, thus removing DNA supercoils. Finally, in the religation step, the DNA 3'-OH attacks the covalent intermediate to expel the active-site tyrosine and restore the DNA phosphodiester backbone",-
group_3378,-,L,-,"Psort location Cytoplasmic, score",-
group_3355,SSB,L,ssb-2,Single-stranded DNA-binding protein,-
group_3357,AAA_31,D,-,CobQ CobB MinD ParA nucleotide binding domain,-
group_3359,"HTH_3,SinI",K,sinR,transcriptional,"GO:0008150,GO:0009892,GO:0010468,GO:0010605,GO:0010629,GO:0019222,GO:0048519,GO:0050789,GO:0060255,GO:0065007"
group_3360,FRB_dom,S,-,mRNA processing,-
group_3346,"Mrr_cat,zf-C4_Topoisom",V,-,endonuclease distantly related to archaeal Holliday junction resolvase and Mrr-like restriction enzymes,-
group_3361,-,-,-,-,-
group_3363,"HTH_11,HTH_7,Resolvase",L,-,"Resolvase, N terminal domain",-
group_3347,-,-,-,-,-
group_3343,-,-,-,-,-
group_3366,-,-,-,-,-
group_3340,MobA_MobL,S,-,MobA/MobL family,-
group_3368,-,-,-,-,-
group_3370,T4SS_CagC,S,-,"Cag pathogenicity island, type IV secretory system",-
group_3371,-,-,-,-,-
group_3373,-,-,-,-,-
group_3374,DUF87,U,traE,"Psort location Cytoplasmic, score",-
group_3375,YukC,S,-,"WXG100 protein secretion system (Wss), protein YukC",-
group_3376,CHAP,S,-,CHAP domain,-
copB~~~copB_1~~~copB_2,"E1-E2_ATPase,Hydrolase",P,copB,P-type ATPase,-
group_3017,-,-,-,-,-
group_1012,-,-,-,-,-
glpQ~~~glpQ_1~~~glpQ_2,"GDPD,PhoD,PhoD_N",C,glpQ,glycerophosphoryl diester phosphodiesterase,-
group_3179,Aminotran_5,E,sgaA,Aminotransferase,-
group_1692,-,S,-,Phage tail protein,-
group_1693,-,S,-,peptidoglycan catabolic process,"GO:0008150,GO:0016032,GO:0019058,GO:0019068,GO:0044403,GO:0044419,GO:0051704,GO:0098003"
group_1694,-,S,-,peptidoglycan catabolic process,"GO:0008150,GO:0016032,GO:0019058,GO:0019068,GO:0044403,GO:0044419,GO:0051704,GO:0098003"
group_2634,"HTH_38,rve",L,-,"to gi 2673748 emb CAA05973.1 Lactobacillus casei , percent identity 49 in 332 aa, BLASTP E() 2e-77",-
group_312,-,L,-,"transposase and inactivated derivatives, IS30 family",-
group_545,DUF4467,S,-,Domain of unknown function with cystatin-like fold (DUF4467),-
group_546,-,S,yddG,maturation of SSU-rRNA,-
group_1456,-,-,-,-,-
group_549,Rep_trans,L,-,Replication initiation factor,-
group_552,"HTH_19,HTH_3,HTH_31",K,xre,sequence-specific DNA binding,-
group_554,"D5_N,Pox_D5",S,-,"Phage plasmid primase, P4 family",-
group_555,DNA_pol_B,L,-,DNA polymerase elongation subunit (Family B),-
group_557,DUF1351,S,-,Protein of unknown function (DUF1351),-
group_559,Lactamase_B_2,P,-,May be involved in the transport of PQQ or its precursor to the periplasm,-
group_560,-,-,-,-,-
group_597,-,S,-,Protein of unknown function (DUF1108),-
group_1695,-,L,-,COG1943 Transposase and inactivated derivatives,-
group_3254,Abi,S,-,CAAX protease self-immunity,-
group_3234,Hydrolase_4,I,-,alpha/beta hydrolase fold,-
group_3235,-,-,-,-,-
group_3236,PemK_toxin,T,-,"PemK-like, MazF-like toxin of type II toxin-antitoxin system",-
group_3237,Abi,S,-,CAAX protease self-immunity,-
group_3238,DDE_Tnp_IS240,L,-,COG3316 Transposase and inactivated derivatives,-
group_3239,Staphostatin_A,S,-,Staphostatin A,-
rpmF,Ribosomal_L32p,J,rpmF,Belongs to the bacterial ribosomal protein bL32 family,"GO:0003674,GO:0003735,GO:0005198"
group_1696,"PTS_EIIA_1,PTS_EIIB",G,-,"phosphotransferase system, EIIB",-
group_1242,Coagulase,S,-,Staphylococcus aureus coagulase,-
wcdB_1~~~wcdB~~~wcdB_2~~~wbgU,"Epimerase,GDP_Man_Dehyd",M,-,NAD dependent epimerase dehydratase family protein,-
group_1697,-,L,-,PFAM Integrase catalytic region,-
group_3252,-,S,-,COG0433 Predicted ATPase,-
group_3243,-,-,-,-,-
group_3245,AAA_31,D,-,Cellulose biosynthesis protein BcsQ,-
group_3247,-,-,-,-,-
group_3380,DUF1002,S,ypuA,Protein of unknown function (DUF1002),-
group_3387,RadC,L,-,Belongs to the UPF0758 family,-
group_3391,DUF4314,S,-,Domain of unknown function (DUF4314),-
group_3388,-,-,-,-,-
group_3395,-,-,-,-,-
group_3398,YolD,S,-,YolD-like protein,-
group_3265,HTH_3,K,-,Helix-turn-helix XRE-family like proteins,-
repD~~~repE_1~~~repD_2~~~repD_1~~~repN_2,Rep_trans,L,-,Replication initiation factor,-
group_3808,MazG,S,-,MazG nucleotide pyrophosphohydrolase domain protein,-
yclP~~~yclP_1~~~yclP_2,ABC_tran,P,yclP,"ABC transporter, ATP-binding protein",-
group_3794,HTH_3,K,-,Helix-turn-helix,-
lukEv_3~~~lukEv_1~~~lukEv_2,Leukocidin,S,-,cell killing,-
lukDv~~~lukDv_1~~~lukDv_2,-,S,-,cytolysis in other organism,-
group_2106,-,-,-,-,-
yutE,DUF86,S,yutE,Protein of unknown function DUF86,-
group_929,-,V,-,Restriction endonuclease,-
group_108,Epimerase,M,-,epimerase dehydratase family,-
leuC,Aconitase,E,leuC,"Catalyzes the isomerization between 2-isopropylmalate and 3-isopropylmalate, via the formation of 2-isopropylmaleate",-
cap8A_2,"GNVR,Wzz",M,capA,Chain length determinant protein,-
ywqD_2,AAA_31,D,capB,ATPase MipZ,-
ywqE_2,-,GM,ywqE,Capsular polysaccharide biosynthesis protein,-
pglF_1~~~pglF_2,"CoA_binding_3,Polysacc_synt_2",GM,capD,Polysaccharide biosynthesis protein,"GO:0008150,GO:0043900,GO:0043902,GO:0048518,GO:0048522,GO:0050789,GO:0050794,GO:0065007,GO:1900190,GO:1900192"
wbpO,"UDPG_MGDP_dh,UDPG_MGDP_dh_C,UDPG_MGDP_dh_N",M,-,Belongs to the UDP-glucose GDP-mannose dehydrogenase family,-
arnB_2~~~arnB_1,DegT_DnrJ_EryC1,E,spsC,Cys/Met metabolism PLP-dependent enzyme,-
epsL_1~~~epsL_2,"Bac_transf,CoA_binding_3",M,-,COG2148 Sugar transferases involved in lipopolysaccharide synthesis,-
speG,Acetyltransf_3,J,-,"Acetyltransferases, including N-acetylases of ribosomal proteins",-
rizA,ATP-grasp_4,F,-,ATP-grasp domain,-
group_562,"Glyco_trans_1_4,Glyco_trans_4_4,Glyco_transf_4,Glycos_transf_1",M,-,"transferase activity, transferring glycosyl groups",-
dapH_3~~~dapH_2,-,M,-,Glycosyltransferase group 2 family protein,-
mshA,"Glyco_trans_4_2,Glyco_transf_4,Glycos_transf_1",M,-,Glycosyl transferases group 1,-
group_563,-,S,-,polysaccharide biosynthetic process,-
group_564,Wzy_C,M,-,O-Antigen ligase,-
group_464,RadC,L,-,RadC-like JAB domain,-
group_565,"Lactamase_B,Rhodanese",P,baeB,Rhodanese Homology Domain,-
group_1310,"HTH_21,rve",L,-,transposase,-
group_329,-,S,-,"hydrolase activity, acting on acid anhydrides",-
group_1515,Abi_2,V,-,Abi-like protein,-
group_2122,-,-,-,-,-
group_1698,DUF536,S,-,"Protein of unknown function, DUF536",-
group_1699,RepA_N,S,-,Replication initiator protein A (RepA) N-terminus,-
group_1231,DUF927,L,-,Domain of unknown function (DUF927),-
yacL_2~~~yacL_1~~~yacL,TRAM,S,yacL,PIN domain,"GO:0005575,GO:0005618,GO:0005623,GO:0030312,GO:0044464,GO:0071944"
ubiG,"Methyltransf_11,Methyltransf_25",Q,-,Protein of unknown function (DUF1698),-
fib,efb-c,S,-,Extracellular fibrinogen binding protein C terminal,-
group_376,-,S,-,Terminase small subunit,-
group_3796,-,-,-,-,-
gpsB,DivIVA,D,gpsB,"Divisome component that associates with the complex late in its assembly, after the Z-ring is formed, and is dependent on DivIC and PBP2B for its recruitment to the divisome. Together with EzrA, is a key component of the system that regulates PBP1 localization during cell cycle progression. Its main role could be the removal of PBP1 from the cell pole after pole maturation is completed. Also contributes to the recruitment of PBP1 to the division complex. Not essential for septum formation",-
group_3582,Relaxase,U,-,Relaxase/Mobilisation nuclease domain,-
group_1629,-,S,-,Protein of unknown function (DUF3269),-
nagA,Amidohydro_1,G,nagA,Belongs to the metallo-dependent hydrolases superfamily. NagA family,"GO:0003674,GO:0003824,GO:0005488,GO:0005506,GO:0005515,GO:0006040,GO:0006044,GO:0006046,GO:0008150,GO:0008152,GO:0008448,GO:0009056,GO:0016787,GO:0016810,GO:0016811,GO:0019213,GO:0042802,GO:0042803,GO:0043167,GO:0043169,GO:0046348,GO:0046872,GO:0046914,GO:0046983,GO:0071704,GO:1901071,GO:1901072,GO:1901135,GO:1901136,GO:1901575"
group_3364,-,-,-,-,-
tcaA_2,-,S,-,response to antibiotic,-
group_3344,YolD,S,-,YolD-like protein,-
group_3345,Abi,S,-,CAAX protease self-immunity,-
group_3372,Peptidase_M78,E,-,Pfam:DUF955,-
group_3046,-,-,-,-,-
mqo1~~~mqo1_2~~~mqo1_1,Mqo,C,mqo,malate quinone oxidoreductase,-
group_801,DUF4355,S,-,Domain of unknown function (DUF4355),-
group_733,-,-,-,-,-
rlmL~~~rlmI,Methyltrans_SAM,J,ywbD,S-adenosylmethionine-dependent methyltransferase,-
group_65,-,-,-,-,-
group_1263,"DUF2179,YitT_membrane",S,ydeO,"Uncharacterised 5xTM membrane BCR, YitT family COG1284",-
menG~~~menG_2~~~menG_1,Ubie_methyltran,H,menG,Methyltransferase required for the conversion of demethylmenaquinol (DMKH2) to menaquinol (MKH2),"GO:0003674,GO:0003824,GO:0006732,GO:0008150,GO:0008152,GO:0008168,GO:0009058,GO:0009108,GO:0009233,GO:0009234,GO:0009987,GO:0016740,GO:0016741,GO:0032259,GO:0042180,GO:0042181,GO:0044237,GO:0044249,GO:0044281,GO:0044283,GO:0051186,GO:0051188,GO:0071704,GO:1901576,GO:1901661,GO:1901663"
entA_2,-,S,-,"Staphylococcal/Streptococcal toxin, OB-fold domain",-
tig_2~~~tig,"FKBP_C,Trigger_C,Trigger_N",D,tig,Involved in protein export. Acts as a chaperone by maintaining the newly synthesized protein in an open conformation. Functions as a peptidyl-prolyl cis-trans isomerase,"GO:0005575,GO:0005622,GO:0005623,GO:0005737,GO:0044424,GO:0044464"
group_3809,Multi_Drug_Res,P,ebrB,Small Multidrug Resistance protein,"GO:0005575,GO:0005623,GO:0005886,GO:0005887,GO:0006810,GO:0008150,GO:0016020,GO:0016021,GO:0031224,GO:0031226,GO:0044425,GO:0044459,GO:0044464,GO:0051179,GO:0051234,GO:0055085,GO:0071944"
group_895,Rep_1,L,-,RePlication protein,-
group_569,-,S,-,HNH endonuclease,-
group_1104,"HTH_38,rve",L,-,"to gi 2673748 emb CAA05973.1 Lactobacillus casei , percent identity 49 in 332 aa, BLASTP E() 2e-77",-
group_1023,-,-,-,-,-
group_3400,DUF576,M,-,Belongs to the staphylococcal tandem lipoprotein family,-
group_3401,-,S,-,Terminase small subunit,-
group_3402,DUF4065,S,-,Protein of unknown function (DUF4065),-
group_1700,-,-,-,-,-
yjdF,DUF2992,S,yjdF3,Protein of unknown function (DUF2992),-
group_1519,MarR,K,-,regulator,-
group_3271,Replic_Relax,S,-,Replication-relaxation,-
group_3267,Endonuclea_NS_2,F,-,DNA/RNA non-specific endonuclease,-
group_3268,PriCT_1,K,repE,Primase C terminal 1 (PriCT-1),-
hin_2,"HTH_7,Resolvase",L,-,"Resolvase, N terminal domain",-
yjjG,HAD_2,S,-,HAD-hyrolase-like,-
group_570,NUDIX,F,-,NUDIX domain,-
group_571,EamA,EG,-,COG0697 Permeases of the drug metabolite transporter (DMT) superfamily,-
group_3383,-,S,-,response to antibiotic,-
group_1373,-,-,-,-,-
group_1701,"DUF3991,Toprim_2",L,-,"Psort location Cytoplasmic, score",-
group_1702,-,-,-,-,-
group_1703,MobC,S,-,"Psort location Cytoplasmic, score",-
group_1704,Relaxase,U,-,"Psort location Cytoplasmic, score",-
group_1705,-,S,-,"Psort location Cytoplasmic, score",-
group_1706,-,S,-,"Psort location Cytoplasmic, score",-
rhaR_2,"HTH_18,Response_reg",T,-,"helix_turn_helix, arabinose operon control protein",-
optrA,"ABC_tran,ABC_tran_CTD,ABC_tran_Xtn",S,-,ABC transporter C-terminal domain,-
group_3255,-,L,-,PFAM Integrase catalytic region,-
group_3404,Methylase_S,V,-,Type I restriction modification DNA specificity domain protein,-
group_1773,Methylase_S,V,-,Type I restriction modification DNA specificity domain,-
group_1464,-,S,-,Protein of unknown function (DUF1108),-
nfrA~~~nfrA_1~~~nfrA_2,Nitroreductase,C,nfrA,"Reduces FMN, organic nitro compounds and disulfide DTNB. Involved in maintenance of the cellular redox state and the disulfide stress response",-
group_3140,-,O,-,PFAM glycoside hydrolase family 39,-
group_1707,Phage_Mu_F,S,-,"head morphogenesis protein, SPP1 gp7 family",-
group_2656,HTH_3,K,-,Helix-turn-helix XRE-family like proteins,-
group_713,"Fic,Fic_N",S,-,Fic/DOC family N-terminal,-
group_3405,DinB_2,S,yfiT,DinB superfamily,-
truB~~~truB_2~~~truB_1,"TruB-C_2,TruB_C_2,TruB_N",J,truB,Responsible for synthesis of pseudouridine from uracil- 55 in the psi GC loop of transfer RNAs,"GO:0001522,GO:0003674,GO:0003824,GO:0006139,GO:0006396,GO:0006399,GO:0006400,GO:0006725,GO:0006807,GO:0008033,GO:0008150,GO:0008152,GO:0009451,GO:0009982,GO:0009987,GO:0010467,GO:0016070,GO:0016071,GO:0016556,GO:0016853,GO:0016866,GO:0034470,GO:0034641,GO:0034660,GO:0043170,GO:0043412,GO:0044237,GO:0044238,GO:0046483,GO:0071704,GO:0090304,GO:1901360,GO:1990481"
group_2178,"Dak1_2,Dak2",S,yloV,kinase related to dihydroxyacetone kinase,-
pbp4,"DUF1958,PBP5_C,Peptidase_S11",M,pbp4,Belongs to the peptidase S11 family,-
cidA,LrgA,S,cidA,"Increases the activity of extracellular murein hydrolases possibly by mediating their export via hole formation. Inhibited by the antiholin-like proteins LrgAB. In an unstressed cell, the LrgAB products probably inhibit the function of the CidAB proteins. When a cell is stressed by the addition of antibiotics or by other factors in the environment, the CidAB proteins possibly oligomerize within the bacterial cell membrane, creating lesions that disrupt the proton motive force, which in turn results in loss of cell viability. These lesions are also hypothesized to regulate the subsequent cell lysis by either allowing the murein hydrolases access to the cell wall substrate and or regulating their activity by a",-
group_1709,-,L,-,COG1943 Transposase and inactivated derivatives,-
group_3406,DUF2513,S,-,Hypothetical protein (DUF2513),-
group_1339,"HTH_19,HTH_26,HTH_3,Lac_bphage_repr",K,-,Cro/C1-type HTH DNA-binding domain,-
group_1710,Abi,S,-,CAAX protease self-immunity,-
tmcAL,HIGH_NTase1,S,ylbM,Belongs to the UPF0348 family,-
ssl1_1,-,S,-,Staphylococcal superantigen-like OB-fold domain,-
group_3408,-,S,-,HNH endonuclease,-
group_174,"Terminase_3,Terminase_3C",S,-,Terminase RNAseH like domain,-
group_2966,-,-,-,-,-
group_2965,-,-,-,-,-
group_1564,-,-,-,-,-
lpl2_2,-,M,-,Belongs to the staphylococcal tandem lipoprotein family,-
hgaIAM,DNA_methylase,H,-,C-5 cytosine-specific DNA methylase,-
group_3410,Eco57I,L,-,Eco57I restriction-modification methylase,-
group_3411,"HNH,HNH_4,HNH_5",V,-,endonuclease activity,-
group_3171,-,S,-,Protein of unknown function (DUF3102),-
group_220,-,-,-,-,-
group_921,-,-,-,-,-
group_594,ERF,S,-,ERF superfamily,-
group_3412,3-dmu-9_3-mt,S,phnB3,3-demethylubiquinone-9 3-methyltransferase domain protein,-
group_1386,-,-,-,-,-
bbp,-,M,-,C-terminus of bacterial fibrinogen-binding adhesin,-
sasG~~~sasG_1~~~sasG_2,"G5,SasG_E",S,-,G5,-
pre_1~~~pre_2~~~pre_5~~~pre_3~~~pre,Mob_Pre,D,-,Plasmid recombination enzyme,-
group_1245,HTH_5,K,-,arsenical resistance operon repressor,-
chrA,Chromate_transp,P,-,Chromate transporter,-
group_1711,-,L,-,Transposase for ISSha1,-
group_1712,Gamma_PGA_hydro,S,-,Pfam:DUF867,-
group_1713,Gamma_PGA_hydro,S,-,Pfam:DUF867,-
lagD,"ABC_membrane,ABC_tran,Peptidase_C39",V,-,"TIGRFAM NHLM bacteriocin system ABC transporter, peptidase ATP-binding protein",-
group_2082,-,-,-,-,-
group_3128,"K_oxygenase,NAD_binding_9,Pyr_redox_3",P,-,L-lysine 6-monooxygenase (NADPH-requiring),-
group_2099,ThiF,H,moeB,molybdopterin biosynthesis protein moeB,-
kdpE~~~kdpE_1~~~kdpE_2,"Response_reg,Trans_reg_C",KT,kdpE,"Transcriptional regulatory protein, C terminal",-
cvfB,S1_2,S,yitL,Virulence factor B,-
group_1575,Acetyltransf_1,K,-,Acetyltransferase (GNAT) domain,-
ytpA~~~ytpA_1,"FhuF,IucA_IucC",Q,-,Siderophore biosynthesis protein,-
lytH~~~lytH_2~~~lytH_1,"Amidase_3,SH3_3",M,lytH,Probably involved in cell-wall metabolism,"GO:0005575,GO:0005623,GO:0030288,GO:0030313,GO:0031975,GO:0042597,GO:0044464"
group_1624,-,-,-,-,-
group_985,-,-,-,-,-
group_1384,-,-,-,-,-
nanA~~~nanA_1~~~nanA_2,DHDPS,EM,nanA,Neu5Ac) to form pyruvate and N-acetylmannosamine (ManNAc) via a Schiff base intermediate,-
isdA,"Gram_pos_anchor,NEAT,YSIRK_signal",M,isdA,Iron Transport-associated domain,-
obg_1,"DUF1967,GTP1_OBG,MMR_HSR1",S,obg,"An essential GTPase which binds GTP, GDP and possibly (p)ppGpp with moderate affinity, with high nucleotide exchange rates and a fairly low GTP hydrolysis rate. Plays a role in control of the cell cycle, stress response, ribosome biogenesis and in those bacteria that undergo differentiation, in morphogenesis control","GO:0000003,GO:0000160,GO:0000166,GO:0001882,GO:0001883,GO:0003674,GO:0005488,GO:0005525,GO:0007154,GO:0007165,GO:0008150,GO:0009987,GO:0017076,GO:0019001,GO:0019954,GO:0023052,GO:0030436,GO:0032502,GO:0032549,GO:0032550,GO:0032553,GO:0032555,GO:0032561,GO:0035556,GO:0035639,GO:0036094,GO:0043167,GO:0043168,GO:0043934,GO:0050789,GO:0050794,GO:0050896,GO:0051716,GO:0065007,GO:0097159,GO:0097367,GO:1901265,GO:1901363"
suhB_2~~~suhB_1,Inositol_P,G,suhB,Inositol monophosphatase,"GO:0003674,GO:0003824,GO:0005975,GO:0006020,GO:0006066,GO:0006793,GO:0006796,GO:0007154,GO:0007165,GO:0008150,GO:0008152,GO:0008934,GO:0009056,GO:0009987,GO:0016311,GO:0016787,GO:0016788,GO:0016791,GO:0019637,GO:0019751,GO:0023052,GO:0042578,GO:0043647,GO:0044237,GO:0044238,GO:0044262,GO:0044281,GO:0044282,GO:0046164,GO:0046174,GO:0046434,GO:0046838,GO:0046855,GO:0050789,GO:0050794,GO:0050896,GO:0051716,GO:0052745,GO:0052834,GO:0065007,GO:0071545,GO:0071704,GO:1901575,GO:1901615,GO:1901616"
group_1428,Wzz,M,capA,Chain length determinant protein,-
group_500,DUF3169,S,-,Protein of unknown function (DUF3169),-
group_1718,-,-,-,-,-
group_3415,Methylase_S,V,-,type I restriction modification DNA specificity domain,-
group_3416,-,S,-,Protein of unknown function (DUF3102),-
group_3418,-,-,-,-,-
group_1276,"GGDEF,PAS_9,dCache_1",T,-,diguanylate cyclase activity,-
group_1277,DHFR_1,H,folA,"Key enzyme in folate metabolism. Catalyzes an essential reaction for de novo glycine and purine synthesis, and for DNA precursor synthesis",-
group_1278,DNA_binding_1,L,-,"6-O-methylguanine DNA methyltransferase, DNA binding domain",-
group_1279,HTH_3,K,-,Cro/C1-type HTH DNA-binding domain,-
group_1280,Rep_trans,K,-,Replication initiation factor,-
group_1281,Tn916-Xis,S,-,Excisionase from transposon Tn916,-
IntTn_2,"Integrase_DNA,Phage_int_SAM_5,Phage_integrase",L,-,DNA binding domain of tn916 integrase,-
group_1719,AAA_23,L,-,DNA recombination,-
group_572,ParBc,K,-,ParB-like nuclease domain,-
group_573,"MFS_1,MFS_3",G,-,Major Facilitator Superfamily,-
group_1283,Fructosamin_kin,G,-,Fructosamine kinase,-
group_595,-,-,-,-,-
group_688,-,-,-,-,-
group_1720,-,M,-,LXG domain of WXG superfamily,-
group_3419,Methylase_S,V,-,Type I restriction modification DNA specificity domain,-
group_1721,HTH_26,K,-,Cro/C1-type HTH DNA-binding domain,-
group_225,DUF5080,S,-,Domain of unknown function (DUF5080),-
mdrP~~~mdrP_1,"MFS_1,MFS_3,Sugar_tr",EGP,lmrP,Major Facilitator Superfamily,-
pknD,Pkinase,KLT,-,Protein tyrosine kinase,-
rhlB,"Helicase_C,PLDc_2,SNF2_N",L,-,helicase activity,-
group_576,ParBc,K,-,DNA binding,-
sraP~~~sraP_1~~~sraP_2,"Big_2,CHU_C,Gram_pos_anchor,He_PIG,YSIRK_signal",DZ,-,"domain, Protein",-
group_577,Abi_2,V,-,Abi-like protein,-
group_994,"TetR_C_8,TetR_N",K,XK27_06935,Transcriptional regulator,-
group_3422,-,S,-,Pfam PF07252,-
group_1722,Methylase_S,V,-,Type I restriction modification DNA specificity domain protein,-
group_1723,"DDE_Tnp_1,DDE_Tnp_1_6,DUF772",L,-,COG3666 Transposase and inactivated derivatives,-
group_1724,"DDE_Tnp_1,DDE_Tnp_1_6,DUF772",L,-,COG3666 Transposase and inactivated derivatives,-
srtB,Sortase,S,srtB,Sortase family,-
cat~~~cat_1,CAT,V,catB,This enzyme is an effector of chloramphenicol resistance in bacteria,-
group_1616,Nfu_N,C,-,Scaffold protein Nfu/NifU N terminal,-
ermC~~~ermC_1~~~ermC_1~~~ermC,RrnaAD,J,-,Specifically dimethylates two adjacent adenosines (A1518 and A1519) in the loop of a conserved hairpin near the 3'-end of 16S rRNA in the 30S particle. May play a critical role in biogenesis of 30S subunits,-
menE_1~~~menE_2~~~menE,"AMP-binding,AMP-binding_C",H,menE,Belongs to the ATP-dependent AMP-binding enzyme family. MenE subfamily,-
rep,"UvrD-helicase,UvrD_C",L,-,UvrD/REP helicase N-terminal domain,-
hsdS,Methylase_S,V,-,Type I restriction modification DNA specificity domain,-
group_958,DNA_pol_A,-,-,-,-
group_23,-,-,-,-,-
gltS_1~~~gltS~~~gltS_2,Glt_symporter,P,gltS,Catalyzes the sodium-dependent transport of glutamate,-
opuD_3~~~opuD_2~~~opuD_1,BCCT,U,opuD,Belongs to the BCCT transporter (TC 2.A.15) family,"GO:0005575,GO:0005623,GO:0005886,GO:0006810,GO:0006811,GO:0006812,GO:0008150,GO:0015695,GO:0015696,GO:0015697,GO:0015838,GO:0016020,GO:0031460,GO:0044464,GO:0051179,GO:0051234,GO:0071702,GO:0071705,GO:0071944,GO:0072337"
group_3423,DUF1108,S,-,Protein of unknown function (DUF1108),-
group_1725,-,-,-,-,-
group_1351,-,S,-,DNA binding,-
group_2904,-,S,-,Pfam:Terminase_3C,-
group_578,-,S,-,Phage minor structural protein GP20,-
group_2721,-,-,-,-,-
group_579,Phage_TAC_12,S,-,"Phage tail assembly chaperone protein, TAC",-
group_780,-,S,-,peptidoglycan catabolic process,"GO:0008150,GO:0016032,GO:0019058,GO:0019068,GO:0044403,GO:0044419,GO:0051704,GO:0098003"
group_3424,-,S,-,Domain of unknown function (DUF2479),-
nikB_1,BPD_transp_1,P,nikB1,permease,"GO:0003674,GO:0005215,GO:0006810,GO:0008150,GO:0022857,GO:0051179,GO:0051234,GO:0055085"
selX_1,Stap_Strp_tox_C,S,-,"Staphylococcal/Streptococcal toxin, beta-grasp domain",-
group_1728,-,S,-,cell killing,-
group_1729,-,M,-,cell killing,-
group_1730,-,-,-,-,-
group_1732,"HTH_3,Peptidase_S24",K,-,Peptidase S24-like,-
group_1733,HTH_3,K,-,Helix-turn-helix XRE-family like proteins,-
group_1737,DUF2829,S,-,Protein of unknown function (DUF2829),-
group_1738,-,-,-,-,-
group_1739,-,-,-,-,-
group_1740,DUF2513,S,-,Hypothetical protein (DUF2513),-
group_456,DUF1024,S,-,Protein of unknown function (DUF1024),-
ywqA~~~ywqA_2,-,S,-,Virulence-associated protein E,-
group_1741,YozE_SAM_like,S,-,Belongs to the UPF0346 family,-
group_1200,-,S,-,peptidase activity,"GO:0005575,GO:0019012,GO:0044423,GO:0098015,GO:0098026"
group_1742,-,-,-,-,-
group_1743,-,-,-,-,-
group_1744,-,-,-,-,-
group_1745,-,-,-,-,-
group_1746,-,S,-,Phage tail protein,-
group_1747,-,S,-,peptidoglycan catabolic process,-
group_1748,-,-,-,-,-
group_1749,-,-,-,-,-
group_1750,DUF2479,S,-,Domain of unknown function (DUF2479),-
group_1753,Phage_holin_1,S,-,COG5546 Small integral membrane protein,-
group_1285,"CHAP,SH3_5",S,-,CHAP domain,-
group_1754,"GA-like,Gram_pos_anchor",D,-,LPXTG cell wall anchor motif,-
group_1755,DUF1093,S,-,Protein of unknown function (DUF1093),-
group_1756,-,-,-,-,-
ssl5_1,"SSL_OB,Stap_Strp_tox_C",S,-,Staphylococcal superantigen-like OB-fold domain,-
fnbA,-,M,-,C-terminus of bacterial fibrinogen-binding adhesin,-
group_1757,A_deaminase,F,add,Adenosine/AMP deaminase,-
group_1758,-,P,-,Protein of unknown function (DUF418),-
group_1760,-,S,-,Bacteriophage holin,-
sak,Staphylokinase,M,-,Staphylokinase/Streptokinase family,-
yhhS,"MFS_1,Sugar_tr",EGP,-,Major facilitator,-
xerC_5,-,S,-,Phage integrase family,"GO:0006139,GO:0006259,GO:0006725,GO:0006807,GO:0008150,GO:0008152,GO:0009987,GO:0015074,GO:0034641,GO:0043170,GO:0044237,GO:0044238,GO:0044260,GO:0046483,GO:0071704,GO:0090304,GO:1901360"
group_2268,-,-,-,-,-
group_1776,HTH_3,K,-,Helix-turn-helix XRE-family like proteins,-
group_1617,-,S,-,Protein of unknown function (DUF1064),-
group_1761,-,-,-,-,-
group_1763,RepA_N,S,repA,Replication initiator protein A (RepA) N-terminus,-
soj,AAA_31,D,soj,CobQ CobB MinD ParA nucleotide binding domain protein,-
group_1764,-,-,-,-,-
tnaA1,Beta_elim_lyase,H,tnaA,Beta-eliminating lyase,-
group_1766,"SSL_OB,Stap_Strp_tox_C",S,-,Staphylococcal superantigen-like OB-fold domain,-
group_1767,-,S,-,2-Nitropropane dioxygenase,-
group_1768,"Hydrolase_like,VanW",V,-,VanW like protein,-
group_1769,"Hydrolase_like,VanW",V,-,VanW like protein,-
vanW,VanW,V,-,vancomycin resistance protein,-
group_1772,Coagulase,S,-,Staphylococcus aureus coagulase,-
ubiE_2~~~ubiG~~~bioC_2~~~ubiE_1,Methyltransf_11,Q,-,Thiopurine S-methyltransferase (TPMT),-
group_3790,Relaxase,U,-,Relaxase/Mobilisation nuclease domain,-
group_1011,-,-,-,-,-
group_1507,TetR_N,K,-,Transcriptional regulator,-
group_9,Metallophos,S,-,Calcineurin-like phosphoesterase superfamily domain,-
manB,"CBS,NTP_transferase",JM,-,PFAM Nucleotidyl transferase,-
oppD_1~~~sapD~~~dppD~~~oppD_2,-,P,-,Belongs to the ABC transporter superfamily,-
group_3116,-,S,-,Mazg nucleotide pyrophosphohydrolase,-
group_166,-,-,-,-,-
garL_1~~~garL,HpcH_HpaI,G,-,HpcH/HpaI aldolase/citrate lyase family,-
group_1063,-,S,-,Protein of unknown function (DUF2815),-
group_1286,-,S,-,YopX protein,-
sdrD,-,M,-,protein which possibly mediates interactions of S.aureus with components of the extracellular matrix of higher eukaryotes,-
group_3431,-,S,-,sequence-specific DNA binding,"GO:0001047,GO:0001067,GO:0003674,GO:0003676,GO:0003677,GO:0005488,GO:0005515,GO:0005575,GO:0006355,GO:0008150,GO:0009889,GO:0009890,GO:0009892,GO:0010468,GO:0010556,GO:0010558,GO:0010605,GO:0010629,GO:0010944,GO:0016032,GO:0019012,GO:0019042,GO:0019044,GO:0019219,GO:0019222,GO:0031323,GO:0031324,GO:0031326,GO:0031327,GO:0042802,GO:0043900,GO:0043902,GO:0043903,GO:0044212,GO:0044403,GO:0044419,GO:0045892,GO:0045934,GO:0046782,GO:0048518,GO:0048519,GO:0048523,GO:0048524,GO:0050434,GO:0050789,GO:0050792,GO:0050794,GO:0051171,GO:0051172,GO:0051252,GO:0051253,GO:0051704,GO:0060255,GO:0065007,GO:0080090,GO:0097159,GO:1901363,GO:1902679,GO:1903506,GO:1903507,GO:2000112,GO:2000113,GO:2001141"
group_1518,DUF4870,S,-,Domain of unknown function (DUF4870),-
group_581,HNH,L,-,HNH endonuclease,-
group_582,DUF4357,L,-,Domain of unknown function (DUF4357),-
group_584,-,V,-,HNH endonuclease,-
group_585,UPF0020,L,-,Putative RNA methylase family UPF0020,-
group_586,N6_N4_Mtase,L,-,DNA methylase,-
ziaR,HTH_5,K,czrA,"helix_turn_helix, Arsenical Resistance Operon Repressor",-
fokIR_1,"Endonuc-FokI_C,FokI_C,FokI_N,Type2_restr_D3",L,-,"Restriction endonuclease FokI, C terminal",-
btuF,Peripla_BP_2,P,yvrC,ABC transporter,-
group_377,"LytTR,Response_reg",K,agrA,Regulator,-
group_2318,HTH_17,S,-,Helix-turn-helix domain,-
group_1779,Abi_2,V,-,Abi-like protein,-
glyA~~~glyA_1~~~glyA_2,SHMT,E,glyA,"Catalyzes the reversible interconversion of serine and glycine with tetrahydrofolate (THF) serving as the one-carbon carrier. This reaction serves as the major source of one-carbon groups required for the biosynthesis of purines, thymidylate, methionine, and other important biomolecules. Also exhibits THF- independent aldolase activity toward beta-hydroxyamino acids, producing glycine and aldehydes, via a retro-aldol mechanism",-
group_1385,-,-,-,-,-
group_1781,DUF4868,S,-,Domain of unknown function (DUF4868),-
group_1782,-,-,-,-,-
group_3434,-,L,-,Belongs to the 'phage' integrase family,-
group_3435,-,-,-,-,-
group_3436,-,-,-,-,-
group_3437,Phage_integrase,L,-,viral genome integration into host DNA,-
group_3438,Phage_integrase,L,-,viral genome integration into host DNA,-
group_3439,-,-,-,-,-
group_3441,-,L,-,"Resolvase, N terminal domain",-
group_3442,-,-,-,-,-
group_3443,-,T,-,Nacht domain,-
group_1783,"HTH_7,Resolvase",L,-,"Resolvase, N terminal domain",-
fosB~~~fosB_2,Glyoxalase,E,fosB,Metallothiol transferase which confers resistance to fosfomycin by catalyzing the addition of a thiol cofactor to fosfomycin. L-cysteine is probably the physiological thiol donor,-
group_1784,-,S,-,nucleotidyltransferase activity,-
group_1785,HsdM_N,V,-,type I restriction-modification system,-
group_1786,HTH_26,K,-,Cro/C1-type HTH DNA-binding domain,-
group_3444,RepA_N,S,repA,Replication initiator protein A (RepA) N-terminus,-
group_158,-,-,-,-,-
group_247,"T4SS-DNA_transf,TraG-D_C",U,-,PFAM TraG,-
group_3071,Nitroreductase,S,XK27_02070,Nitroreductase family,-
dtd~~~dtd_2~~~dtd_1,Tyr_Deacylase,J,dtd,"rejects L-amino acids rather than detecting D-amino acids in the active site. By recycling D-aminoacyl-tRNA to D-amino acids and free tRNA molecules, this enzyme counteracts the toxicity associated with the formation of D-aminoacyl-tRNA entities in vivo and helps enforce protein L-homochirality","GO:0002161,GO:0003674,GO:0003824,GO:0005575,GO:0005622,GO:0005623,GO:0005737,GO:0006139,GO:0006399,GO:0006450,GO:0006725,GO:0006807,GO:0008150,GO:0008152,GO:0009987,GO:0016070,GO:0016787,GO:0016788,GO:0034641,GO:0034660,GO:0043170,GO:0044237,GO:0044238,GO:0044424,GO:0044464,GO:0046483,GO:0051499,GO:0051500,GO:0052689,GO:0065007,GO:0065008,GO:0071704,GO:0090304,GO:0106074,GO:0140098,GO:0140101,GO:1901360"
group_3445,-,-,-,-,-
group_3447,"ANT,Phage_pRha",S,-,Phage regulatory protein Rha (Phage_pRha),-
group_3448,"HIT,HNH,HNH_5",V,-,endonuclease activity,-
group_2299,-,-,-,-,-
essC_1,"FHA,FtsK_SpoIIIE,FtsK_SpoIIIE_N",D,essC,the current gene model (or a revised gene model) may contain a frame shift,-
nupC_2~~~nupC_1,"Gate,Nucleos_tra2_C,Nucleos_tra2_N",F,nupC,Na+ dependent nucleoside transporter C-terminus,-
group_1787,Abi_2,V,-,Abortive infection bacteriophage resistance protein,-
ydbM_1~~~ydbM~~~ydbM_2~~~ydbM_3,"Acyl-CoA_dh_1,Acyl-CoA_dh_2,Acyl-CoA_dh_M,Acyl-CoA_dh_N",I,ydbM,acyl-CoA dehydrogenase,-
leuB~~~leuB_2~~~leuB_1,Iso_dh,CE,leuB,Catalyzes the oxidation of 3-carboxy-2-hydroxy-4- methylpentanoate (3-isopropylmalate) to 3-carboxy-4-methyl-2- oxopentanoate. The product decarboxylates to 4-methyl-2 oxopentanoate,"GO:0003674,GO:0003824,GO:0003862,GO:0005575,GO:0005622,GO:0005623,GO:0005737,GO:0005829,GO:0006082,GO:0006520,GO:0006551,GO:0006807,GO:0008150,GO:0008152,GO:0008652,GO:0009058,GO:0009081,GO:0009082,GO:0009098,GO:0009987,GO:0016053,GO:0016491,GO:0016614,GO:0016616,GO:0019752,GO:0043436,GO:0044237,GO:0044238,GO:0044249,GO:0044281,GO:0044283,GO:0044424,GO:0044444,GO:0044464,GO:0046394,GO:0055114,GO:0071704,GO:1901564,GO:1901566,GO:1901576,GO:1901605,GO:1901607"
group_425,DUF2188,-,ydaT,-,-
group_360,-,L,-,PFAM Integrase catalytic region,-
rpoA_1~~~rpoA_2,"RNA_pol_A_CTD,Sigma70_r4",K,-,RNA polymerase activity,-
ppaC_2,"DHH,DHHA1",T,yybT,signaling protein consisting of a modified GGDEF domain and a DHH domain,-
msrA1,PMSR,O,msrA,Has an important function as a repair enzyme for proteins that have been inactivated by oxidation. Catalyzes the reversible oxidation-reduction of methionine sulfoxide in proteins to methionine,-
efeM,Peptidase_M75,P,ycdO,Imelysin,"GO:0000041,GO:0006810,GO:0006811,GO:0006812,GO:0006826,GO:0008150,GO:0015684,GO:0030001,GO:0051179,GO:0051234,GO:0070838,GO:0072511"
argO_2,LysE,S,-,LysE type translocator,-
rtxC,FA_desaturase,I,-,Fatty acid desaturase,-
group_1789,RE_AlwI,L,-,AlwI restriction endonuclease,-
fokIM,MethyltransfD12,H,-,Site-specific DNA-methyltransferase (Adenine-specific),-
group_1790,MethyltransfD12,L,-,D12 class N6 adenine-specific DNA methyltransferase,-
group_1791,-,-,-,-,-
group_3450,DDE_Tnp_IS240,L,-,COG3316 Transposase and inactivated derivatives,-
group_1792,NMT1,P,thiY,NMT1/THI5 like,-
group_1121,DUF1413,S,-,Domain of unknown function (DUF1413),-
group_1794,Methylase_S,V,-,Type I restriction modification DNA specificity domain protein,-
ssl5_2~~~ssl5_1~~~ssl5~~~ssl1_2~~~ssl1_1,"SSL_OB,Stap_Strp_tox_C",S,-,Staphylococcal superantigen-like OB-fold domain,-
group_1795,Phage_Mu_F,S,-,"head morphogenesis protein, SPP1 gp7 family",-
cysJ~~~cysJ_1~~~cysJ_2,"FAD_binding_1,Flavodoxin_1,NAD_binding_1",C,cysJ,Component of the sulfite reductase complex that catalyzes the 6-electron reduction of sulfite to sulfide. This is one of several activities required for the biosynthesis of L- cysteine from sulfate. The flavoprotein component catalyzes the electron flow from NADPH - FAD - FMN to the hemoprotein component,-
group_353,-,-,-,-,-
group_3452,RepL,K,-,Firmicute plasmid replication protein (RepL),-
group_2174,UPF0052,S,yvcK,Required for morphogenesis under gluconeogenic growth conditions,-
group_3453,DUF576,M,-,Csa1 family,-
dut_1~~~dut_2~~~dut~~~dut_3,-,S,-,dUTPase,"GO:0003674,GO:0003824,GO:0003964,GO:0004170,GO:0005488,GO:0005515,GO:0005575,GO:0006139,GO:0006259,GO:0006278,GO:0006725,GO:0006807,GO:0008150,GO:0008152,GO:0009058,GO:0009059,GO:0009987,GO:0016462,GO:0016740,GO:0016772,GO:0016779,GO:0016787,GO:0016817,GO:0016818,GO:0018130,GO:0018995,GO:0019012,GO:0019438,GO:0020002,GO:0030430,GO:0033643,GO:0033644,GO:0033646,GO:0033647,GO:0033648,GO:0033655,GO:0034061,GO:0034641,GO:0034645,GO:0034654,GO:0042802,GO:0043170,GO:0043656,GO:0043657,GO:0044174,GO:0044184,GO:0044215,GO:0044216,GO:0044217,GO:0044218,GO:0044237,GO:0044238,GO:0044249,GO:0044260,GO:0044271,GO:0044279,GO:0046483,GO:0047429,GO:0071704,GO:0071897,GO:0072494,GO:0090304,GO:0140097,GO:1901360,GO:1901362,GO:1901576"
group_1796,MFS_1,EGP,yubD,Major Facilitator Superfamily,"GO:0003674,GO:0005215,GO:0005575,GO:0005623,GO:0005886,GO:0005887,GO:0006810,GO:0008150,GO:0016020,GO:0016021,GO:0022857,GO:0031224,GO:0031226,GO:0044425,GO:0044459,GO:0044464,GO:0051179,GO:0051234,GO:0055085,GO:0071944"
blaZ_1~~~blaZ_2~~~blaZ~~~blaZ_3~~~blaZ_4,Beta-lactamase2,V,penP,beta-lactamase,"GO:0005575,GO:0005576"
mecR1_1,"Peptidase_M56,Transpeptidase",KTV,-,Regulatory protein BlaR1,-
mecI_1,Penicillinase_R,K,blaI,Penicillinase repressor,-
group_601,HTH_11,-,-,-,-
group_602,RadC,L,-,RadC-like JAB domain,-
group_603,DUF1643,V,-,Protein of unknown function (DUF1643),-
group_604,DUF960,L,-,Staphylococcal protein of unknown function (DUF960),-
group_605,-,-,-,-,-
group_606,SAUGI,S,-,Pfam:DUF950,-
group_607,"Ogr_Delta,Recombinase,Resolvase,Zn_ribbon_recom",L,-,Recombinase,-
group_608,"Recombinase,Resolvase,Zn_ribbon_recom",L,-,Recombinase zinc beta ribbon domain,-
group_609,-,-,-,-,-
group_610,DUF927,L,-,Domain of unknown function (DUF927),-
group_611,DUF1413,S,-,Domain of unknown function (DUF1413),-
group_612,-,-,-,-,-
yoaA_1~~~yoaA,-,KL,-,HELICc2,-
lip_1~~~lip,YSIRK_signal,D,lip,acetyltransferases and hydrolases with the alpha beta hydrolase fold,-
group_614,FAD_binding_2,C,-,FAD binding domain,-
group_615,"FtsX,MacB_PCD",V,yxeA,ABC transporter (permease),-
group_616,Flavin_Reduct,S,-,"COG1853 Conserved protein domain typically associated with flavoprotein oxygenases, DIM6 NTAB family",-
group_617,"MFS_1,Sugar_tr",EGP,ynfM3,Major facilitator,-
group_707,DUF1837,S,-,Domain of unknown function (DUF1837),-
abpB_2,"DEAD,Helicase_C",L,-,helicase superfamily c-terminal domain,-
parE~~~parE_1~~~parE_2,"DNA_gyraseB,DNA_gyraseB_C,HATPase_c,Toprim",L,parE,Topoisomerase IV is essential for chromosome segregation. It relaxes supercoiled DNA. Performs the decatenation events required during the replication of a circular DNA molecule,"GO:0003674,GO:0003824,GO:0003916,GO:0003918,GO:0005575,GO:0006139,GO:0006259,GO:0006265,GO:0006725,GO:0006807,GO:0006996,GO:0007059,GO:0008094,GO:0008150,GO:0008152,GO:0009295,GO:0009987,GO:0016043,GO:0016462,GO:0016787,GO:0016817,GO:0016818,GO:0016853,GO:0016887,GO:0017111,GO:0034641,GO:0042623,GO:0043170,GO:0044237,GO:0044238,GO:0044260,GO:0046483,GO:0051276,GO:0061505,GO:0071103,GO:0071704,GO:0071840,GO:0090304,GO:0140097,GO:1901360"
group_1797,-,S,-,HNH endonuclease,-
group_619,Methylase_S,V,-,Type I restriction modification DNA specificity domain protein,-
hin_1,-,L,-,"Resolvase, N terminal domain",-
group_1915,-,S,-,COG NOG15996 non supervised orthologous group,-
group_1916,-,-,-,-,-
group_1917,-,-,-,-,-
group_1918,-,-,-,-,-
group_1919,-,K,-,Bacteriophage CI repressor helix-turn-helix domain,-
group_2310,-,-,-,-,-
dppF~~~oppF_2~~~oppF_1~~~oppF_3,"ABC_tran,oligo_HPY",P,-,Belongs to the ABC transporter superfamily,-
group_2027,GntR,K,-,helix_turn_helix gluconate operon transcriptional repressor,-
group_1799,DUF1643,V,-,Protein of unknown function (DUF1643),-
group_1800,DUF960,L,-,Staphylococcal protein of unknown function (DUF960),-
group_1802,-,S,-,Pfam:DUF950,-
group_1803,"Ogr_Delta,Recombinase,Resolvase,Zn_ribbon_recom",L,-,Recombinase,-
group_1804,"Recombinase,Resolvase,Zn_ribbon_recom",L,-,Recombinase zinc beta ribbon domain,-
group_1805,DUF927,L,-,Domain of unknown function (DUF927),-
group_1806,DUF1413,S,-,Domain of unknown function (DUF1413),-
group_1807,-,-,-,-,-
group_1808,Mob_Pre,D,pre,plasmid recombination enzyme,-
group_3454,DUF5079,S,-,Domain of unknown function (DUF5079),-
cobB_2,SIR2,K,cobB,NAD-dependent protein deacetylase which modulates the activities of several enzymes which are inactive in their acetylated form,-
cdd,dCMP_cyt_deam_1,F,cdd,This enzyme scavenges exogenous and endogenous cytidine and 2'-deoxycytidine for UMP synthesis,-
entA_2~~~entA_3~~~entD_1~~~entA_1~~~entA~~~entA_4,-,S,-,"Staphylococcal/Streptococcal toxin, OB-fold domain",-
group_1189,Abi,S,-,CAAX protease self-immunity,-
yecD~~~rutB_1,Isochorismatase,Q,yjgF,COG1335 Amidases related to nicotinamidase,-
mutY,"EndIII_4Fe-2S,HhH-GPD,NUDIX_4",L,mutY,A G-specific,-
group_3007,DUF393,S,-,"Protein of unknown function, DUF393",-
gtfA_2~~~gtfA_3~~~gtfA_1~~~tagE~~~tarM_2,"Glyco_trans_A_1,Glycos_transf_1",M,tagE3,Glycosyl transferases group 1,-
group_92,NIF3,S,yqfO,Belongs to the GTP cyclohydrolase I type 2 NIF3 family,"GO:0005575,GO:0005622,GO:0005623,GO:0005737,GO:0044424,GO:0044464"
tsaC~~~leuA_1~~~leuA_2~~~leuA1~~~leuA_3~~~ywlC_1~~~leuA1_2~~~leuA1_1,"HMGL-like,LeuA_dimer",E,-,Catalyzes the condensation of the acetyl group of acetyl-CoA with 3-methyl-2-oxobutanoate (2-oxoisovalerate) to form 3-carboxy-3-hydroxy-4-methylpentanoate (2-isopropylmalate),-
oatA_2~~~oatA_3~~~oatA_1~~~oatA_4,Acyl_transf_3,EI,-,Acyltransferase family,-
recU~~~recU_2~~~recU_1,RecU,L,recU,"Endonuclease that resolves Holliday junction intermediates in genetic recombination. Cleaves mobile four-strand junctions by introducing symmetrical nicks in paired strands. Promotes annealing of linear ssDNA with homologous dsDNA. Required for DNA repair, homologous recombination and chromosome segregation","GO:0006139,GO:0006259,GO:0006281,GO:0006725,GO:0006807,GO:0006950,GO:0006974,GO:0008150,GO:0008152,GO:0009987,GO:0033554,GO:0034641,GO:0043170,GO:0044237,GO:0044238,GO:0044260,GO:0046483,GO:0050896,GO:0051716,GO:0071704,GO:0090304,GO:1901360"
group_870,Rep_trans,L,-,Replication initiation factor,-
lpl2_7,DUF576,M,-,Csa1 family,-
group_348,-,-,-,-,-
group_71,"MFS_1,MFS_3",EGP,-,of the major facilitator superfamily,-
group_1126,SAUGI,S,-,Pfam:DUF950,-
group_3107,-,-,-,-,-
group_2624,HTH_11,-,-,-,-
group_1463,YflT,S,-,Heat induced stress protein YflT,-
group_1014,-,S,-,this gene contains a nucleotide ambiguity which may be the result of a sequencing error,-
yhaI_1~~~yhaI~~~yhaI_2,DUF805,S,-,Protein of unknown function (DUF805),-
group_3456,-,S,-,Phage tail protein,-
acr1,adh_short,S,XK27_05435,KR domain,-
group_2101,DUF1146,S,ywzB,Protein of unknown function (DUF1146),-
group_3457,DUF536,S,-,"Protein of unknown function, DUF536",-
group_1367,DUF1129,S,M1-1017,Protein of unknown function (DUF1129),-
group_620,DUF3800,S,-,Protein of unknown function (DUF3800),-
group_1921,AAA_22,S,-,Bacterial TniB protein,-
group_1810,-,-,-,-,-
dppB~~~dppB_2~~~dppB_1,BPD_transp_1,P,oppB,"COG0601 ABC-type dipeptide oligopeptide nickel transport systems, permease components",-
group_206,-,DZ,sdrH,"transferase activity, transferring acyl groups other than amino-acyl groups",-
ebh_5~~~ebh_2~~~ebh_3~~~ebh_4~~~ebh~~~ebhA_2~~~ebh_6~~~ebh_1~~~ebhA_1~~~ebhA_3~~~ebh_7~~~ebh_8~~~ebhA~~~smc_1~~~smc_3~~~smc_2,"DUF1542,FIVAR,GA,Rib,YSIRK_signal",D,ebh,interspecies interaction between organisms,-
gtfA_2,-,M,-,PFAM Glycosyl transferases group 1,-
group_1811,-,-,-,-,-
group_621,-,-,-,-,-
group_1814,-,-,-,-,-
bioK_1,Aminotran_3,H,bioA,"Catalyzes the transfer of the alpha-amino group from S- adenosyl-L-methionine (SAM) to 7-keto-8-aminopelargonic acid (KAPA) to form 7,8-diaminopelargonic acid (DAPA). It is the only animotransferase known to utilize SAM as an amino donor",-
group_1815,-,S,-,sequence-specific DNA binding transcription factor activity,-
yhfS~~~yhfS_1~~~yhfS_2~~~thlA,"Thiolase_C,Thiolase_N",I,vraB,Belongs to the thiolase family,-
plsY,G3P_acyltransf,I,plsY,"Catalyzes the transfer of an acyl group from acyl- phosphate (acyl-PO(4)) to glycerol-3-phosphate (G3P) to form lysophosphatidic acid (LPA). This enzyme utilizes acyl-phosphate as fatty acyl donor, but not acyl-CoA or acyl-ACP",-
group_1010,Phage_TTP_1,S,-,Phage tail tube protein,-
group_1922,ThiF,H,hypB,ThiF family,-
group_1817,"MFS_1,MFS_3",EGP,-,Transmembrane secretion effector,-
group_1818,"MFS_1,MFS_3",EGP,-,Transmembrane secretion effector,-
group_1482,DUF296,S,-,Domain of unknown function (DUF296),-
tenA~~~tenA_1~~~tenA_2,TENA_THI-4,F,tenA,"Catalyzes an amino-pyrimidine hydrolysis reaction at the C5' of the pyrimidine moiety of thiamine compounds, a reaction that is part of a thiamine salvage pathway","GO:0005575,GO:0005622,GO:0005623,GO:0005737,GO:0005829,GO:0044424,GO:0044444,GO:0044464"
rlmP,"SpoU_methylase,SpoU_sub_bind",J,spoU,Belongs to the class IV-like SAM-binding methyltransferase superfamily. RNA methyltransferase TrmH family,-
psiE,PsiE,S,psiE,Phosphate-starvation-inducible E,-
group_1819,"Big_2,Flg_new,Peptidase_C1,SLH",N,-,Bacterial Ig-like domain 2,-
group_1430,-,-,-,-,-
mprF_2,"DUF2156,LPG_synthase_TM",S,mprF,"Catalyzes the transfer of a lysyl group from L-lysyl- tRNA(Lys) to membrane-bound phosphatidylglycerol (PG), which produces lysylphosphatidylglycerol (LPG), a major component of the bacterial membrane with a positive net charge. LPG synthesis contributes to bacterial virulence as it is involved in the resistance mechanism against cationic antimicrobial peptides (CAMP) produces by the host's immune system (defensins, cathelicidins) and by the competing microorganisms","GO:0005575,GO:0005623,GO:0005886,GO:0016020,GO:0044464,GO:0071944"
group_1821,-,-,-,-,-
group_3459,Transposase_mut,L,-,"Transposase, Mutator family",-
group_3460,"APH,Acetyltransf_8",J,-,Acetyltransferase (GNAT) domain,-
mvaS_1,"HMG_CoA_synt_C,HMG_CoA_synt_N",I,mvaS,Hydroxymethylglutaryl-CoA synthase,-
mobB,MobB,H,mobB,molybdopterin-guanine dinucleotide biosynthesis protein,-
group_1476,DUF3102,S,-,Protein of unknown function (DUF3102),-
tyrC,"ACT,PDH",E,tyrA,prephenate dehydrogenase,"GO:0000166,GO:0003674,GO:0003824,GO:0005488,GO:0006082,GO:0006520,GO:0006570,GO:0006571,GO:0006725,GO:0006807,GO:0008150,GO:0008152,GO:0008652,GO:0008977,GO:0009058,GO:0009072,GO:0009073,GO:0009095,GO:0009987,GO:0016053,GO:0016491,GO:0016627,GO:0016628,GO:0019438,GO:0019752,GO:0036094,GO:0043167,GO:0043168,GO:0043436,GO:0044237,GO:0044238,GO:0044249,GO:0044281,GO:0044283,GO:0046394,GO:0048037,GO:0050662,GO:0051287,GO:0055114,GO:0070403,GO:0071704,GO:0097159,GO:1901265,GO:1901360,GO:1901362,GO:1901363,GO:1901564,GO:1901566,GO:1901576,GO:1901605,GO:1901607"
group_1823,RVT_1,S,-,Reverse transcriptase (RNA-dependent DNA polymerase),-
cdnE,NTP_transf_2,J,-,Nucleotidyltransferase domain,-
group_3025,N6_Mtase,L,ytxK,N-6 DNA Methylase,-
group_1178,DUF1722,S,-,Protein of unknown function (DUF1722),-
group_3463,"N6_N4_Mtase,TypeIII_RM_meth",L,-,Adenine specific DNA methylase Mod,-
group_3464,ResIII,L,-,"Type III restriction enzyme, res subunit",-
group_2702,-,S,ymcC,Membrane,-
group_622,-,-,-,-,-
arnB_1,DegT_DnrJ_EryC1,E,-,UDP-4-amino-4-deoxy-L-arabinose aminotransferase,-
group_1379,"Glycos_transf_2,Glyphos_transf",M,-,teichoic acid biosynthesis,-
group_1124,DUF1643,V,-,Protein of unknown function (DUF1643),-
group_3465,DUF2154,S,yvqF,Cell wall-active antibiotics response 4TMS YvqF,-
group_1824,TcpE,S,yddD,TcpE family,-
group_1825,FtsK_SpoIIIE,D,ydcQ,FtsK/SpoIIIE family,-
group_1826,-,S,-,EVE domain,-
group_938,-,-,-,-,-
group_132,-,-,-,-,-
group_1827,TpcC,S,yddB,Conjugative transposon protein TcpC,-
group_848,-,L,-,"transposase and inactivated derivatives, IS30 family",-
group_1829,-,-,-,-,-
group_1831,DUF4260,S,-,Domain of unknown function (DUF4260),-
group_1832,-,L,-,PFAM Integrase catalytic region,-
group_216,-,-,-,-,-
group_178,-,-,-,-,-
group_625,-,-,-,-,-
group_1833,HTH_3,K,-,Cro/C1-type HTH DNA-binding domain,-
group_1380,Rep_trans,L,-,Replication initiation factor,-
group_1835,-,-,-,-,-
group_1836,-,-,-,-,-
queG~~~queG_1~~~queG_2,"DUF1730,Fer4_16,HEAT_2",C,queG,"Catalyzes the conversion of epoxyqueuosine (oQ) to queuosine (Q), which is a hypermodified base found in the wobble positions of tRNA(Asp), tRNA(Asn), tRNA(His) and tRNA(Tyr)","GO:0003674,GO:0003824,GO:0006139,GO:0006725,GO:0006807,GO:0008150,GO:0008152,GO:0008616,GO:0009058,GO:0009116,GO:0009119,GO:0009163,GO:0009987,GO:0016491,GO:0018130,GO:0019438,GO:0034404,GO:0034641,GO:0034654,GO:0042455,GO:0044237,GO:0044238,GO:0044249,GO:0044271,GO:0044281,GO:0044283,GO:0046116,GO:0046483,GO:0052693,GO:0055086,GO:0055114,GO:0071704,GO:1901135,GO:1901137,GO:1901360,GO:1901362,GO:1901564,GO:1901566,GO:1901576,GO:1901657,GO:1901659"
group_3005,-,-,-,-,-
group_3466,-,S,-,Phage integrase family,"GO:0006139,GO:0006259,GO:0006725,GO:0006807,GO:0008150,GO:0008152,GO:0009987,GO:0015074,GO:0034641,GO:0043170,GO:0044237,GO:0044238,GO:0044260,GO:0046483,GO:0071704,GO:0090304,GO:1901360"
group_3468,Excalibur,L,-,Excalibur calcium-binding domain,-
group_1108,Peptidase_S9,E,ytmA,Prolyl oligopeptidase family,-
group_626,Abi,S,-,CAAX protease self-immunity,-
atl_3~~~atl_2~~~atl_1,Glucosaminidase,G,-,Mannosyl-glycoprotein endo-beta-N-acetylglucosaminidase,-
sdpR,HTH_5,K,arsR,arsenical resistance operon repressor,-
aaoSo~~~aaoSo_1~~~aaoSo_2,HI0933_like,S,ytfP,HI0933-like protein,-
trmB~~~trmB_1~~~trmB_2,Methyltransf_4,J,trmB,Catalyzes the formation of N(7)-methylguanine at position 46 (m7G46) in tRNA,"GO:0001510,GO:0003674,GO:0003824,GO:0005575,GO:0005622,GO:0005623,GO:0005737,GO:0006139,GO:0006396,GO:0006399,GO:0006400,GO:0006725,GO:0006807,GO:0008033,GO:0008150,GO:0008152,GO:0008168,GO:0008173,GO:0008175,GO:0008176,GO:0008757,GO:0009451,GO:0009987,GO:0010467,GO:0016070,GO:0016423,GO:0016740,GO:0016741,GO:0030488,GO:0032259,GO:0032991,GO:0034470,GO:0034641,GO:0034660,GO:0034708,GO:0036265,GO:0043170,GO:0043412,GO:0043414,GO:0043527,GO:0044237,GO:0044238,GO:0044260,GO:0044424,GO:0044444,GO:0044464,GO:0046483,GO:0071704,GO:0090304,GO:0106004,GO:0140098,GO:0140101,GO:1901360,GO:1902494,GO:1990234"
group_3469,-,L,-,COG3666 Transposase and inactivated derivatives,-
group_3470,-,S,-,Transposase domain (DUF772),-
group_3471,-,L,-,COG3666 Transposase and inactivated derivatives,-
group_3472,-,L,-,COG3666 Transposase and inactivated derivatives,-
dnaB_2~~~dnaB_1,DnaB_2,L,dnaB,membrane attachment protein,-
comC,"DiS_P_DiS,Peptidase_A24",NOU,comC,"COG1989 Type II secretory pathway, prepilin signal peptidase PulO and related peptidases",-
group_2968,"ACT,ACT_4",S,pheB,Belongs to the UPF0735 family,-
recD2,"AAA_30,HHH_4,HHH_5,UvrD_C_2",L,recD2,"DNA-dependent ATPase and ATP-dependent 5'-3' DNA helicase. Has no activity on blunt DNA or DNA with 3'-overhangs, requires at least 10 bases of 5'-ssDNA for helicase activity",-
accB_1~~~accB_2,Biotin_lipoyl,I,-,biotin carboxyl carrier protein,-
mntH_1~~~mntH_2,Nramp,P,ycsG,COG1914 Mn2 and Fe2 transporters of the NRAMP family,-
comEA,"HHH_3,SLBB",L,comEA,DNA uptake protein and related DNA-binding,"GO:0005575,GO:0005623,GO:0005886,GO:0016020,GO:0044464,GO:0071944"
comEC,"Competence,DUF4131,Lactamase_B",S,comEC,Competence protein ComEC,-
group_681,-,-,-,-,-
group_758,"ComGF,N_methyl",U,comGF,Competence protein ComGF,-
bfmBAA,E1_dh,C,bfmBAA,Dehydrogenase E1 component,-
pdhC_2~~~aceF~~~pdhC_1,"2-oxoacid_dh,Biotin_lipoyl,E3_binding",C,bfmBB,Dihydrolipoamide acetyltransferase component of pyruvate dehydrogenase complex,-
yajO~~~ydjG,Aldo_ket_red,C,yqkF,aldo keto reductase,-
group_3058,DUF309,S,-,Domain of unknown function (DUF309),-
pbp2,"Transgly,Transpeptidase,fn3",M,ponA,Penicillin-binding protein,"GO:0005575,GO:0005576"
steT~~~steT_1~~~steT_2,AA_permease_2,E,-,amino acid,-
trpF_1~~~trpF~~~trpF_2,PRAI,E,trpF,Belongs to the TrpF family,-
lysP_2~~~lysP_1,AA_permease,E,-,amino acid,-
group_2142,-,-,-,-,-
infB,"GTP_EFTU,IF-2,IF2_N",J,infB,One of the essential components for the initiation of protein synthesis. Protects formylmethionyl-tRNA from spontaneous hydrolysis and promotes its binding to the 30S ribosomal subunits. Also involved in the hydrolysis of GTP during the formation of the 70S ribosomal complex,"GO:0005575,GO:0005622,GO:0005623,GO:0005737,GO:0044424,GO:0044464"
smc~~~smc_1~~~smc_3~~~smc_2,"SMC_N,SMC_hinge",D,smc,Required for chromosome condensation and partitioning,-
thiN,"TPK_B1_binding,TPK_catalytic",H,thiN,thiamine pyrophosphokinase,-
pyrB,"OTCace,OTCace_N",F,pyrB,Belongs to the ATCase OTCase family,"GO:0003674,GO:0003824,GO:0004070,GO:0005575,GO:0005622,GO:0005623,GO:0005737,GO:0006139,GO:0006220,GO:0006221,GO:0006725,GO:0006753,GO:0006793,GO:0006796,GO:0006807,GO:0008150,GO:0008152,GO:0009058,GO:0009117,GO:0009165,GO:0009218,GO:0009220,GO:0009259,GO:0009260,GO:0009987,GO:0016740,GO:0016741,GO:0016743,GO:0018130,GO:0019438,GO:0019637,GO:0019693,GO:0034641,GO:0034654,GO:0044237,GO:0044238,GO:0044249,GO:0044271,GO:0044281,GO:0044424,GO:0044464,GO:0046390,GO:0046483,GO:0055086,GO:0071704,GO:0072527,GO:0072528,GO:0090407,GO:1901135,GO:1901137,GO:1901293,GO:1901360,GO:1901362,GO:1901564,GO:1901566,GO:1901576"
yggS,Ala_racemase_N,S,ylmE,"Pyridoxal 5'-phosphate (PLP)-binding protein, which is involved in PLP homeostasis","GO:0003674,GO:0005488,GO:0005575,GO:0005622,GO:0005623,GO:0008144,GO:0019842,GO:0030170,GO:0036094,GO:0043167,GO:0043168,GO:0044464,GO:0048037,GO:0050662,GO:0070279,GO:0097159,GO:1901363"
ylmD,Cu-oxidase_4,S,ylmD,Belongs to the multicopper oxidase YfiH RL5 family,"GO:0003674,GO:0005488,GO:0005507,GO:0043167,GO:0043169,GO:0046872,GO:0046914"
yfnB~~~yfnB_1~~~yfnB_2,HAD_2,S,yfnB,hydrolase,-
group_256,-,-,-,-,-
murI,Asp_Glu_race,M,murI,Provides the (R)-glutamate required for cell wall biosynthesis,"GO:0000270,GO:0003674,GO:0003824,GO:0005488,GO:0005515,GO:0006022,GO:0006023,GO:0006024,GO:0006807,GO:0008150,GO:0008152,GO:0008881,GO:0009058,GO:0009059,GO:0009252,GO:0009273,GO:0009987,GO:0016853,GO:0016854,GO:0016855,GO:0030203,GO:0034645,GO:0036361,GO:0042546,GO:0042802,GO:0043170,GO:0044036,GO:0044038,GO:0044085,GO:0044237,GO:0044249,GO:0044260,GO:0047661,GO:0070589,GO:0071554,GO:0071704,GO:0071840,GO:1901135,GO:1901137,GO:1901564,GO:1901566,GO:1901576"
group_1409,DUF4064,S,-,Protein of unknown function (DUF4064),-
potC,BPD_transp_1,P,potC,"ABC-type spermidine putrescine transport system, permease component II",-
group_2111,DUF5011,S,-,Domain of unknown function (DUF5011),-
atl_1~~~atl_2~~~atl_3,"Glucosaminidase,SH3_8",M,atl,"the rest of the oligosaccharide is released intact. Cleaves the peptidoglycan connecting the daughter cells at the end of the cell division cycle, resulting in the separation of the two newly divided cells. Acts as an autolysin in penicillin-induced lysis (By similarity)",-
group_16,Acetyltransf_1,K,-,Acetyltransferase (GNAT) domain,-
tarM~~~tarM_2~~~tarM_1,"Glyco_trans_A_1,Glycos_transf_1",M,tagE,Glycosyl transferases group 1,-
group_749,YueH,S,-,YueH-like protein,-
mgtE~~~mgtE_1~~~mgtE_2,"CBS,MgtE,MgtE_N",P,mgtE,Acts as a magnesium transporter,-
yjbI~~~yjbI_2~~~yjbI_1,Bac_globin,S,yjbI,Bacterial-like globin,-
oppB_1~~~dppB~~~oppB_2,BPD_transp_1,EP,appB,Binding-protein-dependent transport system inner membrane component,-
appA~~~oppA~~~appA_1~~~appA_2,SBP_bac_5,E,appA_2,"Bacterial extracellular solute-binding proteins, family 5 Middle",-
aroD,DHquinase_I,E,aroD,"Involved in the third step of the chorismate pathway, which leads to the biosynthesis of aromatic amino acids. Catalyzes the cis-dehydration of 3-dehydroquinate (DHQ) and introduces the first double bond of the aromatic ring to yield 3- dehydroshikimate",-
lmrS~~~ribZ~~~emrY~~~mdtP_1~~~mdtP_2~~~mdtD_1,MFS_1,EGP,-,the major facilitator superfamily,-
ydjM,YdjM,S,yvsG,membrane-bound metal-dependent,-
sfnaB_1~~~sfnaB_2~~~sfnaB,"FhuF,IucA_IucC",Q,-,siderophore,-
group_2371,-,-,-,-,-
group_869,-,V,-,site-specific DNA-methyltransferase (adenine-specific) activity,-
group_3023,"HTH_27,MarR,MarR_2",K,-,transcriptional,-
group_628,-,-,-,-,-
group_3476,"DDE_Tnp_1,DDE_Tnp_1_6,DUF772",L,-,COG3666 Transposase and inactivated derivatives,-
group_3477,"DDE_Tnp_1,DDE_Tnp_1_6,DUF772",L,-,COG3666 Transposase and inactivated derivatives,-
auaG,FAD_binding_3,CH,-,FAD binding domain,-
lyrA~~~lyrA_1~~~lyrA_2,Abi,S,lyrA,CAAX protease self-immunity,-
cdhB_1~~~cdhB,4HBT_2,S,lcdH_1,Thioesterase-like superfamily,-
lipY,Abhydrolase_3,I,-,Steryl acetyl hydrolase,-
group_1040,-,-,-,-,-
bcr_2~~~bcr_1~~~bcr_3~~~punC_1,MFS_1,EGP,tcaB,Sugar (and other) transporter,-
group_1038,DUF218,S,-,DUF218 domain,-
narT,"MFS_1,PAS_9",P,narK,Probably required for nitrate uptake under anoxic conditions. Also possibly involved in excretion of nitrite produced by the dissimilatory reduction of nitrate,-
bioF~~~bioF_2~~~bioF_1,"Aminotran_1_2,BioW",E,bioF,COG0156 7-keto-8-aminopelargonate synthetase and related enzymes,-
group_714,"Cass2,GyrI-like",K,-,GyrI-like small molecule binding domain,-
opuCA~~~guaB1~~~opuCA_1~~~opuCA_2,"ABC_tran,CBS",P,opuCA,Glycine betaine,-
gudP~~~sauU,MFS_1,G,-,Major facilitator,-
mtnE~~~mtnE_1~~~mtnE_2~~~dapL~~~bacF,Aminotran_1_2,E,mtnE,Aminotransferase,-
oatA_1~~~oatA_2,Acyl_transf_3,EI,-,Acyltransferase family,"GO:0000271,GO:0005575,GO:0005623,GO:0005886,GO:0005975,GO:0005976,GO:0006629,GO:0008150,GO:0008152,GO:0008610,GO:0008653,GO:0009058,GO:0009059,GO:0009103,GO:0009987,GO:0016020,GO:0016051,GO:0033692,GO:0034637,GO:0034645,GO:0043170,GO:0044237,GO:0044238,GO:0044249,GO:0044255,GO:0044260,GO:0044262,GO:0044264,GO:0044464,GO:0071704,GO:0071944,GO:1901135,GO:1901137,GO:1901576,GO:1903509"
slmA,TetR_N,K,-,"Bacterial regulatory proteins, tetR family","GO:0003674,GO:0003700,GO:0006355,GO:0008150,GO:0009889,GO:0010468,GO:0010556,GO:0019219,GO:0019222,GO:0031323,GO:0031326,GO:0050789,GO:0050794,GO:0051171,GO:0051252,GO:0060255,GO:0065007,GO:0080090,GO:0140110,GO:1903506,GO:2000112,GO:2001141"
tetX,FAD_binding_3,CH,-,COG0654 2-polyprenyl-6-methoxyphenol hydroxylase and related FAD-dependent oxidoreductases,-
graS_2~~~bceS~~~sasA_2~~~graS_1~~~sasA~~~sasA_1,HATPase_c,T,nsaS,Histidine kinase,-
group_629,RibD_C,H,-,RibD C-terminal domain,-
group_630,adh_short,S,-,KR domain,-
ycjY_2,-,S,-,BAAT / Acyl-CoA thioester hydrolase C terminal,-
manP~~~manP_1~~~manP_2,"PTS_EIIA_2,PTS_EIIC,PTS_IIB",G,manP,"Phosphoenolpyruvate-dependent sugar phosphotransferase system, EIIA 2","GO:0003674,GO:0003824,GO:0005215,GO:0005575,GO:0005623,GO:0005886,GO:0006810,GO:0008150,GO:0008643,GO:0009401,GO:0015144,GO:0016020,GO:0016740,GO:0016772,GO:0016773,GO:0022804,GO:0022857,GO:0034219,GO:0044464,GO:0051179,GO:0051234,GO:0055085,GO:0071702,GO:0071944,GO:0090563"
trtA~~~entB,Isochorismatase,Q,-,COG1335 Amidases related to nicotinamidase,-
group_631,Gram_pos_anchor,-,-,-,-
group_829,-,-,-,-,-
group_1423,Flavin_Reduct,S,-,Flavin reductase like domain,-
group_1424,"Acetyltransf_1,Acetyltransf_10",K,-,Acetyltransferase (GNAT) domain,-
group_3481,AbiH,S,-,Bacteriophage abortive infection AbiH,-
group_3482,"AAA_21,DUF4435",EP,-,"AAA domain, putative AbiEii toxin, Type IV TA system",-
group_3483,HTH_Tnp_1,L,-,Transposase,-
group_298,DUF5080,S,-,Domain of unknown function (DUF5080),-
rbsK~~~rbsK_2~~~rbsK_1,PfkB,H,rbsK,"Catalyzes the phosphorylation of ribose at O-5 in a reaction requiring ATP and magnesium. The resulting D-ribose-5- phosphate can then be used either for sythesis of nucleotides, histidine, and tryptophan, or as a component of the pentose phosphate pathway",-
cycA_3,AA_permease,E,cycA,permease,-
bglA_2~~~bglA_1~~~bglA,Glyco_hydro_1,G,bglA,Belongs to the glycosyl hydrolase 1 family,"GO:0003674,GO:0003824,GO:0004553,GO:0005575,GO:0005622,GO:0005623,GO:0005737,GO:0005829,GO:0008150,GO:0008152,GO:0008422,GO:0015926,GO:0016787,GO:0016798,GO:0044424,GO:0044444,GO:0044464,GO:0071704,GO:1901135,GO:1901657"
group_1241,"DUF4339,PrsW-protease,zinc_ribbon_2",S,-,Protease prsW family,-
group_2261,GATase,F,-,Glutamine amidotransferase class-I,-
group_1306,RES,S,-,RES,-
mupG~~~mupG_2~~~mupG_1,DUF871,S,-,Bacterial protein of unknown function (DUF871),-
argJ~~~argJ_2~~~argJ_1,ArgJ,E,argJ,"Catalyzes two activities which are involved in the cyclic version of arginine biosynthesis the synthesis of N- acetylglutamate from glutamate and acetyl-CoA as the acetyl donor, and of ornithine by transacetylation between N(2)-acetylornithine and glutamate","GO:0003674,GO:0003824,GO:0004042,GO:0004358,GO:0006082,GO:0006520,GO:0006525,GO:0006526,GO:0006591,GO:0006592,GO:0006807,GO:0008080,GO:0008150,GO:0008152,GO:0008652,GO:0009058,GO:0009064,GO:0009084,GO:0009987,GO:0016053,GO:0016407,GO:0016410,GO:0016740,GO:0016746,GO:0016747,GO:0019752,GO:0043436,GO:0044237,GO:0044238,GO:0044249,GO:0044281,GO:0044283,GO:0046394,GO:0071704,GO:1901564,GO:1901566,GO:1901576,GO:1901605,GO:1901607"
grsB~~~tycC~~~dltA_1~~~srfAB~~~dltA_2~~~lgrD~~~car~~~dltA_3,"AMP-binding,AMP-binding_C,Condensation,NAD_binding_4,PP-binding",Q,nrpS2,Condensation domain,-
wecC,"UDPG_MGDP_dh,UDPG_MGDP_dh_C,UDPG_MGDP_dh_N",M,capO,Belongs to the UDP-glucose GDP-mannose dehydrogenase family,-
group_205,-,-,-,-,-
group_87,-,M,-,"transferase activity, transferring glycosyl groups",-
group_697,MarR,K,-,"PFAM regulatory protein, MarR",-
dntB,"FAD_binding_3,SnoaL_4",CH,-,FAD binding domain,-
group_3484,Coagulase,S,-,Staphylococcus aureus coagulase,-
attM,Lactamase_B,S,-,Metallo-beta-lactamase superfamily,-
group_698,"HTH_27,MarR",K,-,helix_turn_helix multiple antibiotic resistance protein,-
group_212,DUF4887,S,-,Domain of unknown function (DUF4887),-
pepT_3~~~pepT_2~~~pepT_1,"M20_dimer,Peptidase_M20,Peptidase_M42",E,pepT,Cleaves the N-terminal amino acid of tripeptides,"GO:0005575,GO:0005622,GO:0005623,GO:0005737,GO:0006508,GO:0006807,GO:0008150,GO:0008152,GO:0019538,GO:0043170,GO:0044238,GO:0044424,GO:0044464,GO:0071704,GO:1901564"
murB,"FAD_binding_4,MurB_C",M,murB,Cell wall formation,"GO:0000270,GO:0003674,GO:0003824,GO:0006022,GO:0006023,GO:0006024,GO:0006807,GO:0008150,GO:0008152,GO:0008762,GO:0009058,GO:0009059,GO:0009252,GO:0009273,GO:0009987,GO:0016491,GO:0016614,GO:0016616,GO:0030203,GO:0034645,GO:0042546,GO:0043170,GO:0044036,GO:0044038,GO:0044085,GO:0044237,GO:0044249,GO:0044260,GO:0055114,GO:0070589,GO:0071554,GO:0071704,GO:0071840,GO:1901135,GO:1901137,GO:1901564,GO:1901566,GO:1901576"
cntI,EamA,EG,-,of the drug metabolite transporter (DMT) superfamily,-
group_3030,Aminotran_4,EH,-,COG0115 Branched-chain amino acid aminotransferase 4-amino-4-deoxychorismate lyase,-
group_632,-,-,-,-,-
cydC~~~cydC_2~~~cydC_1,"ABC_membrane,ABC_tran",V,cydC,"ABC transporter, ATP-binding protein",-
group_1401,DUF402,S,-,Protein of unknown function (DUF402),-
group_1397,Bax1-I,S,ybhL,Inhibitor of apoptosis-promoting Bax1,-
tagG,ABC2_membrane,GM,tagG,Transport permease protein,-
group_634,YqcI_YcgG,S,-,YqcI/YcgG family,-
ppaX~~~indB_3~~~indB_1~~~indB_2,HAD_2,S,-,"HAD hydrolase, family IA, variant 1",-
pbuE_1~~~pbuE_2,MFS_1,EGP,-,Major facilitator family,-
group_2105,4HBT,I,ykhA,Thioesterase superfamily,-
group_3097,Virul_fac_BrkB,S,yfkH,Belongs to the UPF0761 family,-
group_3074,-,-,-,-,-
group_3073,ArAE_1,S,-,Aromatic acid exporter family member 1,-
group_1210,-,-,-,-,-
group_635,-,-,-,-,-
group_3486,MAP,S,-,MAP domain,-
clpP_1~~~clpP_2~~~clpP_3,CLP_protease,OU,clpP,Belongs to the peptidase S14 family,-
tsuA_1~~~tsuA~~~tsuA_2,Sulf_transp,S,yeeE,Sulphur transport,-
nanE,NanE,G,nanE,Converts N-acetylmannosamine-6-phosphate (ManNAc-6-P) to N-acetylglucosamine-6-phosphate (GlcNAc-6-P),-
group_368,Macro,S,-,Appr-1'-p processing enzyme,-
group_1840,-,V,-,Type I restriction modification DNA specificity domain,-
group_3487,Acetyltransf_3,J,-,Acetyltransferase (GNAT) domain,-
group_315,"Acetyltransf_1,NUDIX",L,-,COG0494 NTP pyrophosphohydrolases including oxidative damage repair enzymes,-
hxlB,SIS,M,hxlB,SIS domain,-
yhfT~~~menE_1~~~menE_2~~~menE_3,"AMP-binding,AMP-binding_C",IQ,vraA,acyl-CoA synthetases (AMP-forming) AMP-acid ligases II,-
group_3488,-,S,-,PVL ORF-50-like family,-
group_1842,-,L,-,COG3666 Transposase and inactivated derivatives,-
group_1843,-,L,-,COG3666 Transposase and inactivated derivatives,-
kdpA2_1~~~kdpA2_2~~~kdpA2~~~kdpA,KdpA,P,kdpA,"Part of the high-affinity ATP-driven potassium transport (or Kdp) system, which catalyzes the hydrolysis of ATP coupled with the electrogenic transport of potassium into the cytoplasm. This subunit binds and transports the potassium across the cytoplasmic membrane","GO:0003674,GO:0003824,GO:0005215,GO:0005488,GO:0005575,GO:0005623,GO:0005886,GO:0006810,GO:0006811,GO:0006812,GO:0006813,GO:0008150,GO:0008324,GO:0008556,GO:0009987,GO:0015075,GO:0015077,GO:0015079,GO:0015318,GO:0015399,GO:0015405,GO:0015662,GO:0015672,GO:0016020,GO:0016462,GO:0016787,GO:0016817,GO:0016818,GO:0016887,GO:0017111,GO:0019829,GO:0022804,GO:0022853,GO:0022857,GO:0022890,GO:0030001,GO:0030955,GO:0031420,GO:0034220,GO:0042623,GO:0042625,GO:0042626,GO:0043167,GO:0043169,GO:0043492,GO:0044464,GO:0046872,GO:0046873,GO:0051179,GO:0051234,GO:0055085,GO:0071804,GO:0071805,GO:0071944,GO:0090662,GO:0098655,GO:0098660,GO:0098662,GO:0099131,GO:0099132"
murF,"Mur_ligase,Mur_ligase_C,Mur_ligase_M",M,murF,"Involved in cell wall formation. Catalyzes the final step in the synthesis of UDP-N-acetylmuramoyl-pentapeptide, the precursor of murein",-
group_184,DUF436,S,ywlG,Belongs to the UPF0340 family,-
ywlC,"SUA5,Sua5_yciO_yrdC",J,ywlC,Required for the formation of a threonylcarbamoyl group on adenosine at position 37 (t(6)A37) in tRNAs that read codons beginning with adenine,"GO:0000049,GO:0000166,GO:0002949,GO:0003674,GO:0003676,GO:0003723,GO:0003824,GO:0005488,GO:0005524,GO:0005575,GO:0005622,GO:0005623,GO:0005737,GO:0006139,GO:0006396,GO:0006399,GO:0006400,GO:0006450,GO:0006725,GO:0006807,GO:0008033,GO:0008144,GO:0008150,GO:0008152,GO:0009451,GO:0009987,GO:0010467,GO:0016070,GO:0016740,GO:0016772,GO:0016779,GO:0017076,GO:0030554,GO:0032553,GO:0032555,GO:0032559,GO:0034470,GO:0034641,GO:0034660,GO:0035639,GO:0036094,GO:0043167,GO:0043168,GO:0043170,GO:0043412,GO:0044237,GO:0044238,GO:0044424,GO:0044464,GO:0046483,GO:0065007,GO:0065008,GO:0070525,GO:0071704,GO:0090304,GO:0097159,GO:0097367,GO:1901265,GO:1901360,GO:1901363"
hin,"HTH_11,HTH_7,Resolvase",L,-,"Resolvase, N terminal domain",-
mtlA~~~mtlA_1~~~mtlA_2,"PTS_EIIC,PTS_IIB",G,mtlA,PTS system mannitol-specific,"GO:0003674,GO:0003824,GO:0005215,GO:0005575,GO:0005623,GO:0005886,GO:0006810,GO:0008150,GO:0008643,GO:0009401,GO:0015144,GO:0016020,GO:0016740,GO:0016772,GO:0016773,GO:0022804,GO:0022857,GO:0034219,GO:0044464,GO:0051179,GO:0051234,GO:0055085,GO:0071702,GO:0071944,GO:0090563"
folK,HPPK,H,folK,"7,8-dihydro-6-hydroxymethylpterin-pyrophosphokinase (HPPK)",-
group_3021,DUF3899,S,-,Domain of unknown function (DUF3899),-
group_2891,DUF1002,S,ypuA,Protein of unknown function (DUF1002),-
group_2193,polyprenyl_synt,H,ispA,Belongs to the FPP GGPP synthase family,"GO:0003674,GO:0003824,GO:0004659,GO:0005575,GO:0005622,GO:0005623,GO:0006629,GO:0006720,GO:0008150,GO:0008152,GO:0008299,GO:0008610,GO:0009058,GO:0009987,GO:0016740,GO:0016765,GO:0044237,GO:0044238,GO:0044249,GO:0044255,GO:0044464,GO:0071704,GO:1901576"
group_3489,-,M,-,protein which possibly mediates interactions of S.aureus with components of the extracellular matrix of higher eukaryotes,-
group_3490,AAA_10,S,yddE,AAA-like domain,"GO:0000746,GO:0005575,GO:0005623,GO:0008150,GO:0009291,GO:0009292,GO:0009987,GO:0044464,GO:0044764,GO:0051704,GO:0060187"
UgpQ~~~glpQ_2,GDPD,C,-,glycerophosphoryl diester phosphodiesterase,-
group_340,"Collagen,DUF2479,PTR",S,-,Domain of unknown function (DUF2479),-
group_1926,Methylase_S,V,-,Type I restriction modification DNA specificity domain protein,-
group_1844,SAPI,S,-,Putative mobile pathogenicity island,-
arlR~~~arlR_1~~~arlR_2,"Response_reg,Trans_reg_C",K,arlR,response regulator ArlR,-
bioD~~~bioK~~~bioK_1~~~bioK_2~~~bioA,Aminotran_3,H,bioA,"Catalyzes the transfer of the alpha-amino group from S- adenosyl-L-methionine (SAM) to 7-keto-8-aminopelargonic acid (KAPA) to form 7,8-diaminopelargonic acid (DAPA). It is the only animotransferase known to utilize SAM as an amino donor",-
group_1845,-,S,-,Pfam:Peptidase_M78,-
group_1846,"DUF2007,HTH_3,HTH_31",K,-,sequence-specific DNA binding,-
group_1847,HTH_3,K,-,Cro/C1-type HTH DNA-binding domain,-
group_1361,-,S,-,Protein of unknown function (DUF1433),-
group_1565,-,S,-,Terminase small subunit,-
group_434,-,-,-,-,-
group_129,-,S,-,"DNA-dependent transcription, termination",-
graS_2~~~graS_3,HATPase_c,T,nsaS,Histidine kinase,-
group_3494,"Ribosomal_L2,Ribosomal_L2_C",J,rplB,"One of the primary rRNA binding proteins. Required for association of the 30S and 50S subunits to form the 70S ribosome, for tRNA binding and peptide bond formation. It has been suggested to have peptidyltransferase activity","GO:0002181,GO:0003674,GO:0003676,GO:0003723,GO:0003735,GO:0005198,GO:0005488,GO:0005575,GO:0005622,GO:0005623,GO:0005737,GO:0005829,GO:0005840,GO:0006412,GO:0006518,GO:0006807,GO:0008150,GO:0008152,GO:0009058,GO:0009059,GO:0009987,GO:0010467,GO:0015934,GO:0019538,GO:0022625,GO:0022626,GO:0032991,GO:0034641,GO:0034645,GO:0043043,GO:0043170,GO:0043226,GO:0043228,GO:0043229,GO:0043232,GO:0043603,GO:0043604,GO:0044237,GO:0044238,GO:0044249,GO:0044260,GO:0044267,GO:0044271,GO:0044391,GO:0044422,GO:0044424,GO:0044444,GO:0044445,GO:0044446,GO:0044464,GO:0071704,GO:0097159,GO:1901363,GO:1901564,GO:1901566,GO:1901576,GO:1990904"
mobA~~~mobA_1~~~mobA_2,NTP_transf_3,H,mobA,Transfers a GMP moiety from GTP to Mo-molybdopterin (Mo- MPT) cofactor (Moco or molybdenum cofactor) to form Mo- molybdopterin guanine dinucleotide (Mo-MGD) cofactor,-
group_3240,AAA_10,S,-,AAA-like domain,-
group_3241,"Amidase_5,CHAP,Glucosaminidase",M,-,Mannosyl-glycoprotein endo-beta-N-acetylglucosaminidase,-
group_3229,-,-,-,-,-
group_3230,-,-,-,-,-
group_3497,RadC,L,-,RadC-like JAB domain,-
group_3499,YolD,S,-,YolD-like protein,-
group_3500,-,S,-,YolD-like protein,-
group_3503,-,S,-,response to antibiotic,-
group_3505,PhdYeFM_antitox,D,-,Antitoxin component of a toxin-antitoxin (TA) module,-
group_3506,YoeB_toxin,S,-,"ParE toxin of type II toxin-antitoxin system, parDE",-
hin~~~hin_1~~~hin_4~~~hin_3,"HTH_11,HTH_7,Resolvase",L,-,"Resolvase, N terminal domain",-
abgT_2,ABG_transport,H,ydaH,transporter,-
group_3511,"HTH_1,LysR_substrate",K,-,"PFAM Bacterial regulatory helix-turn-helix protein, lysR family",-
leuA_1,HMGL-like,E,-,Catalyzes the retro-aldol cleavage of 4-hydroxy-2- oxopentanoate to pyruvate and acetaldehyde. Is involved in the meta-cleavage pathway for the degradation of aromatic compounds,-
rutB_1,Isochorismatase,Q,-,"hydrolase activity, acting on carbon-nitrogen (but not peptide) bonds, in linear amides",-
group_3512,Isochorismatase,Q,-,COG1335 Amidases related to nicotinamidase,-
group_3513,TauD,-,-,-,-
group_3514,Cupin_7,T,-,ChrR Cupin-like domain,-
group_3515,MFS_1,G,-,Major Facilitator Superfamily,-
leuC_1,Aconitase,E,leuC,"Catalyzes the isomerization between 2-isopropylmalate and 3-isopropylmalate, via the formation of 2-isopropylmaleate","GO:0005575,GO:0005618,GO:0005623,GO:0030312,GO:0044464,GO:0071944"
leuD_1,Aconitase_C,E,leuD,"Catalyzes the isomerization between 2-isopropylmalate and 3-isopropylmalate, via the formation of 2-isopropylmaleate",-
group_3516,NAD_binding_9,S,-,FAD-NAD(P)-binding,-
creE,-,F,-,FAD-NAD(P)-binding,-
aspC,Aminotran_1_2,E,-,"Psort location Cytoplasmic, score",-
group_3517,Aminotran_1_2,E,phhC,Aminotransferase class I and II,-
gap,"Gp_dh_C,Gp_dh_N",C,gap,"Glyceraldehyde 3-phosphate dehydrogenase, C-terminal domain",-
group_1920,DUF4263,S,-,Domain of unknown function (DUF4263),-
group_937,DUF4209,J,-,Domain of unknown function (DUF4209),-
ggt~~~ggt_1,"Cu_amine_oxidN1,G_glu_transpept",E,ggt,Gamma-glutamyltranspeptidase,-
group_2877,"AlbA_2,HATPase_c_4,HTH_24",K,-,Putative ATP-dependent DNA helicase recG C-terminal,-
group_1849,-,LO,-,the current gene model (or a revised gene model) may contain a frame shift,-
group_1850,-,LO,-,the current gene model (or a revised gene model) may contain a frame shift,-
group_1195,-,-,-,-,-
group_1851,"Fic,Peptidase_M78",E,-,Pfam:DUF955,-
sirB~~~cbiX,CbiX,S,cbiX,CbiX,-
group_2449,Methylase_S,V,-,type I restriction modification DNA specificity domain,-
group_2448,DNA_processg_A,LU,dprA,DNA protecting protein DprA,-
group_3061,-,-,-,-,-
group_1567,-,S,-,Pfam PF07252,-
group_785,DUF2974,IU,-,multivesicular body membrane disassembly,-
group_3520,-,S,-,calcium ion binding,-
group_3521,ERF,S,-,ERF superfamily,-
group_127,ECF-ribofla_trS,S,-,UPF0397 protein,-
fadB,"3HCDH,3HCDH_N,ECH_1",I,fadN,Belongs to the enoyl-CoA hydratase isomerase family,-
group_3522,-,L,-,Transposase for ISSha1,-
group_3523,"HTH_Crp_2,cNMP_binding",T,-,COG0664 cAMP-binding proteins - catabolite gene activator and regulatory subunit of cAMP-dependent protein kinases,-
copZ_1,HMA,P,-,Heavy-metal-associated domain,-
group_3524,-,D,-,Di-iron-containing protein involved in the repair of iron-sulfur clusters,-
group_3525,-,P,-,Heavy-metal-associated domain,-
cadA,"E1-E2_ATPase,Hydrolase",P,cadA,E1-E2 ATPase,-
group_3526,HTH_3,K,-,Helix-turn-helix XRE-family like proteins,-
group_3527,HTH_Tnp_1,L,-,COG2963 Transposase and inactivated derivatives,-
group_3528,-,L,-,PFAM Integrase catalytic region,-
zosA,"E1-E2_ATPase,Hydrolase",P,cadA,E1-E2 ATPase,-
group_1067,-,-,-,-,-
hylB,"Big_2,F5_F8_type_C,FIVAR,Gram_pos_anchor,Lyase_8,Lyase_8_C,Lyase_8_N,YSIRK_signal",N,hylB,"Polysaccharide lyase family 8, N terminal alpha-helical domain","GO:0005575,GO:0005576"
group_3529,-,L,-,Helix-turn-helix domain,-
group_3530,-,L,-,Helix-turn-helix domain,-
group_3531,HNH_2,V,-,HNH endonuclease,-
group_3532,MethyltransfD12,L,-,D12 class N6 adenine-specific DNA methyltransferase,-
group_3533,-,-,-,-,-
xerC_3,"Arm-DNA-bind_4,Phage_int_SAM_3,Phage_integrase",L,-,Belongs to the 'phage' integrase family,-
group_1854,-,-,-,-,-
group_1856,DUF771,S,-,Domain of unknown function (DUF771),-
group_1857,RepA_N,S,repA,Replication initiator protein A (RepA) N-terminus,-
group_1861,-,M,-,domain protein,-
group_1862,-,M,-,domain protein,-
group_1863,-,M,-,domain protein,-
group_1865,TrbC,S,-,TrbC/VIRB2 family,-
group_1868,T4SS-DNA_transf,U,-,TraM recognition site of TraD and TraG,-
group_1869,-,I,-,mechanosensitive ion channel activity,-
group_1872,-,-,-,-,-
group_1873,DUF87,U,-,type IV secretory pathway VirB4,-
group_1874,"Amidase_5,CHAP,Glucosaminidase",M,-,Mannosyl-glycoprotein endo-beta-N-acetylglucosaminidase,-
group_1876,-,-,-,-,-
group_1879,-,L,-,four-way junction helicase activity,-
group_1880,"Topoisom_bac,Toprim,Toprim_Crpt",L,-,Bacterial DNA topoisomerase I DNA-binding domain,-
group_1881,Abi,V,-,CAAX protease self-immunity,-
strA,Sortase,M,srtA,Sortase family,-
group_1883,-,E,-,DNA primase activity,-
group_1884,-,S,-,"Psort location Cytoplasmic, score 8.87",-
group_1885,Peptidase_M78,E,-,IrrE N-terminal-like domain,-
group_1886,FRG,-,-,-,-
group_3534,RepA_N,S,-,Replication initiator protein A (RepA) N-terminus,-
group_636,"Acetyltransf_1,Acetyltransf_9",S,-,Acetyltransferase (GNAT) domain,-
group_637,Cass2,K,-,Integron-associated effector binding protein,-
group_638,-,-,-,-,-
group_1491,Gram_pos_anchor,-,-,-,-
group_877,Rep_1,L,-,Replication protein,-
group_190,OmpA,M,-,translation initiation factor activity,-
group_1287,PTS_EIIC_2,S,-,"Phosphotransferase system, EIIC",-
group_639,-,-,-,-,-
group_640,-,-,-,-,-
group_844,RVT_1,L,-,Reverse transcriptase (RNA-dependent DNA polymerase),-
cas1,Cas_Cas1,L,cas1,CRISPR associated protein Cas1,-
group_748,Methylase_S,V,-,type i restriction,-
group_1299,DUF2294,S,-,Uncharacterized conserved protein (DUF2294),-
satA_1~~~satA~~~wecD_1,Acetyltransf_1,K,-,Acetyltransferase (GNAT) domain,-
group_3539,DUF1002,S,ypuA,Protein of unknown function (DUF1002),-
group_3244,-,-,-,-,-
group_3242,"Amidase_5,CHAP,Glucosaminidase",M,-,Mannosyl-glycoprotein endo-beta-N-acetylglucosaminidase,-
group_3256,TrbL,M,-,"Psort location CytoplasmicMembrane, score",-
group_3228,HTH_3,K,-,sequence-specific DNA binding,-
glcK~~~nagK,ROK,G,glcK,glucokinase,"GO:0003674,GO:0003824,GO:0004340,GO:0004396,GO:0005575,GO:0005622,GO:0005623,GO:0005737,GO:0005975,GO:0006793,GO:0006796,GO:0008150,GO:0008152,GO:0009987,GO:0016301,GO:0016310,GO:0016740,GO:0016772,GO:0016773,GO:0019200,GO:0019637,GO:0044237,GO:0044238,GO:0044262,GO:0044424,GO:0044464,GO:0046835,GO:0051156,GO:0071704,GO:1901135"
queE_2~~~queE_1,"Fer4_12,Fer4_14,Radical_SAM,YfkB",S,yfkA,Radical SAM,-
group_235,TM2,S,-,TM2 domain,-
cca,"PolyA_pol,PolyA_pol_RNAbd,tRNA_NucTran2_2",J,cca,"Catalyzes the addition and repair of the essential 3'- terminal CCA sequence in tRNAs without using a nucleic acid template. Adds these three nucleotides in the order of C, C, and A to the tRNA nucleotide-73, using CTP and ATP as substrates and producing inorganic pyrophosphate",-
nucH_1~~~nucH_2~~~nucH,SNase,L,nucI,thermonuclease,-
acuA,Acetyltransf_1,K,acuA,"Part of the acuABC operon, which is possibly involved in the breakdown of acetoin and butanediol. Acts as an acetyltransferase inactivating acetyl-CoA synthetase AcsA via acetylation at a Lys residue","GO:0001101,GO:0003674,GO:0003824,GO:0006066,GO:0006355,GO:0006950,GO:0007154,GO:0007584,GO:0008150,GO:0008152,GO:0009056,GO:0009267,GO:0009605,GO:0009847,GO:0009889,GO:0009890,GO:0009892,GO:0009987,GO:0009991,GO:0010033,GO:0010034,GO:0010468,GO:0010556,GO:0010558,GO:0010605,GO:0010629,GO:0016407,GO:0016491,GO:0016614,GO:0016616,GO:0016740,GO:0016746,GO:0016747,GO:0019152,GO:0019219,GO:0019222,GO:0019751,GO:0031323,GO:0031324,GO:0031326,GO:0031327,GO:0031667,GO:0031668,GO:0031669,GO:0031670,GO:0032502,GO:0033554,GO:0034077,GO:0034078,GO:0034311,GO:0034313,GO:0042149,GO:0042180,GO:0042182,GO:0042221,GO:0042594,GO:0042844,GO:0042846,GO:0043894,GO:0044237,GO:0044248,GO:0044281,GO:0044282,GO:0045013,GO:0045014,GO:0045149,GO:0045150,GO:0045892,GO:0045934,GO:0045990,GO:0046015,GO:0046164,GO:0046174,GO:0046677,GO:0048519,GO:0048523,GO:0050789,GO:0050794,GO:0050896,GO:0051171,GO:0051172,GO:0051252,GO:0051253,GO:0051716,GO:0055114,GO:0060255,GO:0061984,GO:0061985,GO:0061986,GO:0065007,GO:0070887,GO:0071229,GO:0071236,GO:0071310,GO:0071311,GO:0071496,GO:0071704,GO:0080090,GO:1901575,GO:1901615,GO:1901616,GO:1901700,GO:1901701,GO:1902652,GO:1902679,GO:1903506,GO:1903507,GO:2000112,GO:2000113,GO:2001141"
tagU_3~~~tagU_2~~~tagU_1,LytR_cpsA_psr,K,capM,transcriptional,-
group_3802,-,S,yddG,maturation of SSU-rRNA,-
group_642,-,-,-,-,-
bin3_2,"HTH_23,HTH_7,Resolvase",L,tnpR,"Resolvase, N terminal domain",-
group_1387,"Topoisom_bac,Toprim",L,-,"Releases the supercoiling and torsional tension of DNA, which is introduced during the DNA replication and transcription, by transiently cleaving and rejoining one strand of the DNA duplex. Introduces a single-strand break via transesterification at a target site in duplex DNA. The scissile phosphodiester is attacked by the catalytic tyrosine of the enzyme, resulting in the formation of a DNA-(5'-phosphotyrosyl)-enzyme intermediate and the expulsion of a 3'-OH DNA strand. The free DNA strand then undergoes passage around the unbroken strand, thus removing DNA supercoils. Finally, in the religation step, the DNA 3'-OH attacks the covalent intermediate to expel the active-site tyrosine and restore the DNA phosphodiester backbone",-
group_1388,RVT_1,L,-,Reverse transcriptase (RNA-dependent DNA polymerase),-
topB_3,"Topoisom_bac,Toprim,Toprim_Crpt,zf-C4_Topoisom",L,traI,Bacterial DNA topoisomerase I DNA-binding domain,-
group_1389,Omega_Repress,S,-,Omega Transcriptional Repressor,-
group_1091,-,S,-,Pfam:Holin_SPP1,-
group_195,DMT_YdcZ,S,-,"Putative inner membrane exporter, YdcZ",-
hisD_1~~~hisG~~~hisG_1~~~hisG_2~~~hisD_2~~~hisD,Histidinol_dh,E,hisD,Catalyzes the sequential NAD-dependent oxidations of L- histidinol to L-histidinaldehyde and then to L-histidine,-
group_3536,-,S,-,Protein of unknown function (DUF443),-
group_648,AAA_31,D,-,Cellulose biosynthesis protein BcsQ,-
group_1889,"DDE_Tnp_1,DDE_Tnp_1_6,DUF772",L,-,COG3666 Transposase and inactivated derivatives,-
group_1890,-,L,-,"Resolvase, N terminal domain",-
group_1891,"DDE_Tnp_Tn3,DUF4158",L,-,Tn3 transposase DDE domain,-
group_1892,-,L,-,Transposase IS66 family,-
group_1893,HTH_3,K,-,Helix-turn-helix domain,-
tetS,"EFG_C,EFG_II,EFG_IV,GTP_EFTU",J,tetM,"Elongation factor G, domain IV",-
group_1894,-,-,-,-,-
group_1896,HTH_3,K,-,Helix-turn-helix XRE-family like proteins,-
group_1897,-,-,-,-,-
group_1898,-,-,-,-,-
group_1899,Fic,D,fic,Fic/DOC family,-
pinR,Resolvase,L,-,"Resolvase, N terminal domain","GO:0000150,GO:0003674,GO:0003824,GO:0006139,GO:0006259,GO:0006310,GO:0006725,GO:0006807,GO:0008150,GO:0008152,GO:0009987,GO:0034641,GO:0043170,GO:0044237,GO:0044238,GO:0044260,GO:0046483,GO:0071704,GO:0090304,GO:0140097,GO:1901360"
group_1900,"HTH_21,rve",L,-,Integrase core domain,-
group_1901,HTH_Tnp_1,L,-,Transposase,-
group_1902,-,-,-,-,-
soj_1,AAA_31,D,-,Cellulose biosynthesis protein BcsQ,-
group_1903,PriCT_1,K,-,Primase C terminal 1 (PriCT-1),-
group_1904,-,-,-,-,-
group_1905,rve,L,-,PFAM Integrase catalytic region,-
group_1906,-,-,-,-,-
gdpP_1,"DHH,DHHA1",T,yybT,signaling protein consisting of a modified GGDEF domain and a DHH domain,-
group_1233,Nitroreductase,C,frp,nitroreductase,-
group_2146,YtxH,S,-,gas vesicle protein,-
group_3538,"Pkinase,Ras_bdg_2,SAM_1,SAM_2",T,STE11,to Saccharomyces cerevisiae STE11 (YLR362W),"GO:0000003,GO:0000161,GO:0000165,GO:0000186,GO:0000196,GO:0000746,GO:0000747,GO:0000749,GO:0000750,GO:0000935,GO:0001402,GO:0001403,GO:0001932,GO:0001934,GO:0003674,GO:0003824,GO:0004672,GO:0004674,GO:0004709,GO:0005488,GO:0005515,GO:0005575,GO:0005622,GO:0005623,GO:0005737,GO:0005886,GO:0006464,GO:0006468,GO:0006793,GO:0006796,GO:0006807,GO:0006950,GO:0006970,GO:0007124,GO:0007154,GO:0007165,GO:0007186,GO:0007231,GO:0007232,GO:0007346,GO:0008150,GO:0008152,GO:0009266,GO:0009408,GO:0009628,GO:0009893,GO:0009966,GO:0009967,GO:0009987,GO:0010033,GO:0010514,GO:0010525,GO:0010528,GO:0010562,GO:0010564,GO:0010604,GO:0010646,GO:0010647,GO:0010941,GO:0016020,GO:0016049,GO:0016301,GO:0016310,GO:0016740,GO:0016772,GO:0016773,GO:0019220,GO:0019222,GO:0019236,GO:0019538,GO:0019904,GO:0019953,GO:0022414,GO:0022603,GO:0023014,GO:0023051,GO:0023052,GO:0023056,GO:0030428,GO:0030447,GO:0031098,GO:0031136,GO:0031137,GO:0031139,GO:0031323,GO:0031325,GO:0031399,GO:0031401,GO:0032005,GO:0032093,GO:0032147,GO:0032153,GO:0032155,GO:0032268,GO:0032270,GO:0033554,GO:0033674,GO:0034306,GO:0034307,GO:0034605,GO:0035556,GO:0036211,GO:0036267,GO:0040007,GO:0042173,GO:0042221,GO:0042325,GO:0042327,GO:0042981,GO:0043067,GO:0043085,GO:0043170,GO:0043405,GO:0043406,GO:0043408,GO:0043410,GO:0043412,GO:0043549,GO:0043900,GO:0043902,GO:0043937,GO:0043940,GO:0044093,GO:0044182,GO:0044237,GO:0044238,GO:0044260,GO:0044267,GO:0044424,GO:0044464,GO:0044703,GO:0044764,GO:0045595,GO:0045859,GO:0045860,GO:0045937,GO:0046999,GO:0048518,GO:0048522,GO:0048583,GO:0048584,GO:0050789,GO:0050790,GO:0050793,GO:0050794,GO:0050896,GO:0051171,GO:0051173,GO:0051174,GO:0051246,GO:0051247,GO:0051286,GO:0051338,GO:0051347,GO:0051403,GO:0051445,GO:0051704,GO:0051716,GO:0051726,GO:0060255,GO:0060284,GO:0065007,GO:0065009,GO:0070783,GO:0070887,GO:0071214,GO:0071310,GO:0071444,GO:0071470,GO:0071507,GO:0071554,GO:0071704,GO:0071900,GO:0071902,GO:0071944,GO:0080090,GO:0104004,GO:0140096,GO:1901564,GO:1902531,GO:1902533,GO:2000241,GO:2000243"
group_643,YopX,S,-,YopX protein,-
arg~~~arg_1~~~arg_2,Arginase,E,rocF,Belongs to the arginase family,-
group_1130,FtsK_SpoIIIE,D,-,FtsK/SpoIIIE family,-
group_645,Abi_2,V,-,Abi-like protein,-
dinG_1~~~dinG~~~dinG_2,"DEAD,Helicase_C_2,RNase_T,ResIII",L,dinG,helicase involved in DNA repair and perhaps also replication,"GO:0003674,GO:0003824,GO:0004518,GO:0004527,GO:0005575,GO:0005622,GO:0005623,GO:0005737,GO:0005829,GO:0006139,GO:0006259,GO:0006260,GO:0006261,GO:0006281,GO:0006725,GO:0006807,GO:0006950,GO:0006974,GO:0008150,GO:0008152,GO:0008408,GO:0009058,GO:0009059,GO:0009360,GO:0009987,GO:0016787,GO:0016788,GO:0032991,GO:0033554,GO:0034641,GO:0034645,GO:0042575,GO:0043170,GO:0044237,GO:0044238,GO:0044249,GO:0044260,GO:0044424,GO:0044444,GO:0044464,GO:0044776,GO:0045004,GO:0045005,GO:0046483,GO:0050896,GO:0051716,GO:0061695,GO:0071704,GO:0090304,GO:0090305,GO:1901360,GO:1901576,GO:1902494,GO:1990234"
prfB,"PCRF,RF-1",J,prfB,Peptide chain release factor 2 directs the termination of translation in response to the peptide chain termination codons UGA and UAA,"GO:0005575,GO:0005622,GO:0005623,GO:0005737,GO:0044424,GO:0044464"
group_341,DUF3147,S,-,Protein of unknown function (DUF3147),-
scmK,Bac_luciferase,C,-,Luciferase-like monooxygenase,-
group_646,-,-,-,-,-
yydG,"Fer4_12,Radical_SAM",S,-,4Fe-4S single cluster domain,-
yydH_2~~~yydH_1~~~yydH,-,S,-,Peptidase M50,-
group_3803,Methylase_S,V,-,Type I restriction modification DNA specificity domain,-
hlgC_2~~~hlgC~~~lukS~~~hlgC_1~~~hlgC_3~~~hlgA_2~~~hlgA~~~hlgA_1~~~hlgA_3,-,S,-,cell killing,-
group_1099,-,-,-,-,-
czcD_1~~~czcD_2,Cation_efflux,P,-,Co Zn Cd efflux system component,-
yagU,DUF1440,S,-,Protein of unknown function (DUF1440),-
femA_1~~~femA_2~~~femA_3,FemAB,V,femA,Methicillin resistance,-
group_1911,Abi,S,-,CAAX protease self-immunity,-
group_1019,Phage_XkdX,S,-,Phage uncharacterised protein (Phage_XkdX),-
group_1535,RepA_N,S,-,Replication initiator protein A (RepA) N-terminus,-
group_485,-,-,-,-,-
group_419,-,-,-,-,-
ydhK~~~ydhK_1,DUF1541,M,-,Protein of unknown function (DUF1541),-
group_1927,HTH_3,K,-,Helix-turn-helix XRE-family like proteins,-
group_1930,DUF4467,S,-,Domain of unknown function with cystatin-like fold (DUF4467),-
group_1931,-,-,-,-,-
group_2314,FA_desaturase,I,-,Fatty acid desaturase,-
group_1591,DUF2974,IU,-,multivesicular body membrane disassembly,-
group_3541,-,-,-,-,-
group_1932,-,-,-,-,-
group_1933,DUF4868,S,-,Domain of unknown function (DUF4868),-
glcU_2~~~glcU_1,Sugar_transport,U,rbsU,ribose uptake protein rbsU,-
guaC_1,-,S,-,purine nucleotide metabolic process,-
ssaA~~~ssaA_1~~~ssaA_2,-,S,-,secretory antigen,-
group_653,HTH_11,-,-,-,-
group_655,-,-,-,-,-
group_658,HTH_3,K,-,Cro/C1-type HTH DNA-binding domain,-
group_3542,Abi_2,V,-,Abi-like protein,-
lukEv_1,Leukocidin,S,-,cell killing,-
group_3544,TauE,S,-,Sulfite exporter TauE/SafE,-
group_3545,-,L,-,COG3316 Transposase and inactivated derivatives,-
group_3546,TauE,S,-,Sulfite exporter TauE/SafE,-
group_3547,DDE_Tnp_IS240,L,-,COG3316 Transposase and inactivated derivatives,-
group_3548,Rep_1,L,-,Replication protein,-
group_3549,Mob_Pre,D,-,Plasmid recombination enzyme,-
group_3550,Mob_Pre,D,-,Plasmid recombination enzyme,-
pre_2,Mob_Pre,D,-,Plasmid recombination enzyme,-
group_3551,-,E,-,Glyoxalase-like domain,-
knt_3,KNTase_C,S,-,KNTase C-terminal domain,-
group_2016,DUF334,S,-,Domain of unknown function (DUF334),-
paiA_1~~~paiA,"Acetyltransf_1,Acetyltransf_10",K,paiA,Acetyltransferase (GNAT) domain,-
csbB,Glycos_transf_2,M,-,COG0463 Glycosyltransferases involved in cell wall biogenesis,-
group_3143,-,-,-,-,-
cls_1~~~cls_2~~~cls_3~~~clsA,"PLDc_2,PLDc_N",I,cls1,Catalyzes the reversible phosphatidyl group transfer from one phosphatidylglycerol molecule to another to form cardiolipin (CL) (diphosphatidylglycerol) and glycerol,-
group_3033,-,-,-,-,-
group_763,-,S,-,Protein of unknown function (DUF443),-
group_819,-,S,-,Protein of unknown function (DUF443),-
tagX~~~tagX_1~~~tagX_2,Glycos_transf_2,S,tagX,teichoic acid biosynthesis protein,-
group_1934,-,-,-,-,-
group_1935,Coagulase,S,-,Staphylococcus aureus coagulase,-
group_1405,YkyA,L,-,Putative cell-wall binding lipoprotein,-
group_837,Methylase_S,V,hsdS,type I restriction modification DNA specificity domain protein,-
group_1937,-,-,-,-,-
sbnF_1~~~sbnF~~~sbnF_2,"FhuF,IucA_IucC",Q,-,Ferric iron reductase FhuF-like transporter,-
fcs~~~lcfB,"AMP-binding,AMP-binding_C",IQ,-,AMP-binding enzyme C-terminal domain,-
dabA2~~~dabA~~~dabA_1~~~dabA_2,DUF2309,S,ybcC,Belongs to the UPF0753 family,-
group_1939,Acetyltransf_3,J,-,Acetyltransferase (GNAT) domain,-
group_177,bPH_2,S,ydbS,Bacterial PH domain,-
map_3,MAP,S,-,MAP domain,-
map_4,MAP,S,-,MAP domain,-
group_3552,DUF576,M,-,Csa1 family,-
ureF~~~ureF_1~~~ureF_2,UreF,O,ureF,Required for maturation of urease via the functional incorporation of the urease nickel metallocenter,-
group_1603,-,-,-,-,-
group_1201,Phage_H_T_join,-,-,-,-
nrgA~~~nrgA_1~~~nrgA_2,Ammonium_transp,P,amt,ammonium transporter,-
group_2795,-,-,-,-,-
group_95,-,-,-,-,-
group_1240,DUF488,S,yeaO,"Protein of unknown function, DUF488",-
group_3553,Holin_SPP1,S,xhlB,SPP1 phage holin,-
group_3554,"Amidase_3,CHAP,LysM,Peptidase_M23,SH3_5",M,-,N-acetylmuramoyl-L-alanine amidase,-
divIB,"FtsQ,POTRA_1",D,divIB,Cell division protein that may be involved in stabilizing or promoting the assembly of the division complex,-
dauA,Sulfate_transp,P,-,Sulfate permease,-
group_986,Abi,S,-,CAAX protease self-immunity,-
pepA_2~~~pepA_1,"Peptidase_M17,Peptidase_M17_N",E,pepA,Presumably involved in the processing and regular turnover of intracellular proteins. Catalyzes the removal of unsubstituted N-terminal amino acids from various peptides,-
group_3026,"ATP-grasp,ATP-grasp_3,CPSase_L_D2",M,-,COG0458 Carbamoylphosphate synthase large subunit (split gene in MJ),-
rhaS_2~~~rhaS_1~~~rhaS,"AraC_binding,HTH_18",K,-,Transcriptional regulator,-
group_272,UT,E,yut,urea transporter,-
sndA_2~~~amaA,"M20_dimer,Peptidase_M20",E,-,Peptidase dimerisation domain,-
group_1941,-,L,-,PFAM Integrase catalytic region,-
group_1942,"NAD_binding_10,NmrA",GM,-,NmrA-like family,-
hxlR,HxlR,K,-,HxlR-like helix-turn-helix,-
group_1943,-,L,-,Helix-turn-helix domain,-
group_3556,"Competence,DUF4131,Lactamase_B",S,comEC,Competence protein ComEC,-
group_1944,DUF3969,S,-,Protein of unknown function (DUF3969),-
group_1945,"PT-HINT,RHS_repeat",M,-,COG3209 Rhs family protein,-
group_805,-,-,-,-,-
group_3557,Methyltransf_11,Q,-,methyltransferase,-
group_1431,-,-,-,-,-
yciC_1~~~yciC_2,"CobW_C,cobW",S,-,Cobalamin synthesis protein cobW C-terminal domain,-
uppP_1~~~uppP,BacA,V,uppP,Catalyzes the dephosphorylation of undecaprenyl diphosphate (UPP). Confers resistance to bacitracin,-
argO_1~~~argO_2,LysE,S,-,LysE type translocator,-
group_354,bPH_2,S,ydbT,Overlaps another CDS with the same product name,-
group_28,-,-,-,-,-
mleN_2~~~mleN_1~~~nhaC~~~mleN_3,Na_H_antiporter,C,nhaC,Na H antiporter,-
group_3558,Pyr_redox_2,S,-,Pyridine nucleotide-disulphide oxidoreductase,-
gloB,"Lactamase_B,Rhodanese",P,baeB,Rhodanese Homology Domain,-
glpE,"DrsE_2,Rhodanese,TusA",OP,yrkE,Belongs to the sulfur carrier protein TusA family,-
group_3559,Trns_repr_metal,S,csoR,Metal-sensitive transcriptional repressor,-
group_3560,TauE,S,yrkJ,membrane transporter protein,-
ywqE_1~~~ywqE_2~~~cpsB,-,GM,-,Capsular polysaccharide biosynthesis protein,-
group_1490,"CHAP,Glucosaminidase,Peptidase_M23",NU,-,Mannosyl-glycoprotein endo-beta-N-acetylglucosaminidase,-
group_2980,-,-,-,-,-
norB_3~~~norB_4~~~norB_1~~~norB_2,-,EGP,-,of the major facilitator superfamily,-
group_816,DUF3885,S,-,Domain of unknown function (DUF3885),-
group_2952,-,-,-,-,-
isdH_2~~~isdH_1~~~isdH~~~isdH_3,"NEAT,YSIRK_signal",M,-,binding,-
group_627,"FtsK_SpoIIIE,Ftsk_gamma",D,sftA,Belongs to the FtsK SpoIIIE SftA family,-
nisB,"Lant_dehydr_C,Lant_dehydr_N",S,bsaB,"Lantibiotic dehydratase, C terminus",-
entC1~~~entC3~~~entB~~~entC2~~~entC1_2~~~entC3_2~~~entB_1,-,S,-,"Staphylococcal/Streptococcal toxin, OB-fold domain",-
ftsK,"FtsK_4TM,FtsK_SpoIIIE,Ftsk_gamma",D,ftsK,Belongs to the FtsK SpoIIIE SftA family,"GO:0000003,GO:0006355,GO:0008150,GO:0009889,GO:0010468,GO:0010556,GO:0019219,GO:0019222,GO:0019954,GO:0030436,GO:0031323,GO:0031326,GO:0032502,GO:0043934,GO:0050789,GO:0050794,GO:0051171,GO:0051252,GO:0060255,GO:0065007,GO:0080090,GO:1903506,GO:2000112,GO:2001141"
group_3562,-,L,-,Helix-turn-helix domain,-
group_1948,HicA_toxin,N,-,"HicA toxin of bacterial toxin-antitoxin,",-
group_1949,HicB_lk_antitox,S,-,HicB_like antitoxin of bacterial toxin-antitoxin system,-
group_2263,HTH_23,L,-,transposase activity,-
group_1950,CW_binding_2,M,-,cell wall binding repeat 2-containing protein,-
group_2789,-,S,-,Phage gp6-like head-tail connector protein,-
group_1951,-,-,-,-,-
group_1952,-,-,-,-,-
group_29,ABC2_membrane,GM,-,"COG1682 ABC-type polysaccharide polyol phosphate export systems, permease component",-
group_2107,DJ-1_PfpI,S,yraA,intracellular protease,-
pnbA_2,COesterase,I,-,Belongs to the type-B carboxylesterase lipase family,-
group_3563,MAP,S,-,MAP domain,-
hlb_1~~~hlb_2~~~hlb~~~hlb_3,Exo_endo_phos,S,hlb,Endonuclease/Exonuclease/phosphatase family,"GO:0005575,GO:0005576"
tsaE,TsaE,S,ydiB,Threonylcarbamoyl adenosine biosynthesis protein TsaE,"GO:0002949,GO:0006139,GO:0006396,GO:0006399,GO:0006400,GO:0006725,GO:0006807,GO:0008033,GO:0008150,GO:0008152,GO:0009451,GO:0009987,GO:0010467,GO:0016070,GO:0034470,GO:0034641,GO:0034660,GO:0043170,GO:0043412,GO:0044237,GO:0044238,GO:0046483,GO:0070525,GO:0071704,GO:0090304,GO:1901360"
murE~~~murE_1~~~murE_2,"Mur_ligase,Mur_ligase_C,Mur_ligase_M",M,murE,Catalyzes the addition of L-lysine to the nucleotide precursor UDP-N-acetylmuramoyl-L-alanyl-D-glutamate (UMAG) in the biosynthesis of bacterial cell-wall peptidoglycan,-
yfmC_1~~~yfmC_2~~~yfmC_3~~~yhfQ,Peripla_BP_2,P,-,"COG4594 ABC-type Fe3 -citrate transport system, periplasmic component",-
sspB~~~sspB_1~~~sspB_2,"Peptidase_C47,Staphopain_pro",M,sspB,Staphopain proregion,"GO:0005575,GO:0005576"
pyrD~~~pyrD_1~~~pyrD_2,DHO_dh,F,pyrD,Catalyzes the conversion of dihydroorotate to orotate with quinone as electron acceptor,-
bceB_3~~~bceB_1~~~bceB_2,FtsX,V,vraG,ABC transporter (permease),-
group_2115,AAA_2,O,-,AAA domain (Cdc48 subfamily),-
group_3565,DUF5327,S,-,Family of unknown function (DUF5327),-
group_3569,Transposase_mut,L,-,"Transposase, Mutator family",-
group_1432,PemK_toxin,T,-,"PemK-like, MazF-like toxin of type II toxin-antitoxin system",-
group_3566,MobA_MobL,L,traA,MobA MobL family protein,-
group_661,DUF961,S,-,Bacterial protein of unknown function (DUF961),-
group_662,-,-,-,-,-
group_663,Rep_trans,L,-,Replication initiation factor,-
group_664,TpcC,S,yddB,Conjugative transposon protein TcpC,-
group_665,-,-,-,-,-
group_666,TcpE,S,yddD,TcpE family,-
group_667,AAA_10,S,yddE,AAA-like domain,"GO:0000746,GO:0005575,GO:0005623,GO:0008150,GO:0009291,GO:0009292,GO:0009987,GO:0044464,GO:0044764,GO:0051704,GO:0060187"
group_668,FtsK_SpoIIIE,D,ydcQ,FtsK/SpoIIIE family,-
group_669,"Amidase_5,CHAP,Glucosaminidase",M,-,Mannosyl-glycoprotein endo-beta-N-acetylglucosaminidase,-
group_1954,DUF4467,S,-,Domain of unknown function with cystatin-like fold (DUF4467),-
group_670,-,L,-,"transposase and inactivated derivatives, IS30 family",-
group_804,"HTH_38,rve",L,-,"to gi 2673748 emb CAA05973.1 Lactobacillus casei , percent identity 49 in 332 aa, BLASTP E() 2e-77",-
group_1955,AlbA_2,K,-,Putative DNA-binding domain,-
group_1956,-,-,-,-,-
folP~~~folP_1~~~folP_2,Pterin_bind,H,folP,"Catalyzes the condensation of para-aminobenzoate (pABA) with 6-hydroxymethyl-7,8-dihydropterin diphosphate (DHPt-PP) to form 7,8-dihydropteroate (H2Pte), the immediate precursor of folate derivatives","GO:0003674,GO:0003824,GO:0004156,GO:0005575,GO:0005622,GO:0005623,GO:0005737,GO:0005829,GO:0006082,GO:0006575,GO:0006725,GO:0006732,GO:0006760,GO:0006807,GO:0008150,GO:0008152,GO:0009058,GO:0009108,GO:0009396,GO:0009987,GO:0016053,GO:0016740,GO:0016765,GO:0018130,GO:0019438,GO:0019752,GO:0034641,GO:0042398,GO:0042558,GO:0042559,GO:0043436,GO:0043603,GO:0043604,GO:0044237,GO:0044249,GO:0044271,GO:0044281,GO:0044283,GO:0044424,GO:0044444,GO:0044464,GO:0046394,GO:0046483,GO:0046653,GO:0046654,GO:0051186,GO:0051188,GO:0071704,GO:1901360,GO:1901362,GO:1901564,GO:1901566,GO:1901576"
rnhB,RNase_HII,L,rnhB,Endonuclease that specifically degrades the RNA of RNA- DNA hybrids,"GO:0003674,GO:0003824,GO:0004518,GO:0004519,GO:0004521,GO:0004523,GO:0004540,GO:0005575,GO:0005622,GO:0005623,GO:0006139,GO:0006259,GO:0006260,GO:0006261,GO:0006271,GO:0006273,GO:0006281,GO:0006298,GO:0006401,GO:0006725,GO:0006807,GO:0006950,GO:0006974,GO:0008150,GO:0008152,GO:0009056,GO:0009057,GO:0009058,GO:0009059,GO:0009987,GO:0016070,GO:0016787,GO:0016788,GO:0016891,GO:0016893,GO:0019439,GO:0022616,GO:0032299,GO:0032991,GO:0033554,GO:0033567,GO:0034641,GO:0034645,GO:0034655,GO:0043137,GO:0043170,GO:0044237,GO:0044238,GO:0044248,GO:0044249,GO:0044260,GO:0044265,GO:0044270,GO:0044424,GO:0044464,GO:0046483,GO:0046700,GO:0050896,GO:0051716,GO:0071704,GO:0090304,GO:0090305,GO:0090501,GO:0090502,GO:0140098,GO:1901360,GO:1901361,GO:1901575,GO:1901576"
uppP_2~~~uppP_1,BacA,V,uppP,Catalyzes the dephosphorylation of undecaprenyl diphosphate (UPP). Confers resistance to bacitracin,-
group_3570,-,-,-,-,-
group_1958,-,-,-,-,-
group_1358,RinB,S,-,Transcriptional activator RinB,-
group_1244,-,S,-,aminoacyl-tRNA ligase activity,-
group_1959,"Ogr_Delta,Recombinase,Resolvase,Zn_ribbon_recom",L,-,Recombinase,-
group_3571,"CHAP,Glucosaminidase,SH3_3,SLH",G,-,Mannosyl-glycoprotein endo-beta-N-acetylglucosaminidase,-
rpmG1,Ribosomal_L33,J,rpmG2,Belongs to the bacterial ribosomal protein bL33 family,-
oppB_1~~~oppB~~~oppB_2~~~dppB~~~oppB_3,BPD_transp_1,P,oppB,"COG0601 ABC-type dipeptide oligopeptide nickel transport systems, permease components",-
group_3581,-,-,-,-,-
group_671,-,K,-,TRANSCRIPTIONal,-
group_672,HTH_3,K,-,Helix-turn-helix,-
group_673,NYN,S,-,NYN domain,-
group_1179,Transposase_mut,L,-,"Transposase, Mutator family",-
cntL~~~cntL_1~~~cntL_2,NAS,S,-,alcohol dehydrogenase,-
cna~~~cna_2~~~cna_1,"Cna_B,Collagen_bind",M,-,Collagen binding domain,-
selX~~~selX_2~~~selX_1,Stap_Strp_tox_C,S,-,"Staphylococcal/Streptococcal toxin, beta-grasp domain",-
group_1960,Sec-ASP3,S,asp3,Accessory Sec secretory system ASP3,-
group_1487,Tn916-Xis,S,-,Excisionase,-
group_1488,Rep_trans,K,-,Replication initiation factor,-
phnE_1~~~phnE_2,BPD_transp_1,P,ptxC,"Phosphonate ABC transporter, permease protein",-
arsC_1~~~arsC~~~arsC_2,LMWPc,T,arsC,Catalyzes the reduction of arsenate As(V) to arsenite As(III),-
cadC_2,HTH_5,K,-,"helix_turn_helix, Arsenical Resistance Operon Repressor",-
hsdR_1~~~hsdR_2,"EcoR124_C,HSDR_N,ResIII",L,hsdR,"Subunit R is required for both nuclease and ATPase activities, but not for modification",-
rbsD,RbsD_FucU,G,rbsD,Catalyzes the interconversion of beta-pyran and beta- furan forms of D-ribose,-
group_1364,-,S,-,calcium ion binding,-
group_3098,DUF1798,S,-,Bacterial domain of unknown function (DUF1798),-
group_1181,Halogen_Hydrol,S,xpaC,5-bromo-4-chloroindolyl phosphate hydrolysis protein,-
group_2014,MobC,S,-,Bacterial mobilisation protein (MobC),-
group_2015,Relaxase,U,-,Relaxase/Mobilisation nuclease domain,-
spoVG,SpoVG,D,spoVG,Could be involved in septation,-
group_290,"ComGF,N_methyl",U,comGF,Putative Competence protein ComGF,-
trpC~~~trpD2~~~trpD~~~trpD_2~~~trpD_1,"Glycos_trans_3N,Glycos_transf_3",F,trpD,Catalyzes the transfer of the phosphoribosyl group of 5- phosphorylribose-1-pyrophosphate (PRPP) to anthranilate to yield N-(5'-phosphoribosyl)-anthranilate (PRA),"GO:0000162,GO:0003674,GO:0003824,GO:0004048,GO:0004425,GO:0006082,GO:0006520,GO:0006568,GO:0006576,GO:0006586,GO:0006725,GO:0006807,GO:0008150,GO:0008152,GO:0008652,GO:0009058,GO:0009072,GO:0009073,GO:0009308,GO:0009309,GO:0009987,GO:0016053,GO:0016740,GO:0016757,GO:0016763,GO:0016829,GO:0016830,GO:0016831,GO:0018130,GO:0019438,GO:0019752,GO:0034641,GO:0042401,GO:0042430,GO:0042435,GO:0043436,GO:0044106,GO:0044237,GO:0044238,GO:0044249,GO:0044271,GO:0044281,GO:0044283,GO:0046219,GO:0046394,GO:0046483,GO:0071704,GO:1901360,GO:1901362,GO:1901564,GO:1901566,GO:1901576,GO:1901605,GO:1901607"
trpE~~~pabB,"Anth_synt_I_N,Chorismate_bind",EH,trpE,anthranilate synthase component I,"GO:0000162,GO:0003674,GO:0003824,GO:0004049,GO:0005575,GO:0005622,GO:0005623,GO:0005737,GO:0005950,GO:0006082,GO:0006520,GO:0006568,GO:0006576,GO:0006586,GO:0006725,GO:0006807,GO:0008150,GO:0008152,GO:0008652,GO:0009058,GO:0009072,GO:0009073,GO:0009308,GO:0009309,GO:0009987,GO:0016053,GO:0016829,GO:0016830,GO:0016833,GO:0018130,GO:0019438,GO:0019752,GO:0032991,GO:0034641,GO:0042401,GO:0042430,GO:0042435,GO:0043436,GO:0044106,GO:0044237,GO:0044238,GO:0044249,GO:0044271,GO:0044281,GO:0044283,GO:0044424,GO:0044444,GO:0044464,GO:0046219,GO:0046394,GO:0046483,GO:0071704,GO:1901360,GO:1901362,GO:1901564,GO:1901566,GO:1901576,GO:1901605,GO:1901607,GO:1902494"
deoB_2,Metalloenzyme,G,deoB,Phosphotransfer between the C1 and C5 carbon atoms of pentose,"GO:0003674,GO:0003824,GO:0005575,GO:0005622,GO:0005623,GO:0005737,GO:0005829,GO:0008973,GO:0016853,GO:0016866,GO:0016868,GO:0044424,GO:0044444,GO:0044464"
group_2012,"Helicase_C,ResIII",KL,-,"Type III restriction enzyme, res subunit",-
tatC2,TatC,U,tatC,Part of the twin-arginine translocation (Tat) system that transports large folded proteins containing a characteristic twin-arginine motif in their signal peptide across membranes,-
sbi~~~sbi_2~~~sbi_1,"B,Sbi-IV",M,-,Pfam:B,-
group_873,-,-,-,-,-
lacE_1~~~lacE_2~~~lacE,"PTS_EIIC,PTS_IIB",G,lacE,"PTS system, lactose-specific",-
group_1155,"Collagen,DUF2479,PTR",S,-,Domain of unknown function (DUF2479),-
group_1145,YolD,S,-,YolD-like protein,-
tsuB,TusA,O,yeeD,Belongs to the sulfur carrier protein TusA family,-
group_674,-,-,-,-,-
group_675,-,K,-,Pfam:DUF955,-
group_1962,Cass2,K,-,Integron-associated effector binding protein,-
group_1963,"ABC2_membrane_3,DUF3533",V,-,ABC-2 family transporter protein,-
group_1964,"TetR_C_8,TetR_N",K,XK27_06935,Transcriptional regulator,-
group_1965,CorA,P,corA,Transporter,-
group_1966,-,-,-,-,-
tdh,"ADH_N,ADH_zinc_N",C,-,Zinc-binding dehydrogenase,-
group_1967,"ADH_N,ADH_zinc_N",C,-,Zinc-binding dehydrogenase,-
group_1968,HTH_20,K,-,"helix_turn_helix, Arsenical Resistance Operon Repressor",-
group_1969,PadR,K,-,Transcriptional regulator PadR-like family,-
group_3586,"TetR_C_8,TetR_N",K,XK27_06935,Transcriptional regulator,-
group_836,HTH_5,K,arsR,"helix_turn_helix, Arsenical Resistance Operon Repressor",-
arsA,ArsA_ATPase,D,arsA,ArgK protein,-
arsD,ArsD,S,arsD,arsenical resistance operon,-
group_839,-,-,-,-,-
arsR,HTH_5,K,arsR,"helix_turn_helix, Arsenical Resistance Operon Repressor","GO:0001067,GO:0003674,GO:0003676,GO:0003677,GO:0005488,GO:0006355,GO:0008150,GO:0009889,GO:0010468,GO:0010556,GO:0019219,GO:0019222,GO:0031323,GO:0031326,GO:0044212,GO:0050789,GO:0050794,GO:0051171,GO:0051252,GO:0060255,GO:0065007,GO:0080090,GO:0097159,GO:1901363,GO:1903506,GO:2000112,GO:2001141"
group_840,ArsP_1,S,-,Predicted permease,-
group_1970,-,-,-,-,-
group_1971,-,-,-,-,-
lytM_2~~~lytM~~~lytM_1,Peptidase_M23,M,lytM,Peptidoglycan hydrolase,"GO:0003674,GO:0003824,GO:0004175,GO:0004222,GO:0005488,GO:0006508,GO:0006518,GO:0006807,GO:0008150,GO:0008152,GO:0008233,GO:0008237,GO:0008270,GO:0009056,GO:0009987,GO:0016151,GO:0016787,GO:0019538,GO:0030145,GO:0034641,GO:0043167,GO:0043169,GO:0043170,GO:0043171,GO:0043603,GO:0044237,GO:0044238,GO:0044248,GO:0046872,GO:0046914,GO:0050897,GO:0070011,GO:0071704,GO:0140096,GO:1901564,GO:1901565,GO:1901575"
group_3587,Methylase_S,V,-,Type I restriction modification DNA specificity domain,-
wclR_1~~~rfbX~~~rfbX_1~~~wclR~~~mshA~~~bshA_2~~~wclR_2~~~bshA_1~~~mshA_1,Wzy_C,M,-,O-Antigen ligase,-
group_1974,"HTH_21,rve",L,-,HTH-like domain,-
group_3588,Mob_Pre,D,-,Plasmid recombination enzyme,-
group_3589,-,-,-,-,-
group_3590,-,-,-,-,-
group_1975,"Big_3_2,Gram_pos_anchor,YSIRK_signal",M,-,"domain, Protein",-
group_1976,DUF1440,S,-,Protein of unknown function (DUF1440),-
group_1977,"DUF3427,Helicase_C,PLDc_2,ResIII",L,-,helicase,-
fas6_1,Lysine_decarbox,S,-,Possible lysine decarboxylase,-
group_3575,Rep_3,L,-,Initiator Replication protein,-
ribZ,MFS_1,EGP,-,Sugar (and other) transporter,-
group_3591,"HTH_20,HTH_5",K,-,"helix_turn_helix, Arsenical Resistance Operon Repressor",-
group_1335,NTP_transf_2,S,-,Nucleotidyltransferase domain,-
group_273,-,-,-,-,-
ssl7_1~~~ssl7_3~~~ssl7_2~~~ssl7_4~~~ssl7,-,S,-,Staphylococcal superantigen-like OB-fold domain,-
group_1978,"GIY-YIG,NUMOD3",L,-,NUMOD3 motif (2 copies),-
group_309,-,S,-,sequence-specific DNA binding,"GO:0001047,GO:0001067,GO:0003674,GO:0003676,GO:0003677,GO:0005488,GO:0005515,GO:0005575,GO:0006355,GO:0008150,GO:0009889,GO:0009890,GO:0009892,GO:0010468,GO:0010556,GO:0010558,GO:0010605,GO:0010629,GO:0010944,GO:0016032,GO:0019012,GO:0019042,GO:0019044,GO:0019219,GO:0019222,GO:0031323,GO:0031324,GO:0031326,GO:0031327,GO:0042802,GO:0043900,GO:0043902,GO:0043903,GO:0044212,GO:0044403,GO:0044419,GO:0045892,GO:0045934,GO:0046782,GO:0048518,GO:0048519,GO:0048523,GO:0048524,GO:0050434,GO:0050789,GO:0050792,GO:0050794,GO:0051171,GO:0051172,GO:0051252,GO:0051253,GO:0051704,GO:0060255,GO:0065007,GO:0080090,GO:0097159,GO:1901363,GO:1902679,GO:1903506,GO:1903507,GO:2000112,GO:2000113,GO:2001141"
group_323,-,S,-,Protein of unknown function (DUF1270),-
group_263,DUF4889,S,-,Domain of unknown function (DUF4889),-
group_1636,Disulph_isomer,S,-,Belongs to the UPF0403 family,-
group_1496,Methylase_S,V,-,Type I restriction modification DNA specificity domain protein,-
group_266,-,-,-,-,-
group_1980,"DDE_Tnp_ISL3,HTH_Tnp_ISL3,zf-ISL3",L,-,zinc-finger of transposase IS204/IS1001/IS1096/IS1165,-
group_1981,Metallothio_Pro,S,-,Prokaryotic metallothionein,-
group_1982,HTH_24,K,-,Sugar-specific transcriptional regulator TrmB,-
group_1983,-,L,-,PHP domain protein,-
group_3592,Rep_1,L,-,Replication protein,-
group_1249,-,-,-,-,-
group_3593,RepA_N,S,-,Replication initiator protein A (RepA) N-terminus,-
citN~~~citN_2~~~citM~~~citN_1,CitMHS,C,-,Citrate transporter,-
group_1059,MreD,M,mreD,Rod shape-determining protein MreD,-
fnbA_2,-,M,-,C-terminus of bacterial fibrinogen-binding adhesin,-
group_3805,DUF334,S,-,Domain of unknown function (DUF334),-
group_1284,DUF2951,S,-,Protein of unknown function (DUF2951),-
ubiE~~~ubiE_2~~~ubiE_1,"Methyltransf_11,Methyltransf_25,Methyltransf_31",Q,ubiE,Putative RNA methylase family UPF0020,-
rpsP,Ribosomal_S16,J,rpsP,Belongs to the bacterial ribosomal protein bS16 family,"GO:0003674,GO:0003735,GO:0005198,GO:0005575,GO:0005622,GO:0005623,GO:0005737,GO:0005840,GO:0006412,GO:0006518,GO:0006807,GO:0008150,GO:0008152,GO:0009058,GO:0009059,GO:0009987,GO:0010467,GO:0015935,GO:0019538,GO:0032991,GO:0034641,GO:0034645,GO:0043043,GO:0043170,GO:0043226,GO:0043228,GO:0043229,GO:0043232,GO:0043603,GO:0043604,GO:0044237,GO:0044238,GO:0044249,GO:0044260,GO:0044267,GO:0044271,GO:0044391,GO:0044422,GO:0044424,GO:0044444,GO:0044446,GO:0044464,GO:0071704,GO:1901564,GO:1901566,GO:1901576,GO:1990904"
group_1985,-,-,-,-,-
group_2104,-,S,yfkI,gas vesicle protein,-
group_100,SAP,S,-,SAP domain,-
group_1986,-,L,-,PFAM Integrase catalytic region,-
group_1987,-,L,-,PFAM Integrase catalytic region,-
group_3602,-,-,-,-,-
group_3603,YolD,S,-,YolD-like protein,-
group_3604,CsbD,S,-,CsbD-like,-
group_3606,-,-,-,-,-
group_3610,-,S,-,"COG0790 FOG TPR repeat, SEL1 subfamily",-
group_3611,"Topoisom_bac,Toprim,Toprim_Crpt",L,-,Bacterial DNA topoisomerase I DNA-binding domain,-
group_3612,Abi,S,-,CAAX protease self-immunity,-
group_3613,Sortase,M,srtA,Sortase family,-
group_3615,-,E,-,DNA primase activity,-
group_3618,"CHAP,LysM",M,-,LysM domain,-
group_3620,"Antigen_C,GbpC,Gram_pos_anchor",DM,XK27_00515,Glucan-binding protein C,-
group_3621,-,-,-,-,-
group_3623,"Amidase_5,CHAP,Glucosaminidase",M,-,Mannosyl-glycoprotein endo-beta-N-acetylglucosaminidase,-
group_3624,DUF87,U,-,type IV secretory pathway VirB4,-
group_3625,-,-,-,-,-
group_3626,-,-,-,-,-
group_3629,-,I,-,mechanosensitive ion channel activity,-
group_3630,T4SS-DNA_transf,U,-,TraM recognition site of TraD and TraG,-
group_3633,-,-,-,-,-
group_3636,-,L,-,transposase,-
group_3638,RepA_N,S,-,Replication initiator protein A (RepA) N-terminus,-
group_3639,AAA_31,D,-,Cellulose biosynthesis protein BcsQ,-
group_3644,OrfB_Zn_ribbon,L,-,the current gene model (or a revised gene model) may contain a frame shift,-
group_3645,"DUF1958,Peptidase_S11",M,-,Belongs to the peptidase S11 family,-
group_3646,-,S,-,CAAX protease self-immunity,-
ywrO_1~~~ywrO,Flavodoxin_2,S,ydeQ,Flavodoxin-like fold,-
group_1374,-,-,-,-,-
pabB~~~menF,"Aminotran_4,Chorismate_bind",EH,-,component I,-
group_1460,-,IU,-,multivesicular body membrane disassembly,-
group_746,-,S,-,peptidoglycan catabolic process,-
group_1991,"Big_2,F5_F8_type_C,FIVAR,Gram_pos_anchor,Lyase_8,Lyase_8_C,Lyase_8_N,YSIRK_signal",N,hylB,"Polysaccharide lyase family 8, N terminal alpha-helical domain","GO:0005575,GO:0005576"
group_1548,HTH_26,K,-,Cro/C1-type HTH DNA-binding domain,-
group_764,HTH_26,K,-,Cro/C1-type HTH DNA-binding domain,-
group_1504,CHAP,S,-,CHAP domain,-
bceB_3~~~bceB_1~~~bceB_2~~~yxdL~~~yxdL_1~~~yxdL_2~~~uup_1,FtsX,V,XK27_05700,ABC transporter (permease),-
group_3647,-,S,-,PVL ORF-50-like family,-
group_1992,-,-,-,-,-
group_1993,-,L,-,HNH endonuclease,-
group_3648,-,S,-,Protein of unknown function (DUF3800),-
group_3649,-,L,-,Transposase,-
group_1994,-,M,-,sporulation resulting in formation of a cellular spore,-
group_1995,-,-,-,-,-
group_1996,-,L,-,COG2801 Transposase and inactivated derivatives,-
group_1997,"HTH_21,rve,rve_2",L,-,Integrase core domain protein,-
group_1998,-,L,-,Helix-turn-helix domain,-
group_240,Staph_haemo,S,-,antibacterial protein,-
group_3650,"Topoisom_bac,Toprim",L,topB,"Releases the supercoiling and torsional tension of DNA, which is introduced during the DNA replication and transcription, by transiently cleaving and rejoining one strand of the DNA duplex. Introduces a single-strand break via transesterification at a target site in duplex DNA. The scissile phosphodiester is attacked by the catalytic tyrosine of the enzyme, resulting in the formation of a DNA-(5'-phosphotyrosyl)-enzyme intermediate and the expulsion of a 3'-OH DNA strand. The free DNA strand then undergoes passage around the unbroken strand, thus removing DNA supercoils. Finally, in the religation step, the DNA 3'-OH attacks the covalent intermediate to expel the active-site tyrosine and restore the DNA phosphodiester backbone",-
group_2000,"HTH_19,HTH_3",K,-,sequence-specific DNA binding,-
ssaA2,-,S,-,secretory antigen,-
group_2001,-,-,-,-,-
group_2002,Abi_C,S,-,Abortive infection C-terminus,-
group_2003,-,-,-,-,-
group_2004,AAA_23,D,-,nuclear chromosome segregation,-
group_2006,"Helicase_C,Mrr_cat,PLDc_2,ResIII",L,-,Type III restriction enzyme res subunit,-
group_2007,"DUF3427,Helicase_C,PLDc_2,ResIII",L,-,PLD-like domain,-
group_2008,Sigma70_r4,S,-,"Sigma-70, region 4",-
rpoD,"Sigma70_r1_1,Sigma70_r1_2,Sigma70_r2,Sigma70_r3,Sigma70_r4",K,sigA,Sigma factors are initiation factors that promote the attachment of RNA polymerase to specific initiation sites and are then released. This sigma factor is the primary sigma factor during exponential growth,-
group_676,Mrr_cat,-,-,-,-
group_678,Terminase_2,L,-,terminase small subunit,-
entA~~~entA_2~~~entA_1~~~entD_2~~~entA_3~~~entD~~~entD_1,-,S,-,"Staphylococcal/Streptococcal toxin, OB-fold domain",-
dapH_1~~~dapH_2,"Glyco_transf_4,Glycos_transf_1",M,-,Glycosyltransferase Family 4,-
group_3651,Asp23,S,asp23,Alkaline shock protein 23,-
group_3652,-,-,-,-,-
group_694,Glyoxalase_3,E,-,Glyoxalase-like domain,-
ecfT_1~~~ecfT_2,CbiQ,P,-,Cobalt transport protein,-
group_2009,-,S,-,Transposase domain (DUF772),-
group_3653,-,L,-,COG3666 Transposase and inactivated derivatives,-
cypX,p450,Q,cypX,Cytochrome P450,"GO:0003674,GO:0003824,GO:0004497,GO:0005488,GO:0005506,GO:0006629,GO:0008150,GO:0008152,GO:0008202,GO:0016125,GO:0016491,GO:0016705,GO:0016713,GO:0020037,GO:0042440,GO:0043167,GO:0043169,GO:0044238,GO:0046148,GO:0046872,GO:0046906,GO:0046914,GO:0048037,GO:0055114,GO:0071704,GO:0097159,GO:1901360,GO:1901363,GO:1901615"
group_3654,CDPS,S,yvmC,"Involved in the biosynthesis of pulcherrimin, a red extracellular pigment. It uses activated amino acids in the form of aminoacyl-tRNAs (aa-tRNAs) as substrates to catalyze the ATP- independent formation of cyclodipeptides which are intermediates in diketopiperazine (DKP) biosynthetic pathways. Catalyzes the formation of cyclo(L-Leu-L-Leu) (cLL) from L-leucyl-tRNA(Leu). Can also incorporate various nonpolar residues, such as L- phenylalanine, L-leucine and methionine, into cyclodipeptides","GO:0003674,GO:0003824,GO:0008150,GO:0008152,GO:0016740,GO:0016746,GO:0016755,GO:0042440,GO:0046148,GO:0140096"
recF_2,AAA_15,L,-,RecF RecN SMC N-terminal domain protein,-
group_2010,AAA_15,L,-,AAA ATPase domain,-
pcrA_1,"UvrD-helicase,UvrD_C",L,-,UvrD-like helicase C-terminal domain,-
nisP,Peptidase_S8,O,-,Subtilase family,-
splC,-,E,-,Belongs to the peptidase S1B family,-
group_3656,Methylase_S,V,-,Type I restriction modification DNA specificity domain protein,-
group_2869,-,-,-,-,-
group_3050,"CAP,CAP_assoc_N",S,-,protein with SCP PR1 domains,-
group_2011,YqcI_YcgG,S,-,YqcI/YcgG family,-
group_2620,Cad,P,cadD,Cadmium resistance transporter,-
group_3657,MAP,S,-,MAP domain,-
group_1502,"3-dmu-9_3-mt,Glyoxalase",S,phnB2,3-demethylubiquinone-9 3-methyltransferase,-
capD~~~capD_2,G_glu_transpept,E,-,Gamma-glutamyltranspeptidase,-
lacE_2,"PTS_EIIC,PTS_IIB",G,lacE,"PTS system, lactose-specific",-
lacE_3,"PTS_EIIC,PTS_IIB",G,lacE,"PTS system, lactose-specific",-
group_211,DUF1304,S,-,Protein of unknown function (DUF1304),-
group_1376,-,EGP,-,Uncharacterised MFS-type transporter YbfB,-
group_3658,Methylase_S,V,-,Type I restriction modification DNA specificity domain,-
group_679,"FtsX,MacB_PCD",V,yxeA,ABC transporter (permease),-
group_1261,-,-,-,-,-
group_1559,RecT,L,-,RecT protein,-
group_875,DDE_Tnp_IS240,L,-,COG3316 Transposase and inactivated derivatives,-
cdnE_2~~~cdnE_1~~~cdnE,NTP_transf_2,J,-,Nucleotidyltransferase domain,-
clpC_2,"AAA,AAA_2,ClpB_D2-small",O,-,"ATP-dependent Clp protease, ATP-binding subunit ClpC",-
group_3659,"AAA,AAA_2,ClpB_D2-small",O,-,"ATP-dependent Clp protease, ATP-binding subunit ClpC",-
group_3660,-,-,-,-,-
group_3662,-,-,-,-,-
group_3663,-,-,-,-,-
group_760,-,-,-,-,-
group_2023,-,S,-,Pfam:DUF950,-
group_57,-,-,-,-,-
group_3665,TpcC,S,yddB,Conjugative transposon protein TcpC,-
group_3666,N6_Mtase,V,-,"COG1002 Type II restriction enzyme, methylase subunits",-
group_3667,"DEAD,Helicase_C,ResIII",KL,-,DEAD-like helicases superfamily,-
group_3668,T5orf172,P,yeeC,T5orf172,-
group_2831,DUF927,L,-,Domain of unknown function (DUF927),-
group_1398,Transcrip_reg,K,yeeN,transcriptional regulatory protein,"GO:0005575,GO:0005622,GO:0005623,GO:0005737,GO:0005829,GO:0044424,GO:0044444,GO:0044464"
moaD,ThiS,H,moaD,Involved in sulfur transfer in the conversion of molybdopterin precursor Z to molybdopterin,-
group_3673,SIR2_2,K,-,SIR2-like domain,-
group_3670,SIR2_2,K,-,SIR2-like domain,-
group_3671,"Helicase_C,Mrr_cat_2,N6_Mtase,ResIII",L,-,Restriction endonuclease,-
group_3672,"Helicase_C,Mrr_cat_2,N6_Mtase,ResIII",L,-,Restriction endonuclease,-
group_2024,Methylase_S,V,-,type i restriction,-
group_3674,-,S,-,Pfam PF07901,-
group_1404,Esterase,P,yjcH,Esterase,-
group_2103,-,-,-,-,-
group_327,DUF915,S,-,Alpha/beta hydrolase of unknown function (DUF915),-
feuC,FecCD,P,fhuG,Belongs to the binding-protein-dependent transport system permease family. FecCD subfamily,-
group_2170,YozE_SAM_like,S,-,Belongs to the UPF0346 family,-
group_1044,DUF72,S,yunF,Protein of unknown function DUF72,-
lysS,"tRNA-synt_2,tRNA_anti-codon",J,lysS,Belongs to the class-II aminoacyl-tRNA synthetase family,-
group_130,"ApbA,ApbA_C",H,-,Catalyzes the NADPH-dependent reduction of ketopantoate into pantoic acid,-
group_2026,-,S,-,Rhabdovirus spike glycoprotein,-
group_1422,-,S,-,"Staphylococcal/Streptococcal toxin, beta-grasp domain",-
tcaR_1~~~tcaR_2~~~tcaR,"HTH_27,MarR,MarR_2",K,tcaR,transcriptional,-
mdtH~~~sotB,MFS_1,EGP,yttB,of the major facilitator superfamily,-
group_117,T4SS_CagC,S,-,"Cag pathogenicity island, type IV secretory system",-
group_128,-,-,-,-,-
group_2077,"Gram_pos_anchor,He_PIG,YSIRK_signal",O,bhp,PFAM glycoside hydrolase family 39,-
group_2028,DUF1413,S,-,Domain of unknown function (DUF1413),-
group_1562,"HTH_21,rve",L,-,Integrase core domain,-
group_1563,"HTH_28,HTH_Tnp_1",L,-,Helix-turn-helix domain,-
group_3677,Rep_1,L,-,Replication protein,-
group_2029,Hydrolase_3,S,-,haloacid dehalogenase-like hydrolase,-
group_390,DUF3169,S,-,Protein of unknown function (DUF3169),-
asp2_1,Asp2,S,asp2,Accessory Sec system GspB-transporter,-
mhqA_2~~~mhqA_1~~~mhqA_3~~~mhqA_4,Glyoxalase,E,mhqA_1,Glyoxalase/Bleomycin resistance protein/Dioxygenase superfamily,-
group_2030,-,S,-,peptidase activity,"GO:0005575,GO:0019012,GO:0019028,GO:0032991,GO:0044423,GO:0046806"
ktrB_2,TrkH,P,ktrB,"Potassium uptake protein, integral membrane component, KtrB",-
group_137,-,-,-,-,-
group_3678,HTH_26,K,-,Cro/C1-type HTH DNA-binding domain,-
group_3009,-,-,-,-,-
group_241,-,-,-,-,-
group_468,-,-,-,-,-
group_2032,-,-,-,-,-
group_2033,-,-,-,-,-
group_2079,"AAA_11,AAA_12,AlbA_2,PHP",Q,-,PHP domain protein,-
group_2034,-,-,-,-,-
secE,SecE,U,secE,Essential subunit of the Sec protein translocation channel SecYEG. Clamps together the 2 halves of SecY. May contact the channel plug during translocation,-
group_3681,HTH_3,K,-,Helix-turn-helix XRE-family like proteins,-
group_3682,"DUF739,HTH_26,HTH_3",K,-,Transcriptional regulator,-
comFA~~~comFA_2~~~comFA_1,"DEAD,Helicase_C,ResIII",L,comFA,COG4098 Superfamily II DNA RNA helicase required for DNA uptake (late competence protein),"GO:0003674,GO:0003678,GO:0003824,GO:0004003,GO:0004386,GO:0006139,GO:0006259,GO:0006260,GO:0006261,GO:0006268,GO:0006270,GO:0006281,GO:0006302,GO:0006310,GO:0006725,GO:0006807,GO:0006950,GO:0006974,GO:0006996,GO:0008026,GO:0008094,GO:0008150,GO:0008152,GO:0009058,GO:0009059,GO:0009987,GO:0016043,GO:0016462,GO:0016787,GO:0016817,GO:0016818,GO:0016887,GO:0017111,GO:0032392,GO:0032508,GO:0033554,GO:0034641,GO:0034645,GO:0042623,GO:0043138,GO:0043140,GO:0043170,GO:0044237,GO:0044238,GO:0044249,GO:0044260,GO:0046483,GO:0050896,GO:0051276,GO:0051716,GO:0070035,GO:0071103,GO:0071704,GO:0071840,GO:0090304,GO:0140097,GO:1901360,GO:1901576"
purN,Formyl_trans_N,F,purN,"Catalyzes the transfer of a formyl group from 10- formyltetrahydrofolate to 5-phospho-ribosyl-glycinamide (GAR), producing 5-phospho-ribosyl-N-formylglycinamide (FGAR) and tetrahydrofolate",-
desR~~~desR_1~~~desR_2,"GerE,Response_reg",K,desR,response regulator,-
group_2036,DUF4238,S,-,Protein of unknown function (DUF4238),-
group_1022,DUF5081,S,-,Domain of unknown function (DUF5081),-
yycI,YycI,S,yycI,protein conserved in bacteria,-
group_1370,-,-,-,-,-
group_3076,OsmC,O,ymaD3,"redox protein, regulator of disulfide bond formation",-
spa_1~~~spa~~~spa_2,"B,Gram_pos_anchor,LysM,YSIRK_signal",M,-,LysM domain,"GO:0008150,GO:0009405,GO:0044419,GO:0051704"
group_729,-,-,-,-,-
yedJ_2,HD,S,-,Metal dependent phosphohydrolases with conserved 'HD' motif.,-
cls_3,"PLDc_2,PLDc_N",I,cls,Catalyzes the reversible phosphatidyl group transfer from one phosphatidylglycerol molecule to another to form cardiolipin (CL) (diphosphatidylglycerol) and glycerol,-
group_2037,Trns_repr_metal,S,-,protein conserved in bacteria,-
group_2038,HMA,-,-,-,-
group_2039,-,-,-,-,-
group_3683,Methylase_S,V,-,Type I restriction modification DNA specificity domain,-
group_2040,"Sigma70_r2,Sigma70_r4_2",K,sigH,Belongs to the sigma-70 factor family,-
group_2041,DUF4467,S,-,Domain of unknown function with cystatin-like fold (DUF4467),-
group_803,-,-,-,-,-
group_802,-,S,yddG,maturation of SSU-rRNA,-
yjbM,RelA_SpoT,S,yjbM,GTP pyrophosphokinase,"GO:0003674,GO:0003824,GO:0005575,GO:0005618,GO:0005623,GO:0005886,GO:0006139,GO:0006163,GO:0006725,GO:0006753,GO:0006793,GO:0006796,GO:0006807,GO:0006950,GO:0008150,GO:0008152,GO:0008728,GO:0008893,GO:0009116,GO:0009117,GO:0009119,GO:0009150,GO:0009259,GO:0009605,GO:0009987,GO:0009991,GO:0015969,GO:0016020,GO:0016740,GO:0016772,GO:0016778,GO:0016787,GO:0016788,GO:0016794,GO:0019637,GO:0019693,GO:0030312,GO:0031667,GO:0033865,GO:0033875,GO:0034032,GO:0034035,GO:0034641,GO:0042278,GO:0042578,GO:0042594,GO:0044237,GO:0044238,GO:0044281,GO:0044464,GO:0046128,GO:0046483,GO:0050896,GO:0055086,GO:0071704,GO:0071944,GO:0072521,GO:1901068,GO:1901135,GO:1901360,GO:1901564,GO:1901657"
group_3688,"DUF1983,DUF3672,Phage-tail_3",S,-,"Phage-related protein, tail component",-
group_3689,Lambda_tail_I,S,JD73_18920,Bacteriophage lambda tail assembly protein I,-
group_3690,Phage_tail_L,S,JD73_18910,Phage minor tail protein L,-
group_3691,"TMP_2,Tape_meas_lam_C",D,-,Escherichia coli O157 H7 ortholog z2140,-
group_3692,Phage_TAC_2,S,-,tail component of prophage,-
group_3693,"Big_2,Phage_TTP_12",N,GJ12_03320,"Lambda phage tail tube protein, TTP",-
group_3694,Phage_tail_U,S,-,Phage minor tail protein U,-
group_3695,Minor_tail_Z,S,JD73_18875,tail protein,-
group_3696,Phage_attach,S,-,Head-Tail,-
group_3697,Packaging_FI,S,fI_3,DNA packaging protein FI,-
group_3698,Phage_cap_E,S,-,capsid protein,-
group_3699,-,OU,-,Peptidase family S49,-
group_3700,Phage_portal_2,S,JD73_18735,"Phage portal protein, lambda family",-
group_3701,gpW,S,W,gpW,-
group_3702,-,S,-,Phage terminase large subunit (GpA),"GO:0005575,GO:0008150,GO:0016032,GO:0018995,GO:0019058,GO:0019068,GO:0019072,GO:0019073,GO:0030430,GO:0032991,GO:0033643,GO:0033646,GO:0043493,GO:0043656,GO:0043657,GO:0044215,GO:0044216,GO:0044217,GO:0044403,GO:0044419,GO:0051704,GO:0098009,GO:1902494,GO:1904949"
group_3711,Lambda_Bor,S,-,Bor protein,-
group_3712,-,S,-,Necessary for host cell lysis. It is believed to code for an endopeptidase that cleaves the amino-carboxyl cross-link between the diaminopimelic acid and D-alanine residues in the murein component of the bacterial cell wall (By similarity),-
group_3713,Phage_lysozyme,G,-,Phage lysozyme,-
group_3714,Phage_holin_3_1,S,-,Phage holin family (Lysis protein S),-
group_3715,-,S,-,unfolded protein binding,-
pphA,-,S,-,hydrolase activity,-
group_3716,Phage_NinH,S,-,Phage NinH protein,-
group_3717,-,S,-,Bacteriophage Lambda NinG protein,-
group_3703,-,S,-,Phosphoadenosine phosphosulfate reductase family,-
group_3704,-,S,-,NinB protein,-
group_3705,-,-,-,-,-
group_3706,Phage_lambda_P,S,-,Replication protein P,-
group_3707,Phage_rep_O,S,-,Bacteriophage replication protein O,-
group_3708,-,S,-,Bacteriophage CII protein,-
group_3709,Cro,S,-,Cro,-
lexA_3,"HTH_3,Peptidase_S24",K,cI,"Represses a number of genes involved in the response to DNA damage (SOS response), including recA and lexA. In the presence of single-stranded DNA, RecA interacts with LexA causing an autocatalytic cleavage which disrupts the DNA-binding part of LexA, leading to derepression of the SOS regulon and eventually DNA repair",-
group_3718,Lambda_CIII,S,-,Lambda Phage CIII,-
group_3719,Gam,S,gam,Host-nuclease inhibitor protein Gam,-
group_3720,RecT,L,bet,Recombination protein BET,-
group_3721,YqaJ,L,exo,Exonuclease,-
group_3722,-,S,-,Protein of unknown function (DUF1382),-
group_3723,Ead_Ea22,D,-,Ead/Ea22-like protein,-
group_3724,-,-,-,-,-
group_3725,-,S,-,Phage integrase family,"GO:0006139,GO:0006259,GO:0006725,GO:0006807,GO:0008150,GO:0008152,GO:0009987,GO:0015074,GO:0034641,GO:0043170,GO:0044237,GO:0044238,GO:0044260,GO:0046483,GO:0071704,GO:0090304,GO:1901360"
tfaE,-,S,-,Caudovirales tail fibre assembly protein,-
group_3726,-,S,-,Prophage tail fibre N-terminal,-
group_3727,"Collar,DUF3751,Phage_fiber,Phage_fiber_2,phage_tail_N",M,-,structural molecule activity,-
group_3728,SieB,S,-,Super-infection exclusion protein B,-
group_3729,N36,S,n,36-mer N-terminal peptide of the N protein (N36),-
group_3730,"DUF3427,Helicase_C,PLDc_2,ResIII",L,-,helicase,-
group_126,DUF1413,S,-,Domain of unknown function (DUF1413),-
group_1592,-,S,-,Phage Conserved Open Reading Frame 51,-
group_3732,"Glycos_transf_2,Glyphos_transf",M,-,teichoic acid biosynthesis,-
group_727,"DUF1958,PBP5_C,Peptidase_S11",M,-,Belongs to the peptidase S11 family,-
bagdpd,GDPD,C,-,glycerophosphoryl diester phosphodiesterase,-
group_3733,-,S,-,PVL ORF-50-like family,-
group_3734,-,S,-,AAA domain,-
indB_1~~~indB_2~~~indB~~~ppaX~~~gph,HAD_2,S,-,haloacid dehalogenase-like hydrolase,-
scn_1~~~scn_3,-,S,-,Staphylococcal complement inhibitor SCIN,-
group_2043,-,-,-,-,-
group_3736,TauD,C,-,"Taurine catabolism dioxygenase TauD, TfdA family",-
asnO,TauD,Q,-,clavaminate synthase activity,-
group_3737,TauD,Q,-,clavaminate synthase activity,-
yfcA_2,TauE,S,yfcA,membrane transporter protein,-
yfcA_3,TauE,S,yfcA,membrane transporter protein,-
group_3739,DDE_Tnp_IS240,L,-,COG3316 Transposase and inactivated derivatives,-
group_3740,SAUGI,S,-,Pfam:DUF950,-
group_3741,-,-,-,-,-
group_3742,HTH_Tnp_1,L,-,Transposase,-
group_3743,"HTH_21,rve,rve_2",L,-,Integrase core domain protein,-
group_3744,DUF1002,S,ypuA,Protein of unknown function (DUF1002),-
group_116,GrpB,S,-,GrpB protein,-
group_2044,"BPL_LplA_LipB,Lip_prot_lig_C",H,lplA,Bacterial lipoate protein ligase C-terminus,-
group_2046,-,-,-,-,-
group_2047,Relaxase,U,-,Relaxase/Mobilisation nuclease domain,-
group_515,"Gram_pos_anchor,Rib,YSIRK_signal",K,-,Rib/alpha-like repeat,-
group_699,-,-,-,-,-
group_408,SGL,G,drp35,Exhibits lactonase activity. Acts in cells with perturbed membrane integrity and is possibly related to the membrane homeostasis (By similarity),"GO:0005575,GO:0005576"
group_2048,Cyt_bd_oxida_II,C,cydB,cytochrome D ubiquinol oxidase subunit II,-
group_3745,DDE_Tnp_IS240,L,-,Transposase IS66 family,-
mnhD1_1~~~mnhD1_2~~~mrpD~~~mnhC1_1~~~mrpC,Proton_antipo_M,CP,mnhD2,subunit D,-
group_3747,-,L,-,Helix-turn-helix domain,-
fdhD,FdhD-NarQ,C,fdhD,Required for formate dehydrogenase (FDH) activity. Acts as a sulfur carrier protein that transfers sulfur from IscS to the molybdenum cofactor prior to its insertion into FDH,-
group_2320,PemK_toxin,T,-,"PemK-like, MazF-like toxin of type II toxin-antitoxin system",-
group_3804,Relaxase,U,-,Relaxase/Mobilisation nuclease domain,-
group_1399,Cupin_5,S,-,Cupin superfamily (DUF985),-
group_2050,"HTH_19,HTH_3,HTH_31",K,-,sequence-specific DNA binding,-
group_314,Fructosamin_kin,G,-,Fructosamine kinase,-
group_919,-,S,-,peptidoglycan catabolic process,-
group_800,Coagulase,S,-,Staphylococcus aureus coagulase,-
group_3748,-,M,-,protein which possibly mediates interactions of S.aureus with components of the extracellular matrix of higher eukaryotes,-
group_3103,-,-,-,-,-
yfcA,TauE,S,yfcA,membrane transporter protein,-
group_2052,Peptidase_M78,E,-,Pfam:DUF955,-
group_2053,Methylase_S,V,-,Type I restriction modification DNA specificity domain protein,-
group_1214,-,S,-,Domain of unknown function (DUF2479),-
group_791,-,S,-,"Phage portal protein, SPP1 Gp6-like","GO:0005575,GO:0019012,GO:0019028,GO:0032991,GO:0044423,GO:0046729,GO:0046798"
group_1366,HTH_3,K,-,Helix-turn-helix XRE-family like proteins,-
pheA,"ACT,PDT",E,pheA,Prephenate dehydratase,-
group_1458,-,-,-,-,-
group_1586,-,S,-,calcium ion binding,-
tagG_2,ABC2_membrane,GM,-,ABC-2 type transporter,-
group_3751,-,-,-,-,-
group_3750,MobC,S,mobC,Bacterial mobilisation protein (MobC),-
pnbA~~~pnbA_1~~~pnbA_2,COesterase,I,pnbA,Belongs to the type-B carboxylesterase lipase family,-
bsaA_1~~~bsaA_2,GSHPx,C,gpo,Glutathione peroxidase,-
luxS,LuxS,H,luxS,"Involved in the synthesis of autoinducer 2 (AI-2) which is secreted by bacteria and is used to communicate both the cell density and the metabolic potential of the environment. The regulation of gene expression in response to changes in cell density is called quorum sensing. Catalyzes the transformation of S-ribosylhomocysteine (RHC) to homocysteine (HC) and 4,5- dihydroxy-2,3-pentadione (DPD)","GO:0008150,GO:0043900,GO:0043901,GO:0048519,GO:0048523,GO:0050789,GO:0050794,GO:0065007,GO:1900190,GO:1900191,GO:1900231,GO:1900232"
group_440,-,-,-,-,-
group_3056,DUF2129,S,ylbG,Uncharacterized protein conserved in bacteria (DUF2129),-
alr1_1~~~lysA~~~alr1_3~~~alr1_2~~~lysA_2~~~lysA_1,"Orn_Arg_deC_N,Orn_DAP_Arg_deC",E,lysA,Specifically catalyzes the decarboxylation of meso- diaminopimelate (meso-DAP) to L-lysine,-
group_3079,HTH_3,K,-,Helix-turn-helix XRE-family like proteins,-
group_1640,"Fer2_4,Fer4,Molybdop_Fe4S4,Molybdopterin,Molydop_binding,NADH-G_4Fe-4S_3",C,yjgC,formate dehydrogenase (NAD+) activity,"GO:0003674,GO:0003824,GO:0003954,GO:0005488,GO:0008150,GO:0008152,GO:0016491,GO:0016651,GO:0048037,GO:0051536,GO:0051540,GO:0055114"
ail,"Ail_Lom,OMP_b-brl",M,-,Membrane,-
group_3710,-,S,-,Pfam:NinD,-
group_3753,Ral,S,-,Antirestriction protein Ral,-
group_3752,DUF2528,S,ea10,Protein of unknown function (DUF2528),-
group_1525,Lactamase_B_2,S,-,COG1235 Metal-dependent hydrolases of the beta-lactamase superfamily I,-
essG_8~~~essG_7~~~essG_9~~~essG_2~~~essG_3~~~essG_6~~~essG_4~~~essG_1~~~essG_5~~~essG_11~~~essG_10~~~essG_13~~~essG,-,S,-,"Protein of unknown function, DUF600",-
group_3754,DDE_Tnp_IS240,L,-,COG3316 Transposase and inactivated derivatives,-
group_3755,"CHAP,Glucosaminidase,SH3_3,SLH",G,-,Mannosyl-glycoprotein endo-beta-N-acetylglucosaminidase,-
group_2055,-,S,-,Domain of unknown function (DUF2479),-
group_2056,-,-,-,-,-
group_2057,-,S,-,Domain of unknown function (DUF2479),-
group_2058,Prophage_tail,S,-,Prophage endopeptidase tail,-
group_2059,Sipho_tail,S,-,Phage tail protein,-
group_2060,-,S,-,peptidoglycan catabolic process,"GO:0008150,GO:0016032,GO:0019058,GO:0019068,GO:0044403,GO:0044419,GO:0051704,GO:0098003"
group_2061,-,-,-,-,-
group_2062,Phage_TAC_12,S,-,"Phage tail assembly chaperone protein, TAC",-
group_2064,-,-,-,-,-
group_2065,HK97-gp10_like,S,-,"Bacteriophage HK97-gp10, putative tail-component",-
group_2066,-,-,-,-,-
group_2067,-,S,-,Phage gp6-like head-tail connector protein,-
group_2068,-,S,-,peptidase activity,"GO:0003674,GO:0003824,GO:0005575,GO:0006508,GO:0006807,GO:0008150,GO:0008152,GO:0008233,GO:0016787,GO:0019012,GO:0019538,GO:0043170,GO:0044238,GO:0071704,GO:0140096,GO:1901564"
group_705,-,S,-,Phage Mu protein F like protein,"GO:0005575,GO:0019012,GO:0019028,GO:0044423,GO:0046729"
group_59,-,S,-,YopX protein,-
group_1581,Ham1p_like,F,rdgB,"Pyrophosphatase that catalyzes the hydrolysis of nucleoside triphosphates to their monophosphate derivatives, with a high preference for the non-canonical purine nucleotides XTP (xanthosine triphosphate), dITP (deoxyinosine triphosphate) and ITP. Seems to function as a house-cleaning enzyme that removes non-canonical purine nucleotides from the nucleotide pool, thus preventing their incorporation into DNA RNA and avoiding chromosomal lesions","GO:0003674,GO:0003824,GO:0005575,GO:0005622,GO:0005623,GO:0005737,GO:0005829,GO:0006139,GO:0006725,GO:0006753,GO:0006793,GO:0006796,GO:0006807,GO:0008150,GO:0008152,GO:0009056,GO:0009058,GO:0009141,GO:0009143,GO:0009987,GO:0016462,GO:0016787,GO:0016817,GO:0016818,GO:0018130,GO:0019438,GO:0019439,GO:0019637,GO:0034404,GO:0034641,GO:0034654,GO:0034655,GO:0044237,GO:0044238,GO:0044248,GO:0044249,GO:0044270,GO:0044271,GO:0044281,GO:0044283,GO:0044424,GO:0044444,GO:0044464,GO:0046434,GO:0046483,GO:0046700,GO:0047429,GO:0055086,GO:0071704,GO:1901292,GO:1901360,GO:1901361,GO:1901362,GO:1901575,GO:1901576"
group_3756,-,L,-,COG3666 Transposase and inactivated derivatives,-
group_469,-,-,-,-,-
group_2069,-,S,-,Pfam PF07901,-
menH_1,"Abhydrolase_1,Abhydrolase_6",I,pcaD,Alpha/beta hydrolase family,-
group_154,"Cass2,GyrI-like",K,-,GyrI-like small molecule binding domain,-
group_3757,-,P,-,Belongs to the ABC transporter superfamily,-
group_2078,MobC,S,mobC,Bacterial mobilisation protein (MobC),-
asp3,Asp2,S,asp2,Accessory Sec system GspB-transporter,-
group_799,"Ntox50,Phage_Mu_F",S,-,"head morphogenesis protein, SPP1 gp7 family",-
dltD,DltD,M,dltD,COG3966 Protein involved in D-alanine esterification of lipoteichoic acid and wall teichoic acid (D-alanine transfer protein),-
hrtA_1~~~yxdL_2,ABC_tran,V,lolD,"ABC transporter, ATP-binding protein",-
group_3760,UvrD-helicase,L,-,UvrD/REP helicase N-terminal domain,-
group_3761,AAA_15,L,-,ATP-dependent endonuclease of the OLD family,-
group_3762,Methylase_S,V,-,Type I restriction modification DNA specificity domain protein,-
group_1300,"5_nucleotid_C,Gram_pos_anchor,Metallophos",F,-,"COG0737 5'-nucleotidase 2',3'-cyclic phosphodiesterase and related esterases",-
group_3763,-,-,-,-,-
group_3764,AAA_2,O,-,ATPase family associated with various cellular activities (AAA),-
group_3765,N6_Mtase,V,yeeA,"Type II restriction enzyme, methylase subunits",-
fabG3,adh_short_C2,IQ,fabG3,Enoyl-(Acyl carrier protein) reductase,-
hin_1~~~hin_2~~~hin,"Ogr_Delta,Recombinase,Resolvase,Zn_ribbon_recom",L,-,Recombinase,-
group_1632,-,S,-,magnesium ion binding,-
group_1613,DUF3310,S,-,Protein of unknwon function (DUF3310),-
repD~~~repD_1,Rep_trans,L,-,Replication initiation factor,-
group_3770,Relaxase,D,-,Relaxase/Mobilisation nuclease domain,-
cof,Hydrolase_3,S,-,haloacid dehalogenase-like hydrolase,-
group_1101,-,-,-,-,-
rnpA,Ribonuclease_P,J,rnpA,RNaseP catalyzes the removal of the 5'-leader sequence from pre-tRNA to produce the mature 5'-terminus. It can also cleave other RNA substrates such as 4.5S RNA. The protein component plays an auxiliary but essential role in vivo by binding to the 5'-leader sequence and broadening the substrate specificity of the ribozyme,"GO:0003674,GO:0003676,GO:0003723,GO:0003824,GO:0004518,GO:0004519,GO:0004521,GO:0004526,GO:0004540,GO:0004549,GO:0005488,GO:0005575,GO:0006139,GO:0006396,GO:0006399,GO:0006725,GO:0006807,GO:0008033,GO:0008150,GO:0008152,GO:0009987,GO:0010467,GO:0016070,GO:0016787,GO:0016788,GO:0016891,GO:0016893,GO:0030677,GO:0031123,GO:0031404,GO:0032991,GO:0033204,GO:0034414,GO:0034470,GO:0034641,GO:0034660,GO:0042301,GO:0042779,GO:0042780,GO:0042781,GO:0043167,GO:0043168,GO:0043170,GO:0043199,GO:0043628,GO:0044237,GO:0044238,GO:0046483,GO:0071704,GO:0090304,GO:0090305,GO:0090501,GO:0090502,GO:0097159,GO:0140098,GO:0140101,GO:1901360,GO:1901363,GO:1901681,GO:1902494,GO:1902555,GO:1905267,GO:1905348,GO:1990904"
group_91,DUF3147,S,-,Protein of unknown function (DUF3147),-
group_2071,Methylase_S,V,-,Type I restriction modification DNA specificity domain protein,-
group_3768,Sua5_yciO_yrdC,J,-,Belongs to the SUA5 family,-
group_2072,HTH_3,K,-,Helix-turn-helix,-
group_3769,-,S,-,Domain of unknown function (DUF4041),-
group_2073,-,-,-,-,-
group_2075,PriCT_1,S,-,Primase C terminal 1 (PriCT-1),-
group_363,DUF4176,L,-,Domain of unknown function (DUF4176),-
